2025-06-24 07:56:29 +0000  Initial pipeline context: <IDEDistributionProcessingPipelineContext: 0x7fb5e244d5b0; archive(resolved)="<IDEArchive: 0x600023484070>", distributionTask(resolved)="2", distributionDestination(resolved)="1", distributionMethod(resolved)="<IDEDistributionMethodDevelopmentSigned: 0x600019f31e40>", team(resolved)="<IDEProvisioningDisambiguatableBasicTeam: 0x60000494fe40; teamID='LV3WK67YPG', teamName='Benjamin Okwama', teamType='Individual', username='bennjiokwama@hotmail.com', isFreeProvisioningTeam='0'>">
	Chain (15, self inclusive):
	<IDEDistributionProcessingPipelineContext: 0x7fb5e244d5b0; archive = "<IDEArchive: 0x600023484070>", distributionMethod="<IDEDistributionMethodDevelopmentSigned: 0x600019f31e40>", team="<IDEProvisioningDisambiguatableBasicTeam: 0x60000494fe40; teamID='LV3WK67YPG', teamName='Benjamin Okwama', teamType='Individual', username='bennjiokwama@hotmail.com', isFreeProvisioningTeam='0'>">
	<IDEDistributionProcessingPipelineContext: 0x7fb5f0421a70; archive = "<IDEArchive: 0x600023484070>", distributionMethod="<IDEDistributionMethodDevelopmentSigned: 0x600019f31e40>", team="<IDEProvisioningDisambiguatableBasicTeam: 0x60000494fe40; teamID='LV3WK67YPG', teamName='Benjamin Okwama', teamType='Individual', username='bennjiokwama@hotmail.com', isFreeProvisioningTeam='0'>">
	<IDEDistributionContext: 0x7fb5f13b8130; archive = "<IDEArchive: 0x600023484070>", distributionMethod="<IDEDistributionMethodDevelopmentSigned: 0x600019f31e40>", team="<IDEProvisioningDisambiguatableBasicTeam: 0x60000494fe40; teamID='LV3WK67YPG', teamName='Benjamin Okwama', teamType='Individual', username='bennjiokwama@hotmail.com', isFreeProvisioningTeam='0'>">
	<IDEDistributionContext: 0x7fb5c9b18e70; archive = "<IDEArchive: 0x600023484070>", distributionMethod="<IDEDistributionMethodDevelopmentSigned: 0x600019f31e40>", team="<IDEProvisioningDisambiguatableBasicTeam: 0x60000494fe40; teamID='LV3WK67YPG', teamName='Benjamin Okwama', teamType='Individual', username='bennjiokwama@hotmail.com', isFreeProvisioningTeam='0'>">
	<IDEDistributionContext: 0x7fb5f0f960b0; archive = "<IDEArchive: 0x600023484070>", distributionMethod="<IDEDistributionMethodDevelopmentSigned: 0x600019f31e40>", team="<IDEProvisioningDisambiguatableBasicTeam: 0x60000494fe40; teamID='LV3WK67YPG', teamName='Benjamin Okwama', teamType='Individual', username='bennjiokwama@hotmail.com', isFreeProvisioningTeam='0'>">
	<IDEDistributionContext: 0x7fb5ef9ecee0; archive = "<IDEArchive: 0x600023484070>", distributionMethod="<IDEDistributionMethodDevelopmentSigned: 0x600019f31e40>", team="<IDEProvisioningDisambiguatableBasicTeam: 0x60000494fe40; teamID='LV3WK67YPG', teamName='Benjamin Okwama', teamType='Individual', username='bennjiokwama@hotmail.com', isFreeProvisioningTeam='0'>">
	<IDEDistributionContext: 0x7fb5c9cc9790; archive = "<IDEArchive: 0x600023484070>", distributionMethod="<IDEDistributionMethodDevelopmentSigned: 0x600019f31e40>", team="<IDEProvisioningDisambiguatableBasicTeam: 0x60000494fe40; teamID='LV3WK67YPG', teamName='Benjamin Okwama', teamType='Individual', username='bennjiokwama@hotmail.com', isFreeProvisioningTeam='0'>">
	<IDEDistributionContext: 0x7fb5c9c90130; archive = "<IDEArchive: 0x600023484070>", distributionMethod="<IDEDistributionMethodDevelopmentSigned: 0x600019f31e40>", team="<IDEProvisioningDisambiguatableBasicTeam: 0x60000494fe40; teamID='LV3WK67YPG', teamName='Benjamin Okwama', teamType='Individual', username='bennjiokwama@hotmail.com', isFreeProvisioningTeam='0'>">
	<IDEDistributionContext: 0x7fb5c9c29350; archive = "<IDEArchive: 0x600023484070>", distributionMethod="<IDEDistributionMethodDevelopmentSigned: 0x600019f31e40>", team="<IDEProvisioningDisambiguatableBasicTeam: 0x60000494fe40; teamID='LV3WK67YPG', teamName='Benjamin Okwama', teamType='Individual', username='bennjiokwama@hotmail.com', isFreeProvisioningTeam='0'>">
	<IDEDistributionContext: 0x7fb5c9c057e0; archive = "<IDEArchive: 0x600023484070>", distributionMethod="<IDEDistributionMethodDevelopmentSigned: 0x600019f31e40>", team="(null)">
	<IDEDistributionContext: 0x7fb5c9ca6520; archive = "<IDEArchive: 0x600023484070>", distributionMethod="<IDEDistributionMethodDevelopmentSigned: 0x600019f31e40>", team="(null)">
	<IDEDistributionContext: 0x7fb5edef7dd0; archive = "<IDEArchive: 0x600023484070>", distributionMethod="<IDEDistributionMethodDevelopmentSigned: 0x600019f31e40>", team="(null)">
	<IDEDistributionContext: 0x7fb5f0e96410; archive = "<IDEArchive: 0x600023484070>", distributionMethod="<IDEDistributionMethodDevelopmentSigned: 0x600019f31e40>", team="(null)">
	<IDEDistributionContext: 0x7fb5c9cb6410; archive = "<IDEArchive: 0x600023484070>", distributionMethod="(null)", team="(null)">
	<IDEDistributionContext: 0x7fb5e0430310; archive = "<IDEArchive: 0x600023484070>", distributionMethod="(null)", team="(null)">
</IDEDistributionProcessingPipelineContext: 0x7fb5e244d5b0>
2025-06-24 07:56:29 +0000  Processing step: IDEDistributionCreateDestRootStep
2025-06-24 07:56:29 +0000  Processing step: IDEDistributionCopyItemStep
2025-06-24 07:56:29 +0000  Running /usr/bin/ditto '-V' '/Users/citlogistics/Library/Developer/Xcode/Archives/2025-06-24/Runner 24-06-2025, 10.53.xcarchive/Products/Applications/Runner.app' '/var/folders/fs/jyprtvb12cv490g4bbpmssyh0000gn/T/XcodeDistPipeline.~~~Eh3jHy/Root/Payload/Runner.app'
2025-06-24 07:56:29 +0000  >>> Copying /Users/citlogistics/Library/Developer/Xcode/Archives/2025-06-24/Runner 24-06-2025, 10.53.xcarchive/Products/Applications/Runner.app 
2025-06-24 07:56:29 +0000  copying file ./_CodeSignature/CodeResources ... 
2025-06-24 07:56:29 +0000  120590 bytes for ./_CodeSignature/CodeResources
2025-06-24 07:56:29 +0000  copying file ./permission_handler_apple_privacy.bundle/PrivacyInfo.xcprivacy ... 
2025-06-24 07:56:29 +0000  659 bytes for ./permission_handler_apple_privacy.bundle/PrivacyInfo.xcprivacy
2025-06-24 07:56:29 +0000  copying file ./permission_handler_apple_privacy.bundle/Info.plist ... 
2025-06-24 07:56:29 +0000  813 bytes for ./permission_handler_apple_privacy.bundle/Info.plist
2025-06-24 07:56:29 +0000  copying file ./AppIcon60x60@2x.png ... 
2025-06-24 07:56:29 +0000  8951 bytes for ./AppIcon60x60@2x.png
2025-06-24 07:56:29 +0000  copying file ./Runner ... 
2025-06-24 07:56:29 +0000  10816848 bytes for ./Runner
2025-06-24 07:56:29 +0000  copying file ./Base.lproj/Main.storyboardc/UIViewController-BYZ-38-t0r.nib ... 
2025-06-24 07:56:29 +0000  951 bytes for ./Base.lproj/Main.storyboardc/UIViewController-BYZ-38-t0r.nib
2025-06-24 07:56:29 +0000  copying file ./Base.lproj/Main.storyboardc/BYZ-38-t0r-view-8bC-Xf-vdC.nib ... 
2025-06-24 07:56:29 +0000  1835 bytes for ./Base.lproj/Main.storyboardc/BYZ-38-t0r-view-8bC-Xf-vdC.nib
2025-06-24 07:56:29 +0000  copying file ./Base.lproj/Main.storyboardc/Info.plist ... 
2025-06-24 07:56:29 +0000  258 bytes for ./Base.lproj/Main.storyboardc/Info.plist
2025-06-24 07:56:29 +0000  copying file ./Base.lproj/LaunchScreen.storyboardc/01J-lp-oVM-view-Ze5-6b-2t3.nib ... 
2025-06-24 07:56:29 +0000  2708 bytes for ./Base.lproj/LaunchScreen.storyboardc/01J-lp-oVM-view-Ze5-6b-2t3.nib
2025-06-24 07:56:29 +0000  copying file ./Base.lproj/LaunchScreen.storyboardc/UIViewController-01J-lp-oVM.nib ... 
2025-06-24 07:56:29 +0000  924 bytes for ./Base.lproj/LaunchScreen.storyboardc/UIViewController-01J-lp-oVM.nib
2025-06-24 07:56:29 +0000  copying file ./Base.lproj/LaunchScreen.storyboardc/Info.plist ... 
2025-06-24 07:56:29 +0000  258 bytes for ./Base.lproj/LaunchScreen.storyboardc/Info.plist
2025-06-24 07:56:29 +0000  copying file ./google_maps_flutter_ios_privacy.bundle/PrivacyInfo.xcprivacy ... 
2025-06-24 07:56:29 +0000  3868 bytes for ./google_maps_flutter_ios_privacy.bundle/PrivacyInfo.xcprivacy
2025-06-24 07:56:29 +0000  copying file ./google_maps_flutter_ios_privacy.bundle/Info.plist ... 
2025-06-24 07:56:29 +0000  812 bytes for ./google_maps_flutter_ios_privacy.bundle/Info.plist
2025-06-24 07:56:29 +0000  copying file ./Assets.car ... 
2025-06-24 07:56:29 +0000  2686575 bytes for ./Assets.car
2025-06-24 07:56:29 +0000  copying file ./AppFrameworkInfo.plist ... 
2025-06-24 07:56:29 +0000  377 bytes for ./AppFrameworkInfo.plist
2025-06-24 07:56:29 +0000  copying file ./AppIcon76x76@2x~ipad.png ... 
2025-06-24 07:56:29 +0000  13322 bytes for ./AppIcon76x76@2x~ipad.png
2025-06-24 07:56:29 +0000  copying file ./Frameworks/libswiftPhotos.dylib ... 
2025-06-24 07:56:29 +0000  74576 bytes for ./Frameworks/libswiftPhotos.dylib
2025-06-24 07:56:29 +0000  copying file ./Frameworks/libswiftCoreImage.dylib ... 
2025-06-24 07:56:29 +0000  73072 bytes for ./Frameworks/libswiftCoreImage.dylib
2025-06-24 07:56:29 +0000  copying file ./Frameworks/libswiftObjectiveC.dylib ... 
2025-06-24 07:56:29 +0000  89296 bytes for ./Frameworks/libswiftObjectiveC.dylib
2025-06-24 07:56:29 +0000  copying file ./Frameworks/image_picker_ios.framework/_CodeSignature/CodeResources ... 
2025-06-24 07:56:29 +0000  2368 bytes for ./Frameworks/image_picker_ios.framework/_CodeSignature/CodeResources
2025-06-24 07:56:29 +0000  copying file ./Frameworks/image_picker_ios.framework/image_picker_ios_privacy.bundle/PrivacyInfo.xcprivacy ... 
2025-06-24 07:56:29 +0000  373 bytes for ./Frameworks/image_picker_ios.framework/image_picker_ios_privacy.bundle/PrivacyInfo.xcprivacy
2025-06-24 07:56:29 +0000  copying file ./Frameworks/image_picker_ios.framework/image_picker_ios_privacy.bundle/Info.plist ... 
2025-06-24 07:56:29 +0000  798 bytes for ./Frameworks/image_picker_ios.framework/image_picker_ios_privacy.bundle/Info.plist
2025-06-24 07:56:29 +0000  copying file ./Frameworks/image_picker_ios.framework/image_picker_ios ... 
2025-06-24 07:56:29 +0000  200208 bytes for ./Frameworks/image_picker_ios.framework/image_picker_ios
2025-06-24 07:56:29 +0000  copying file ./Frameworks/image_picker_ios.framework/Info.plist ... 
2025-06-24 07:56:29 +0000  807 bytes for ./Frameworks/image_picker_ios.framework/Info.plist
2025-06-24 07:56:29 +0000  copying file ./Frameworks/libswiftCore.dylib ... 
2025-06-24 07:56:29 +0000  6084864 bytes for ./Frameworks/libswiftCore.dylib
2025-06-24 07:56:29 +0000  copying file ./Frameworks/libswiftCoreGraphics.dylib ... 
2025-06-24 07:56:29 +0000  204128 bytes for ./Frameworks/libswiftCoreGraphics.dylib
2025-06-24 07:56:29 +0000  copying file ./Frameworks/libswiftUIKit.dylib ... 
2025-06-24 07:56:29 +0000  165504 bytes for ./Frameworks/libswiftUIKit.dylib
2025-06-24 07:56:29 +0000  copying file ./Frameworks/libswiftMetal.dylib ... 
2025-06-24 07:56:29 +0000  84752 bytes for ./Frameworks/libswiftMetal.dylib
copying file ./Frameworks/libswiftCoreData.dylib ... 
2025-06-24 07:56:29 +0000  108816 bytes for ./Frameworks/libswiftCoreData.dylib
2025-06-24 07:56:29 +0000  copying file ./Frameworks/libswiftDispatch.dylib ... 
2025-06-24 07:56:29 +0000  346816 bytes for ./Frameworks/libswiftDispatch.dylib
2025-06-24 07:56:29 +0000  copying file ./Frameworks/geocoding_ios.framework/_CodeSignature/CodeResources ... 
2025-06-24 07:56:29 +0000  1798 bytes for ./Frameworks/geocoding_ios.framework/_CodeSignature/CodeResources
2025-06-24 07:56:29 +0000  copying file ./Frameworks/geocoding_ios.framework/geocoding_ios ... 
2025-06-24 07:56:29 +0000  98784 bytes for ./Frameworks/geocoding_ios.framework/geocoding_ios
2025-06-24 07:56:29 +0000  copying file ./Frameworks/geocoding_ios.framework/Info.plist ... 
2025-06-24 07:56:29 +0000  799 bytes for ./Frameworks/geocoding_ios.framework/Info.plist
2025-06-24 07:56:29 +0000  copying file ./Frameworks/libswiftos.dylib ... 
2025-06-24 07:56:29 +0000  86080 bytes for ./Frameworks/libswiftos.dylib
2025-06-24 07:56:29 +0000  copying file ./Frameworks/libswiftCoreFoundation.dylib ... 
2025-06-24 07:56:29 +0000  73200 bytes for ./Frameworks/libswiftCoreFoundation.dylib
2025-06-24 07:56:29 +0000  copying file ./Frameworks/Flutter.framework/_CodeSignature/CodeResources ... 
2025-06-24 07:56:29 +0000  6576 bytes for ./Frameworks/Flutter.framework/_CodeSignature/CodeResources
2025-06-24 07:56:29 +0000  copying file ./Frameworks/Flutter.framework/icudtl.dat ... 
2025-06-24 07:56:29 +0000  778864 bytes for ./Frameworks/Flutter.framework/icudtl.dat
2025-06-24 07:56:29 +0000  copying file ./Frameworks/Flutter.framework/Flutter ... 
2025-06-24 07:56:29 +0000  8659136 bytes for ./Frameworks/Flutter.framework/Flutter
2025-06-24 07:56:29 +0000  copying file ./Frameworks/Flutter.framework/Headers/FlutterEngine.h ... 
2025-06-24 07:56:29 +0000  20724 bytes for ./Frameworks/Flutter.framework/Headers/FlutterEngine.h
copying file ./Frameworks/Flutter.framework/Headers/FlutterChannels.h ... 
2025-06-24 07:56:29 +0000  18414 bytes for ./Frameworks/Flutter.framework/Headers/FlutterChannels.h
2025-06-24 07:56:29 +0000  copying file ./Frameworks/Flutter.framework/Headers/FlutterPlugin.h ... 
2025-06-24 07:56:29 +0000  16277 bytes for ./Frameworks/Flutter.framework/Headers/FlutterPlugin.h
2025-06-24 07:56:29 +0000  copying file ./Frameworks/Flutter.framework/Headers/FlutterAppDelegate.h ... 
2025-06-24 07:56:29 +0000  1271 bytes for ./Frameworks/Flutter.framework/Headers/FlutterAppDelegate.h
2025-06-24 07:56:29 +0000  copying file ./Frameworks/Flutter.framework/Headers/FlutterTexture.h ... 
2025-06-24 07:56:29 +0000  2263 bytes for ./Frameworks/Flutter.framework/Headers/FlutterTexture.h
2025-06-24 07:56:29 +0000  copying file ./Frameworks/Flutter.framework/Headers/FlutterEngineGroup.h ... 
2025-06-24 07:56:29 +0000  4755 bytes for ./Frameworks/Flutter.framework/Headers/FlutterEngineGroup.h
2025-06-24 07:56:29 +0000  copying file ./Frameworks/Flutter.framework/Headers/FlutterPlatformViews.h ... 
2025-06-24 07:56:29 +0000  1967 bytes for ./Frameworks/Flutter.framework/Headers/FlutterPlatformViews.h
2025-06-24 07:56:29 +0000  copying file ./Frameworks/Flutter.framework/Headers/FlutterHeadlessDartRunner.h ... 
2025-06-24 07:56:29 +0000  3927 bytes for ./Frameworks/Flutter.framework/Headers/FlutterHeadlessDartRunner.h
2025-06-24 07:56:29 +0000  copying file ./Frameworks/Flutter.framework/Headers/FlutterCodecs.h ... 
2025-06-24 07:56:29 +0000  15290 bytes for ./Frameworks/Flutter.framework/Headers/FlutterCodecs.h
2025-06-24 07:56:29 +0000  copying file ./Frameworks/Flutter.framework/Headers/Flutter.h ... 
2025-06-24 07:56:29 +0000  854 bytes for ./Frameworks/Flutter.framework/Headers/Flutter.h
2025-06-24 07:56:29 +0000  copying file ./Frameworks/Flutter.framework/Headers/FlutterViewController.h ... 
2025-06-24 07:56:29 +0000  10172 bytes for ./Frameworks/Flutter.framework/Headers/FlutterViewController.h
2025-06-24 07:56:29 +0000  copying file ./Frameworks/Flutter.framework/Headers/FlutterMacros.h ... 
2025-06-24 07:56:29 +0000  1823 bytes for ./Frameworks/Flutter.framework/Headers/FlutterMacros.h
2025-06-24 07:56:29 +0000  copying file ./Frameworks/Flutter.framework/Headers/FlutterDartProject.h ... 
2025-06-24 07:56:29 +0000  3914 bytes for ./Frameworks/Flutter.framework/Headers/FlutterDartProject.h
2025-06-24 07:56:29 +0000  copying file ./Frameworks/Flutter.framework/Headers/FlutterHourFormat.h ... 
2025-06-24 07:56:29 +0000  536 bytes for ./Frameworks/Flutter.framework/Headers/FlutterHourFormat.h
2025-06-24 07:56:29 +0000  copying file ./Frameworks/Flutter.framework/Headers/FlutterPluginAppLifeCycleDelegate.h ... 
2025-06-24 07:56:29 +0000  5318 bytes for ./Frameworks/Flutter.framework/Headers/FlutterPluginAppLifeCycleDelegate.h
2025-06-24 07:56:29 +0000  copying file ./Frameworks/Flutter.framework/Headers/FlutterBinaryMessenger.h ... 
2025-06-24 07:56:29 +0000  3761 bytes for ./Frameworks/Flutter.framework/Headers/FlutterBinaryMessenger.h
2025-06-24 07:56:29 +0000  copying file ./Frameworks/Flutter.framework/Headers/FlutterCallbackCache.h ... 
2025-06-24 07:56:29 +0000  1724 bytes for ./Frameworks/Flutter.framework/Headers/FlutterCallbackCache.h
2025-06-24 07:56:29 +0000  copying file ./Frameworks/Flutter.framework/PrivacyInfo.xcprivacy ... 
2025-06-24 07:56:29 +0000  845 bytes for ./Frameworks/Flutter.framework/PrivacyInfo.xcprivacy
2025-06-24 07:56:29 +0000  copying file ./Frameworks/Flutter.framework/Modules/module.modulemap ... 
2025-06-24 07:56:29 +0000  95 bytes for ./Frameworks/Flutter.framework/Modules/module.modulemap
2025-06-24 07:56:29 +0000  copying file ./Frameworks/Flutter.framework/Info.plist ... 
2025-06-24 07:56:29 +0000  1028 bytes for ./Frameworks/Flutter.framework/Info.plist
2025-06-24 07:56:29 +0000  copying file ./Frameworks/DKImagePickerController.framework/_CodeSignature/CodeResources ... 
2025-06-24 07:56:29 +0000  13064 bytes for ./Frameworks/DKImagePickerController.framework/_CodeSignature/CodeResources
2025-06-24 07:56:29 +0000  copying file ./Frameworks/DKImagePickerController.framework/DKImagePickerController.bundle/de.lproj/DKImagePickerController.strings ... 
2025-06-24 07:56:29 +0000  920 bytes for ./Frameworks/DKImagePickerController.framework/DKImagePickerController.bundle/de.lproj/DKImagePickerController.strings
2025-06-24 07:56:29 +0000  copying file ./Frameworks/DKImagePickerController.framework/DKImagePickerController.bundle/ur.lproj/DKImagePickerController.strings ... 
2025-06-24 07:56:29 +0000  1114 bytes for ./Frameworks/DKImagePickerController.framework/DKImagePickerController.bundle/ur.lproj/DKImagePickerController.strings
2025-06-24 07:56:29 +0000  copying file ./Frameworks/DKImagePickerController.framework/DKImagePickerController.bundle/ar.lproj/DKImagePickerController.strings ... 
2025-06-24 07:56:29 +0000  1018 bytes for ./Frameworks/DKImagePickerController.framework/DKImagePickerController.bundle/ar.lproj/DKImagePickerController.strings
2025-06-24 07:56:29 +0000  copying file ./Frameworks/DKImagePickerController.framework/DKImagePickerController.bundle/zh-Hans.lproj/DKImagePickerController.strings ... 
2025-06-24 07:56:29 +0000  782 bytes for ./Frameworks/DKImagePickerController.framework/DKImagePickerController.bundle/zh-Hans.lproj/DKImagePickerController.strings
2025-06-24 07:56:29 +0000  copying file ./Frameworks/DKImagePickerController.framework/DKImagePickerController.bundle/ja.lproj/DKImagePickerController.strings ... 
2025-06-24 07:56:29 +0000  967 bytes for ./Frameworks/DKImagePickerController.framework/DKImagePickerController.bundle/ja.lproj/DKImagePickerController.strings
2025-06-24 07:56:29 +0000  copying file ./Frameworks/DKImagePickerController.framework/DKImagePickerController.bundle/en.lproj/DKImagePickerController.strings ... 
2025-06-24 07:56:29 +0000  865 bytes for ./Frameworks/DKImagePickerController.framework/DKImagePickerController.bundle/en.lproj/DKImagePickerController.strings
2025-06-24 07:56:29 +0000  copying file ./Frameworks/DKImagePickerController.framework/DKImagePickerController.bundle/nb-NO.lproj/DKImagePickerController.strings ... 
2025-06-24 07:56:29 +0000  844 bytes for ./Frameworks/DKImagePickerController.framework/DKImagePickerController.bundle/nb-NO.lproj/DKImagePickerController.strings
2025-06-24 07:56:29 +0000  copying file ./Frameworks/DKImagePickerController.framework/DKImagePickerController.bundle/es.lproj/DKImagePickerController.strings ... 
2025-06-24 07:56:29 +0000  886 bytes for ./Frameworks/DKImagePickerController.framework/DKImagePickerController.bundle/es.lproj/DKImagePickerController.strings
2025-06-24 07:56:29 +0000  copying file ./Frameworks/DKImagePickerController.framework/DKImagePickerController.bundle/pt_BR.lproj/DKImagePickerController.strings ... 
2025-06-24 07:56:29 +0000  865 bytes for ./Frameworks/DKImagePickerController.framework/DKImagePickerController.bundle/pt_BR.lproj/DKImagePickerController.strings
2025-06-24 07:56:29 +0000  copying file ./Frameworks/DKImagePickerController.framework/DKImagePickerController.bundle/da.lproj/DKImagePickerController.strings ... 
2025-06-24 07:56:29 +0000  883 bytes for ./Frameworks/DKImagePickerController.framework/DKImagePickerController.bundle/da.lproj/DKImagePickerController.strings
2025-06-24 07:56:29 +0000  copying file ./Frameworks/DKImagePickerController.framework/DKImagePickerController.bundle/it.lproj/DKImagePickerController.strings ... 
2025-06-24 07:56:29 +0000  891 bytes for ./Frameworks/DKImagePickerController.framework/DKImagePickerController.bundle/it.lproj/DKImagePickerController.strings
2025-06-24 07:56:29 +0000  copying file ./Frameworks/DKImagePickerController.framework/DKImagePickerController.bundle/ko.lproj/DKImagePickerController.strings ... 
2025-06-24 07:56:29 +0000  931 bytes for ./Frameworks/DKImagePickerController.framework/DKImagePickerController.bundle/ko.lproj/DKImagePickerController.strings
2025-06-24 07:56:29 +0000  copying file ./Frameworks/DKImagePickerController.framework/DKImagePickerController.bundle/Base.lproj/DKImagePickerController.strings ... 
2025-06-24 07:56:29 +0000  837 bytes for ./Frameworks/DKImagePickerController.framework/DKImagePickerController.bundle/Base.lproj/DKImagePickerController.strings
2025-06-24 07:56:29 +0000  copying file ./Frameworks/DKImagePickerController.framework/DKImagePickerController.bundle/zh-Hant.lproj/DKImagePickerController.strings ... 
2025-06-24 07:56:29 +0000  778 bytes for ./Frameworks/DKImagePickerController.framework/DKImagePickerController.bundle/zh-Hant.lproj/DKImagePickerController.strings
2025-06-24 07:56:29 +0000  copying file ./Frameworks/DKImagePickerController.framework/DKImagePickerController.bundle/hu.lproj/DKImagePickerController.strings ... 
2025-06-24 07:56:29 +0000  886 bytes for ./Frameworks/DKImagePickerController.framework/DKImagePickerController.bundle/hu.lproj/DKImagePickerController.strings
2025-06-24 07:56:29 +0000  copying file ./Frameworks/DKImagePickerController.framework/DKImagePickerController.bundle/Assets.car ... 
2025-06-24 07:56:29 +0000  134159 bytes for ./Frameworks/DKImagePickerController.framework/DKImagePickerController.bundle/Assets.car
2025-06-24 07:56:29 +0000  copying file ./Frameworks/DKImagePickerController.framework/DKImagePickerController.bundle/tr.lproj/DKImagePickerController.strings ... 
2025-06-24 07:56:29 +0000  885 bytes for ./Frameworks/DKImagePickerController.framework/DKImagePickerController.bundle/tr.lproj/DKImagePickerController.strings
2025-06-24 07:56:29 +0000  copying file ./Frameworks/DKImagePickerController.framework/DKImagePickerController.bundle/vi.lproj/DKImagePickerController.strings ... 
2025-06-24 07:56:29 +0000  909 bytes for ./Frameworks/DKImagePickerController.framework/DKImagePickerController.bundle/vi.lproj/DKImagePickerController.strings
2025-06-24 07:56:29 +0000  copying file ./Frameworks/DKImagePickerController.framework/DKImagePickerController.bundle/PrivacyInfo.xcprivacy ... 
2025-06-24 07:56:29 +0000  599 bytes for ./Frameworks/DKImagePickerController.framework/DKImagePickerController.bundle/PrivacyInfo.xcprivacy
2025-06-24 07:56:29 +0000  copying file ./Frameworks/DKImagePickerController.framework/DKImagePickerController.bundle/ru.lproj/DKImagePickerController.strings ... 
2025-06-24 07:56:29 +0000  1037 bytes for ./Frameworks/DKImagePickerController.framework/DKImagePickerController.bundle/ru.lproj/DKImagePickerController.strings
2025-06-24 07:56:29 +0000  copying file ./Frameworks/DKImagePickerController.framework/DKImagePickerController.bundle/fr.lproj/DKImagePickerController.strings ... 
2025-06-24 07:56:29 +0000  942 bytes for ./Frameworks/DKImagePickerController.framework/DKImagePickerController.bundle/fr.lproj/DKImagePickerController.strings
2025-06-24 07:56:29 +0000  copying file ./Frameworks/DKImagePickerController.framework/DKImagePickerController.bundle/nl.lproj/DKImagePickerController.strings ... 
2025-06-24 07:56:29 +0000  893 bytes for ./Frameworks/DKImagePickerController.framework/DKImagePickerController.bundle/nl.lproj/DKImagePickerController.strings
2025-06-24 07:56:29 +0000  copying file ./Frameworks/DKImagePickerController.framework/DKImagePickerController.bundle/Info.plist ... 
2025-06-24 07:56:29 +0000  795 bytes for ./Frameworks/DKImagePickerController.framework/DKImagePickerController.bundle/Info.plist
2025-06-24 07:56:29 +0000  copying file ./Frameworks/DKImagePickerController.framework/DKImagePickerController ... 
2025-06-24 07:56:29 +0000  1113856 bytes for ./Frameworks/DKImagePickerController.framework/DKImagePickerController
2025-06-24 07:56:29 +0000  copying file ./Frameworks/DKImagePickerController.framework/Info.plist ... 
2025-06-24 07:56:29 +0000  820 bytes for ./Frameworks/DKImagePickerController.framework/Info.plist
2025-06-24 07:56:29 +0000  copying file ./Frameworks/SwiftyGif.framework/_CodeSignature/CodeResources ... 
2025-06-24 07:56:29 +0000  2452 bytes for ./Frameworks/SwiftyGif.framework/_CodeSignature/CodeResources
2025-06-24 07:56:29 +0000  copying file ./Frameworks/SwiftyGif.framework/SwiftyGif.bundle/PrivacyInfo.xcprivacy ... 
2025-06-24 07:56:29 +0000  373 bytes for ./Frameworks/SwiftyGif.framework/SwiftyGif.bundle/PrivacyInfo.xcprivacy
2025-06-24 07:56:29 +0000  copying file ./Frameworks/SwiftyGif.framework/SwiftyGif.bundle/Info.plist ... 
2025-06-24 07:56:29 +0000  765 bytes for ./Frameworks/SwiftyGif.framework/SwiftyGif.bundle/Info.plist
2025-06-24 07:56:29 +0000  copying file ./Frameworks/SwiftyGif.framework/SwiftyGif ... 
2025-06-24 07:56:29 +0000  237424 bytes for ./Frameworks/SwiftyGif.framework/SwiftyGif
2025-06-24 07:56:29 +0000  copying file ./Frameworks/SwiftyGif.framework/Info.plist ... 
2025-06-24 07:56:29 +0000  790 bytes for ./Frameworks/SwiftyGif.framework/Info.plist
2025-06-24 07:56:29 +0000  copying file ./Frameworks/App.framework/_CodeSignature/CodeResources ... 
2025-06-24 07:56:29 +0000  6008 bytes for ./Frameworks/App.framework/_CodeSignature/CodeResources
2025-06-24 07:56:29 +0000  copying file ./Frameworks/App.framework/App ... 
2025-06-24 07:56:29 +0000  7044864 bytes for ./Frameworks/App.framework/App
2025-06-24 07:56:29 +0000  copying file ./Frameworks/App.framework/flutter_assets/NOTICES.Z ... 
2025-06-24 07:56:29 +0000  102806 bytes for ./Frameworks/App.framework/flutter_assets/NOTICES.Z
copying file ./Frameworks/App.framework/flutter_assets/NativeAssetsManifest.json ... 
2025-06-24 07:56:29 +0000  45 bytes for ./Frameworks/App.framework/flutter_assets/NativeAssetsManifest.json
copying file ./Frameworks/App.framework/flutter_assets/AssetManifest.json ... 
2025-06-24 07:56:29 +0000  537 bytes for ./Frameworks/App.framework/flutter_assets/AssetManifest.json
2025-06-24 07:56:29 +0000  copying file ./Frameworks/App.framework/flutter_assets/FontManifest.json ... 
2025-06-24 07:56:29 +0000  208 bytes for ./Frameworks/App.framework/flutter_assets/FontManifest.json
2025-06-24 07:56:29 +0000  copying file ./Frameworks/App.framework/flutter_assets/packages/cupertino_icons/assets/CupertinoIcons.ttf ... 
2025-06-24 07:56:29 +0000  257628 bytes for ./Frameworks/App.framework/flutter_assets/packages/cupertino_icons/assets/CupertinoIcons.ttf
2025-06-24 07:56:29 +0000  copying file ./Frameworks/App.framework/flutter_assets/packages/fluttertoast/assets/toastify.js ... 
2025-06-24 07:56:29 +0000  5285 bytes for ./Frameworks/App.framework/flutter_assets/packages/fluttertoast/assets/toastify.js
copying file ./Frameworks/App.framework/flutter_assets/packages/fluttertoast/assets/toastify.css ... 
2025-06-24 07:56:29 +0000  1337 bytes for ./Frameworks/App.framework/flutter_assets/packages/fluttertoast/assets/toastify.css
2025-06-24 07:56:29 +0000  copying file ./Frameworks/App.framework/flutter_assets/shaders/ink_sparkle.frag ... 
2025-06-24 07:56:29 +0000  11984 bytes for ./Frameworks/App.framework/flutter_assets/shaders/ink_sparkle.frag
copying file ./Frameworks/App.framework/flutter_assets/AssetManifest.bin ... 
2025-06-24 07:56:29 +0000  601 bytes for ./Frameworks/App.framework/flutter_assets/AssetManifest.bin
2025-06-24 07:56:29 +0000  copying file ./Frameworks/App.framework/flutter_assets/fonts/MaterialIcons-Regular.otf ... 
2025-06-24 07:56:29 +0000  1645184 bytes for ./Frameworks/App.framework/flutter_assets/fonts/MaterialIcons-Regular.otf
2025-06-24 07:56:29 +0000  copying file ./Frameworks/App.framework/flutter_assets/assets/bm.png ... 
2025-06-24 07:56:29 +0000  1113488 bytes for ./Frameworks/App.framework/flutter_assets/assets/bm.png
2025-06-24 07:56:29 +0000  copying file ./Frameworks/App.framework/flutter_assets/assets/images/logo.svg ... 
2025-06-24 07:56:29 +0000  316223 bytes for ./Frameworks/App.framework/flutter_assets/assets/images/logo.svg
2025-06-24 07:56:29 +0000  copying file ./Frameworks/App.framework/flutter_assets/assets/images/images.png ... 
2025-06-24 07:56:29 +0000  4601 bytes for ./Frameworks/App.framework/flutter_assets/assets/images/images.png
copying file ./Frameworks/App.framework/flutter_assets/assets/ii.png ... 
2025-06-24 07:56:29 +0000  4601 bytes for ./Frameworks/App.framework/flutter_assets/assets/ii.png
copying file ./Frameworks/App.framework/flutter_assets/assets/logo.svg ... 
2025-06-24 07:56:29 +0000  316223 bytes for ./Frameworks/App.framework/flutter_assets/assets/logo.svg
2025-06-24 07:56:29 +0000  copying file ./Frameworks/App.framework/flutter_assets/assets/bmd.png ... 
2025-06-24 07:56:29 +0000  1173730 bytes for ./Frameworks/App.framework/flutter_assets/assets/bmd.png
2025-06-24 07:56:29 +0000  copying file ./Frameworks/App.framework/Info.plist ... 
2025-06-24 07:56:29 +0000  774 bytes for ./Frameworks/App.framework/Info.plist
copying file ./Frameworks/libswiftDarwin.dylib ... 
2025-06-24 07:56:29 +0000  123616 bytes for ./Frameworks/libswiftDarwin.dylib
2025-06-24 07:56:29 +0000  copying file ./Frameworks/url_launcher_ios.framework/_CodeSignature/CodeResources ... 
2025-06-24 07:56:29 +0000  2368 bytes for ./Frameworks/url_launcher_ios.framework/_CodeSignature/CodeResources
2025-06-24 07:56:29 +0000  copying file ./Frameworks/url_launcher_ios.framework/url_launcher_ios ... 
2025-06-24 07:56:29 +0000  181632 bytes for ./Frameworks/url_launcher_ios.framework/url_launcher_ios
2025-06-24 07:56:29 +0000  copying file ./Frameworks/url_launcher_ios.framework/url_launcher_ios_privacy.bundle/PrivacyInfo.xcprivacy ... 
2025-06-24 07:56:29 +0000  373 bytes for ./Frameworks/url_launcher_ios.framework/url_launcher_ios_privacy.bundle/PrivacyInfo.xcprivacy
2025-06-24 07:56:29 +0000  copying file ./Frameworks/url_launcher_ios.framework/url_launcher_ios_privacy.bundle/Info.plist ... 
2025-06-24 07:56:29 +0000  798 bytes for ./Frameworks/url_launcher_ios.framework/url_launcher_ios_privacy.bundle/Info.plist
2025-06-24 07:56:29 +0000  copying file ./Frameworks/url_launcher_ios.framework/Info.plist ... 
2025-06-24 07:56:29 +0000  807 bytes for ./Frameworks/url_launcher_ios.framework/Info.plist
2025-06-24 07:56:29 +0000  copying file ./Frameworks/libswiftQuartzCore.dylib ... 
2025-06-24 07:56:29 +0000  76288 bytes for ./Frameworks/libswiftQuartzCore.dylib
2025-06-24 07:56:29 +0000  copying file ./Frameworks/device_info_plus.framework/_CodeSignature/CodeResources ... 
2025-06-24 07:56:29 +0000  2368 bytes for ./Frameworks/device_info_plus.framework/_CodeSignature/CodeResources
copying file ./Frameworks/device_info_plus.framework/device_info_plus_privacy.bundle/PrivacyInfo.xcprivacy ... 
2025-06-24 07:56:29 +0000  373 bytes for ./Frameworks/device_info_plus.framework/device_info_plus_privacy.bundle/PrivacyInfo.xcprivacy
2025-06-24 07:56:29 +0000  copying file ./Frameworks/device_info_plus.framework/device_info_plus_privacy.bundle/Info.plist ... 
2025-06-24 07:56:29 +0000  798 bytes for ./Frameworks/device_info_plus.framework/device_info_plus_privacy.bundle/Info.plist
2025-06-24 07:56:29 +0000  copying file ./Frameworks/device_info_plus.framework/device_info_plus ... 
2025-06-24 07:56:29 +0000  75872 bytes for ./Frameworks/device_info_plus.framework/device_info_plus
copying file ./Frameworks/device_info_plus.framework/Info.plist ... 
2025-06-24 07:56:29 +0000  807 bytes for ./Frameworks/device_info_plus.framework/Info.plist
copying file ./Frameworks/path_provider_foundation.framework/_CodeSignature/CodeResources ... 
2025-06-24 07:56:29 +0000  2400 bytes for ./Frameworks/path_provider_foundation.framework/_CodeSignature/CodeResources
copying file ./Frameworks/path_provider_foundation.framework/path_provider_foundation_privacy.bundle/PrivacyInfo.xcprivacy ... 
2025-06-24 07:56:29 +0000  373 bytes for ./Frameworks/path_provider_foundation.framework/path_provider_foundation_privacy.bundle/PrivacyInfo.xcprivacy
2025-06-24 07:56:29 +0000  copying file ./Frameworks/path_provider_foundation.framework/path_provider_foundation_privacy.bundle/Info.plist ... 
2025-06-24 07:56:29 +0000  814 bytes for ./Frameworks/path_provider_foundation.framework/path_provider_foundation_privacy.bundle/Info.plist
2025-06-24 07:56:29 +0000  copying file ./Frameworks/path_provider_foundation.framework/Info.plist ... 
2025-06-24 07:56:29 +0000  823 bytes for ./Frameworks/path_provider_foundation.framework/Info.plist
copying file ./Frameworks/path_provider_foundation.framework/path_provider_foundation ... 
2025-06-24 07:56:29 +0000  136016 bytes for ./Frameworks/path_provider_foundation.framework/path_provider_foundation
2025-06-24 07:56:29 +0000  copying file ./Frameworks/DKPhotoGallery.framework/_CodeSignature/CodeResources ... 
2025-06-24 07:56:29 +0000  4227 bytes for ./Frameworks/DKPhotoGallery.framework/_CodeSignature/CodeResources
2025-06-24 07:56:29 +0000  copying file ./Frameworks/DKPhotoGallery.framework/DKPhotoGallery.bundle/zh-Hans.lproj/DKPhotoGallery.strings ... 
2025-06-24 07:56:29 +0000  839 bytes for ./Frameworks/DKPhotoGallery.framework/DKPhotoGallery.bundle/zh-Hans.lproj/DKPhotoGallery.strings
2025-06-24 07:56:29 +0000  copying file ./Frameworks/DKPhotoGallery.framework/DKPhotoGallery.bundle/en.lproj/DKPhotoGallery.strings ... 
2025-06-24 07:56:29 +0000  825 bytes for ./Frameworks/DKPhotoGallery.framework/DKPhotoGallery.bundle/en.lproj/DKPhotoGallery.strings
copying file ./Frameworks/DKPhotoGallery.framework/DKPhotoGallery.bundle/Base.lproj/DKPhotoGallery.strings ... 
2025-06-24 07:56:29 +0000  824 bytes for ./Frameworks/DKPhotoGallery.framework/DKPhotoGallery.bundle/Base.lproj/DKPhotoGallery.strings
2025-06-24 07:56:29 +0000  copying file ./Frameworks/DKPhotoGallery.framework/DKPhotoGallery.bundle/Assets.car ... 
2025-06-24 07:56:29 +0000  135903 bytes for ./Frameworks/DKPhotoGallery.framework/DKPhotoGallery.bundle/Assets.car
2025-06-24 07:56:29 +0000  copying file ./Frameworks/DKPhotoGallery.framework/DKPhotoGallery.bundle/PrivacyInfo.xcprivacy ... 
2025-06-24 07:56:29 +0000  599 bytes for ./Frameworks/DKPhotoGallery.framework/DKPhotoGallery.bundle/PrivacyInfo.xcprivacy
copying file ./Frameworks/DKPhotoGallery.framework/DKPhotoGallery.bundle/Info.plist ... 
2025-06-24 07:56:29 +0000  776 bytes for ./Frameworks/DKPhotoGallery.framework/DKPhotoGallery.bundle/Info.plist
2025-06-24 07:56:29 +0000  copying file ./Frameworks/DKPhotoGallery.framework/DKPhotoGallery ... 
2025-06-24 07:56:29 +0000  855968 bytes for ./Frameworks/DKPhotoGallery.framework/DKPhotoGallery
2025-06-24 07:56:29 +0000  copying file ./Frameworks/DKPhotoGallery.framework/Info.plist ... 
2025-06-24 07:56:29 +0000  801 bytes for ./Frameworks/DKPhotoGallery.framework/Info.plist
2025-06-24 07:56:29 +0000  copying file ./Frameworks/sqflite_darwin.framework/_CodeSignature/CodeResources ... 
2025-06-24 07:56:29 +0000  2360 bytes for ./Frameworks/sqflite_darwin.framework/_CodeSignature/CodeResources
2025-06-24 07:56:29 +0000  copying file ./Frameworks/sqflite_darwin.framework/sqflite_darwin ... 
2025-06-24 07:56:29 +0000  269600 bytes for ./Frameworks/sqflite_darwin.framework/sqflite_darwin
2025-06-24 07:56:29 +0000  copying file ./Frameworks/sqflite_darwin.framework/sqflite_darwin_privacy.bundle/PrivacyInfo.xcprivacy ... 
2025-06-24 07:56:29 +0000  372 bytes for ./Frameworks/sqflite_darwin.framework/sqflite_darwin_privacy.bundle/PrivacyInfo.xcprivacy
2025-06-24 07:56:29 +0000  copying file ./Frameworks/sqflite_darwin.framework/sqflite_darwin_privacy.bundle/Info.plist ... 
2025-06-24 07:56:29 +0000  794 bytes for ./Frameworks/sqflite_darwin.framework/sqflite_darwin_privacy.bundle/Info.plist
2025-06-24 07:56:29 +0000  copying file ./Frameworks/sqflite_darwin.framework/Info.plist ... 
2025-06-24 07:56:29 +0000  801 bytes for ./Frameworks/sqflite_darwin.framework/Info.plist
2025-06-24 07:56:29 +0000  copying file ./Frameworks/libswiftCoreAudio.dylib ... 
2025-06-24 07:56:29 +0000  97968 bytes for ./Frameworks/libswiftCoreAudio.dylib
2025-06-24 07:56:29 +0000  copying file ./Frameworks/libswiftAVFoundation.dylib ... 
2025-06-24 07:56:29 +0000  159040 bytes for ./Frameworks/libswiftAVFoundation.dylib
2025-06-24 07:56:29 +0000  copying file ./Frameworks/geolocator_apple.framework/_CodeSignature/CodeResources ... 
2025-06-24 07:56:29 +0000  2368 bytes for ./Frameworks/geolocator_apple.framework/_CodeSignature/CodeResources
2025-06-24 07:56:29 +0000  copying file ./Frameworks/geolocator_apple.framework/geolocator_apple ... 
2025-06-24 07:56:29 +0000  162848 bytes for ./Frameworks/geolocator_apple.framework/geolocator_apple
2025-06-24 07:56:29 +0000  copying file ./Frameworks/geolocator_apple.framework/Info.plist ... 
2025-06-24 07:56:29 +0000  807 bytes for ./Frameworks/geolocator_apple.framework/Info.plist
2025-06-24 07:56:29 +0000  copying file ./Frameworks/geolocator_apple.framework/geolocator_apple_privacy.bundle/PrivacyInfo.xcprivacy ... 
2025-06-24 07:56:29 +0000  397 bytes for ./Frameworks/geolocator_apple.framework/geolocator_apple_privacy.bundle/PrivacyInfo.xcprivacy
2025-06-24 07:56:29 +0000  copying file ./Frameworks/geolocator_apple.framework/geolocator_apple_privacy.bundle/Info.plist ... 
2025-06-24 07:56:29 +0000  798 bytes for ./Frameworks/geolocator_apple.framework/geolocator_apple_privacy.bundle/Info.plist
2025-06-24 07:56:29 +0000  copying file ./Frameworks/flutter_native_splash.framework/_CodeSignature/CodeResources ... 
2025-06-24 07:56:29 +0000  2388 bytes for ./Frameworks/flutter_native_splash.framework/_CodeSignature/CodeResources
2025-06-24 07:56:29 +0000  copying file ./Frameworks/flutter_native_splash.framework/flutter_native_splash ... 
2025-06-24 07:56:29 +0000  91008 bytes for ./Frameworks/flutter_native_splash.framework/flutter_native_splash
2025-06-24 07:56:29 +0000  copying file ./Frameworks/flutter_native_splash.framework/flutter_native_splash_privacy.bundle/PrivacyInfo.xcprivacy ... 
2025-06-24 07:56:29 +0000  373 bytes for ./Frameworks/flutter_native_splash.framework/flutter_native_splash_privacy.bundle/PrivacyInfo.xcprivacy
2025-06-24 07:56:29 +0000  copying file ./Frameworks/flutter_native_splash.framework/flutter_native_splash_privacy.bundle/Info.plist ... 
2025-06-24 07:56:29 +0000  807 bytes for ./Frameworks/flutter_native_splash.framework/flutter_native_splash_privacy.bundle/Info.plist
2025-06-24 07:56:29 +0000  copying file ./Frameworks/flutter_native_splash.framework/Info.plist ... 
2025-06-24 07:56:29 +0000  817 bytes for ./Frameworks/flutter_native_splash.framework/Info.plist
2025-06-24 07:56:29 +0000  copying file ./Frameworks/shared_preferences_foundation.framework/_CodeSignature/CodeResources ... 
2025-06-24 07:56:29 +0000  2420 bytes for ./Frameworks/shared_preferences_foundation.framework/_CodeSignature/CodeResources
2025-06-24 07:56:29 +0000  copying file ./Frameworks/shared_preferences_foundation.framework/shared_preferences_foundation_privacy.bundle/PrivacyInfo.xcprivacy ... 
2025-06-24 07:56:29 +0000  598 bytes for ./Frameworks/shared_preferences_foundation.framework/shared_preferences_foundation_privacy.bundle/PrivacyInfo.xcprivacy
2025-06-24 07:56:29 +0000  copying file ./Frameworks/shared_preferences_foundation.framework/shared_preferences_foundation_privacy.bundle/Info.plist ... 
2025-06-24 07:56:29 +0000  824 bytes for ./Frameworks/shared_preferences_foundation.framework/shared_preferences_foundation_privacy.bundle/Info.plist
2025-06-24 07:56:29 +0000  copying file ./Frameworks/shared_preferences_foundation.framework/shared_preferences_foundation ... 
2025-06-24 07:56:29 +0000  193792 bytes for ./Frameworks/shared_preferences_foundation.framework/shared_preferences_foundation
2025-06-24 07:56:29 +0000  copying file ./Frameworks/shared_preferences_foundation.framework/Info.plist ... 
2025-06-24 07:56:29 +0000  833 bytes for ./Frameworks/shared_preferences_foundation.framework/Info.plist
2025-06-24 07:56:29 +0000  copying file ./Frameworks/SDWebImage.framework/_CodeSignature/CodeResources ... 
2025-06-24 07:56:29 +0000  2456 bytes for ./Frameworks/SDWebImage.framework/_CodeSignature/CodeResources
2025-06-24 07:56:29 +0000  copying file ./Frameworks/SDWebImage.framework/SDWebImage.bundle/PrivacyInfo.xcprivacy ... 
2025-06-24 07:56:29 +0000  599 bytes for ./Frameworks/SDWebImage.framework/SDWebImage.bundle/PrivacyInfo.xcprivacy
2025-06-24 07:56:29 +0000  copying file ./Frameworks/SDWebImage.framework/SDWebImage.bundle/Info.plist ... 
2025-06-24 07:56:29 +0000  768 bytes for ./Frameworks/SDWebImage.framework/SDWebImage.bundle/Info.plist
2025-06-24 07:56:29 +0000  copying file ./Frameworks/SDWebImage.framework/SDWebImage ... 
2025-06-24 07:56:29 +0000  861120 bytes for ./Frameworks/SDWebImage.framework/SDWebImage
2025-06-24 07:56:29 +0000  copying file ./Frameworks/SDWebImage.framework/Info.plist ... 
2025-06-24 07:56:29 +0000  793 bytes for ./Frameworks/SDWebImage.framework/Info.plist
2025-06-24 07:56:29 +0000  copying file ./Frameworks/flutter_background_service_ios.framework/_CodeSignature/CodeResources ... 
2025-06-24 07:56:29 +0000  1798 bytes for ./Frameworks/flutter_background_service_ios.framework/_CodeSignature/CodeResources
2025-06-24 07:56:29 +0000  copying file ./Frameworks/flutter_background_service_ios.framework/flutter_background_service_ios ... 
2025-06-24 07:56:29 +0000  178416 bytes for ./Frameworks/flutter_background_service_ios.framework/flutter_background_service_ios
2025-06-24 07:56:29 +0000  copying file ./Frameworks/flutter_background_service_ios.framework/Info.plist ... 
2025-06-24 07:56:29 +0000  835 bytes for ./Frameworks/flutter_background_service_ios.framework/Info.plist
2025-06-24 07:56:29 +0000  copying file ./Frameworks/fluttertoast.framework/_CodeSignature/CodeResources ... 
2025-06-24 07:56:29 +0000  2352 bytes for ./Frameworks/fluttertoast.framework/_CodeSignature/CodeResources
2025-06-24 07:56:29 +0000  copying file ./Frameworks/fluttertoast.framework/fluttertoast_privacy.bundle/PrivacyInfo.xcprivacy ... 
2025-06-24 07:56:29 +0000  373 bytes for ./Frameworks/fluttertoast.framework/fluttertoast_privacy.bundle/PrivacyInfo.xcprivacy
2025-06-24 07:56:29 +0000  copying file ./Frameworks/fluttertoast.framework/fluttertoast_privacy.bundle/Info.plist ... 
2025-06-24 07:56:29 +0000  789 bytes for ./Frameworks/fluttertoast.framework/fluttertoast_privacy.bundle/Info.plist
2025-06-24 07:56:29 +0000  copying file ./Frameworks/fluttertoast.framework/fluttertoast ... 
2025-06-24 07:56:29 +0000  135968 bytes for ./Frameworks/fluttertoast.framework/fluttertoast
2025-06-24 07:56:29 +0000  copying file ./Frameworks/fluttertoast.framework/Info.plist ... 
2025-06-24 07:56:29 +0000  797 bytes for ./Frameworks/fluttertoast.framework/Info.plist
2025-06-24 07:56:29 +0000  copying file ./Frameworks/libswiftFoundation.dylib ... 
2025-06-24 07:56:29 +0000  3039696 bytes for ./Frameworks/libswiftFoundation.dylib
2025-06-24 07:56:29 +0000  copying file ./Frameworks/libswiftCoreMedia.dylib ... 
2025-06-24 07:56:29 +0000  89312 bytes for ./Frameworks/libswiftCoreMedia.dylib
copying file ./Frameworks/libswiftCoreLocation.dylib ... 
2025-06-24 07:56:29 +0000  90768 bytes for ./Frameworks/libswiftCoreLocation.dylib
2025-06-24 07:56:29 +0000  copying file ./Frameworks/file_picker.framework/_CodeSignature/CodeResources ... 
2025-06-24 07:56:29 +0000  2364 bytes for ./Frameworks/file_picker.framework/_CodeSignature/CodeResources
2025-06-24 07:56:29 +0000  copying file ./Frameworks/file_picker.framework/file_picker_ios_privacy.bundle/PrivacyInfo.xcprivacy ... 
2025-06-24 07:56:29 +0000  372 bytes for ./Frameworks/file_picker.framework/file_picker_ios_privacy.bundle/PrivacyInfo.xcprivacy
2025-06-24 07:56:29 +0000  copying file ./Frameworks/file_picker.framework/file_picker_ios_privacy.bundle/Info.plist ... 
2025-06-24 07:56:29 +0000  796 bytes for ./Frameworks/file_picker.framework/file_picker_ios_privacy.bundle/Info.plist
2025-06-24 07:56:29 +0000  copying file ./Frameworks/file_picker.framework/file_picker ... 
2025-06-24 07:56:29 +0000  144288 bytes for ./Frameworks/file_picker.framework/file_picker
2025-06-24 07:56:29 +0000  copying file ./Frameworks/file_picker.framework/Info.plist ... 
2025-06-24 07:56:29 +0000  795 bytes for ./Frameworks/file_picker.framework/Info.plist
2025-06-24 07:56:29 +0000  copying file ./Frameworks/workmanager.framework/_CodeSignature/CodeResources ... 
2025-06-24 07:56:29 +0000  1798 bytes for ./Frameworks/workmanager.framework/_CodeSignature/CodeResources
2025-06-24 07:56:29 +0000  copying file ./Frameworks/workmanager.framework/workmanager ... 
2025-06-24 07:56:29 +0000  224752 bytes for ./Frameworks/workmanager.framework/workmanager
2025-06-24 07:56:29 +0000  copying file ./Frameworks/workmanager.framework/Info.plist ... 
2025-06-24 07:56:29 +0000  795 bytes for ./Frameworks/workmanager.framework/Info.plist
2025-06-24 07:56:29 +0000  copying file ./Frameworks/flutter_local_notifications.framework/_CodeSignature/CodeResources ... 
2025-06-24 07:56:29 +0000  2412 bytes for ./Frameworks/flutter_local_notifications.framework/_CodeSignature/CodeResources
2025-06-24 07:56:29 +0000  copying file ./Frameworks/flutter_local_notifications.framework/flutter_local_notifications_privacy.bundle/PrivacyInfo.xcprivacy ... 
2025-06-24 07:56:29 +0000  598 bytes for ./Frameworks/flutter_local_notifications.framework/flutter_local_notifications_privacy.bundle/PrivacyInfo.xcprivacy
2025-06-24 07:56:29 +0000  copying file ./Frameworks/flutter_local_notifications.framework/flutter_local_notifications_privacy.bundle/Info.plist ... 
2025-06-24 07:56:29 +0000  819 bytes for ./Frameworks/flutter_local_notifications.framework/flutter_local_notifications_privacy.bundle/Info.plist
2025-06-24 07:56:29 +0000  copying file ./Frameworks/flutter_local_notifications.framework/flutter_local_notifications ... 
2025-06-24 07:56:29 +0000  156096 bytes for ./Frameworks/flutter_local_notifications.framework/flutter_local_notifications
2025-06-24 07:56:29 +0000  copying file ./Frameworks/flutter_local_notifications.framework/Info.plist ... 
2025-06-24 07:56:29 +0000  829 bytes for ./Frameworks/flutter_local_notifications.framework/Info.plist
2025-06-24 07:56:29 +0000  copying file ./Frameworks/libswiftsimd.dylib ... 
2025-06-24 07:56:29 +0000  308432 bytes for ./Frameworks/libswiftsimd.dylib
2025-06-24 07:56:29 +0000  copying file ./embedded.mobileprovision ... 
2025-06-24 07:56:29 +0000  14374 bytes for ./embedded.mobileprovision
2025-06-24 07:56:29 +0000  copying file ./GoogleMapsResources.bundle/GoogleMaps.bundle/bubble_left@3x.png ... 
2025-06-24 07:56:29 +0000  2386 bytes for ./GoogleMapsResources.bundle/GoogleMaps.bundle/bubble_left@3x.png
2025-06-24 07:56:29 +0000  copying file ./GoogleMapsResources.bundle/GoogleMaps.bundle/bubble_left.png ... 
2025-06-24 07:56:29 +0000  451 bytes for ./GoogleMapsResources.bundle/GoogleMaps.bundle/bubble_left.png
2025-06-24 07:56:29 +0000  copying file ./GoogleMapsResources.bundle/GoogleMaps.bundle/bubble_left@2x.png ... 
2025-06-24 07:56:29 +0000  1055 bytes for ./GoogleMapsResources.bundle/GoogleMaps.bundle/bubble_left@2x.png
2025-06-24 07:56:29 +0000  copying file ./GoogleMapsResources.bundle/GoogleMaps.bundle/bubble_right@3x.png ... 
2025-06-24 07:56:29 +0000  2374 bytes for ./GoogleMapsResources.bundle/GoogleMaps.bundle/bubble_right@3x.png
2025-06-24 07:56:29 +0000  copying file ./GoogleMapsResources.bundle/GoogleMaps.bundle/ic_error.png ... 
2025-06-24 07:56:29 +0000  236 bytes for ./GoogleMapsResources.bundle/GoogleMaps.bundle/ic_error.png
2025-06-24 07:56:29 +0000  copying file ./GoogleMapsResources.bundle/GoogleMaps.bundle/bubble_right@2x.png ... 
2025-06-24 07:56:29 +0000  1051 bytes for ./GoogleMapsResources.bundle/GoogleMaps.bundle/bubble_right@2x.png
2025-06-24 07:56:29 +0000  copying file ./GoogleMapsResources.bundle/GoogleMaps.bundle/GMSCoreResources.bundle/de.lproj/GMSCore.strings ... 
2025-06-24 07:56:29 +0000  4308 bytes for ./GoogleMapsResources.bundle/GoogleMaps.bundle/GMSCoreResources.bundle/de.lproj/GMSCore.strings
2025-06-24 07:56:29 +0000  copying file ./GoogleMapsResources.bundle/GoogleMaps.bundle/GMSCoreResources.bundle/he.lproj/GMSCore.strings ... 
2025-06-24 07:56:29 +0000  4436 bytes for ./GoogleMapsResources.bundle/GoogleMaps.bundle/GMSCoreResources.bundle/he.lproj/GMSCore.strings
2025-06-24 07:56:29 +0000  copying file ./GoogleMapsResources.bundle/GoogleMaps.bundle/GMSCoreResources.bundle/en_AU.lproj/GMSCore.strings ... 
2025-06-24 07:56:29 +0000  4078 bytes for ./GoogleMapsResources.bundle/GoogleMaps.bundle/GMSCoreResources.bundle/en_AU.lproj/GMSCore.strings
2025-06-24 07:56:29 +0000  copying file ./GoogleMapsResources.bundle/GoogleMaps.bundle/GMSCoreResources.bundle/ic_covid_medical_waypoint_alert_32pt@2x.png ... 
2025-06-24 07:56:29 +0000  943 bytes for ./GoogleMapsResources.bundle/GoogleMaps.bundle/GMSCoreResources.bundle/ic_covid_medical_waypoint_alert_32pt@2x.png
2025-06-24 07:56:29 +0000  copying file ./GoogleMapsResources.bundle/GoogleMaps.bundle/GMSCoreResources.bundle/ar.lproj/GMSCore.strings ... 
2025-06-24 07:56:29 +0000  5230 bytes for ./GoogleMapsResources.bundle/GoogleMaps.bundle/GMSCoreResources.bundle/ar.lproj/GMSCore.strings
2025-06-24 07:56:29 +0000  copying file ./GoogleMapsResources.bundle/GoogleMaps.bundle/GMSCoreResources.bundle/el.lproj/GMSCore.strings ... 
2025-06-24 07:56:29 +0000  4694 bytes for ./GoogleMapsResources.bundle/GoogleMaps.bundle/GMSCoreResources.bundle/el.lproj/GMSCore.strings
2025-06-24 07:56:29 +0000  copying file ./GoogleMapsResources.bundle/GoogleMaps.bundle/GMSCoreResources.bundle/ja.lproj/GMSCore.strings ... 
2025-06-24 07:56:29 +0000  3880 bytes for ./GoogleMapsResources.bundle/GoogleMaps.bundle/GMSCoreResources.bundle/ja.lproj/GMSCore.strings
2025-06-24 07:56:29 +0000  copying file ./GoogleMapsResources.bundle/GoogleMaps.bundle/GMSCoreResources.bundle/ic_covid_checkpoint_waypoint_alert_night_32pt.png ... 
2025-06-24 07:56:29 +0000  602 bytes for ./GoogleMapsResources.bundle/GoogleMaps.bundle/GMSCoreResources.bundle/ic_covid_checkpoint_waypoint_alert_night_32pt.png
2025-06-24 07:56:29 +0000  copying file ./GoogleMapsResources.bundle/GoogleMaps.bundle/GMSCoreResources.bundle/sq.lproj/GMSCore.strings ... 
2025-06-24 07:56:29 +0000  4410 bytes for ./GoogleMapsResources.bundle/GoogleMaps.bundle/GMSCoreResources.bundle/sq.lproj/GMSCore.strings
2025-06-24 07:56:29 +0000  copying file ./GoogleMapsResources.bundle/GoogleMaps.bundle/GMSCoreResources.bundle/ic_qu_direction_mylocation@2x.png ... 
2025-06-24 07:56:29 +0000  663 bytes for ./GoogleMapsResources.bundle/GoogleMaps.bundle/GMSCoreResources.bundle/ic_qu_direction_mylocation@2x.png
2025-06-24 07:56:29 +0000  copying file ./GoogleMapsResources.bundle/GoogleMaps.bundle/GMSCoreResources.bundle/en.lproj/GMSCore.strings ... 
2025-06-24 07:56:29 +0000  4061 bytes for ./GoogleMapsResources.bundle/GoogleMaps.bundle/GMSCoreResources.bundle/en.lproj/GMSCore.strings
2025-06-24 07:56:29 +0000  copying file ./GoogleMapsResources.bundle/GoogleMaps.bundle/GMSCoreResources.bundle/ic_covid_border_waypoint_alert_32pt.png ... 
2025-06-24 07:56:29 +0000  422 bytes for ./GoogleMapsResources.bundle/GoogleMaps.bundle/GMSCoreResources.bundle/ic_covid_border_waypoint_alert_32pt.png
2025-06-24 07:56:29 +0000  copying file ./GoogleMapsResources.bundle/GoogleMaps.bundle/GMSCoreResources.bundle/uk.lproj/GMSCore.strings ... 
2025-06-24 07:56:29 +0000  4963 bytes for ./GoogleMapsResources.bundle/GoogleMaps.bundle/GMSCoreResources.bundle/uk.lproj/GMSCore.strings
2025-06-24 07:56:29 +0000  copying file ./GoogleMapsResources.bundle/GoogleMaps.bundle/GMSCoreResources.bundle/ic_qu_direction_mylocation.png ... 
2025-06-24 07:56:29 +0000  362 bytes for ./GoogleMapsResources.bundle/GoogleMaps.bundle/GMSCoreResources.bundle/ic_qu_direction_mylocation.png
2025-06-24 07:56:29 +0000  copying file ./GoogleMapsResources.bundle/GoogleMaps.bundle/GMSCoreResources.bundle/es_419.lproj/GMSCore.strings ... 
2025-06-24 07:56:29 +0000  4376 bytes for ./GoogleMapsResources.bundle/GoogleMaps.bundle/GMSCoreResources.bundle/es_419.lproj/GMSCore.strings
2025-06-24 07:56:29 +0000  copying file ./GoogleMapsResources.bundle/GoogleMaps.bundle/GMSCoreResources.bundle/GMSSprites-0-1x.png ... 
2025-06-24 07:56:29 +0000  13906 bytes for ./GoogleMapsResources.bundle/GoogleMaps.bundle/GMSCoreResources.bundle/GMSSprites-0-1x.png
2025-06-24 07:56:29 +0000  copying file ./GoogleMapsResources.bundle/GoogleMaps.bundle/GMSCoreResources.bundle/ic_compass_needle_large@2x.png ... 
2025-06-24 07:56:29 +0000  2446 bytes for ./GoogleMapsResources.bundle/GoogleMaps.bundle/GMSCoreResources.bundle/ic_compass_needle_large@2x.png
2025-06-24 07:56:29 +0000  copying file ./GoogleMapsResources.bundle/GoogleMaps.bundle/GMSCoreResources.bundle/ic_compass_needle_large@3x.png ... 
2025-06-24 07:56:29 +0000  3304 bytes for ./GoogleMapsResources.bundle/GoogleMaps.bundle/GMSCoreResources.bundle/ic_compass_needle_large@3x.png
2025-06-24 07:56:29 +0000  copying file ./GoogleMapsResources.bundle/GoogleMaps.bundle/GMSCoreResources.bundle/es_MX.lproj/GMSCore.strings ... 
2025-06-24 07:56:29 +0000  4376 bytes for ./GoogleMapsResources.bundle/GoogleMaps.bundle/GMSCoreResources.bundle/es_MX.lproj/GMSCore.strings
2025-06-24 07:56:29 +0000  copying file ./GoogleMapsResources.bundle/GoogleMaps.bundle/GMSCoreResources.bundle/ic_compass_needle_large.png ... 
2025-06-24 07:56:29 +0000  1114 bytes for ./GoogleMapsResources.bundle/GoogleMaps.bundle/GMSCoreResources.bundle/ic_compass_needle_large.png
2025-06-24 07:56:29 +0000  copying file ./GoogleMapsResources.bundle/GoogleMaps.bundle/GMSCoreResources.bundle/zh_CN.lproj/GMSCore.strings ... 
2025-06-24 07:56:29 +0000  3871 bytes for ./GoogleMapsResources.bundle/GoogleMaps.bundle/GMSCoreResources.bundle/zh_CN.lproj/GMSCore.strings
2025-06-24 07:56:29 +0000  copying file ./GoogleMapsResources.bundle/GoogleMaps.bundle/GMSCoreResources.bundle/ic_qu_direction_mylocation@3x.png ... 
2025-06-24 07:56:29 +0000  1240 bytes for ./GoogleMapsResources.bundle/GoogleMaps.bundle/GMSCoreResources.bundle/ic_qu_direction_mylocation@3x.png
2025-06-24 07:56:29 +0000  copying file ./GoogleMapsResources.bundle/GoogleMaps.bundle/GMSCoreResources.bundle/DroidSansMerged-Regular.ttf ... 
2025-06-24 07:56:29 +0000  392092 bytes for ./GoogleMapsResources.bundle/GoogleMaps.bundle/GMSCoreResources.bundle/DroidSansMerged-Regular.ttf
2025-06-24 07:56:29 +0000  copying file ./GoogleMapsResources.bundle/GoogleMaps.bundle/GMSCoreResources.bundle/nb.lproj/GMSCore.strings ... 
2025-06-24 07:56:29 +0000  4211 bytes for ./GoogleMapsResources.bundle/GoogleMaps.bundle/GMSCoreResources.bundle/nb.lproj/GMSCore.strings
2025-06-24 07:56:29 +0000  copying file ./GoogleMapsResources.bundle/GoogleMaps.bundle/GMSCoreResources.bundle/es.lproj/GMSCore.strings ... 
2025-06-24 07:56:29 +0000  4377 bytes for ./GoogleMapsResources.bundle/GoogleMaps.bundle/GMSCoreResources.bundle/es.lproj/GMSCore.strings
2025-06-24 07:56:29 +0000  copying file ./GoogleMapsResources.bundle/GoogleMaps.bundle/GMSCoreResources.bundle/sw.lproj/GMSCore.strings ... 
2025-06-24 07:56:29 +0000  4171 bytes for ./GoogleMapsResources.bundle/GoogleMaps.bundle/GMSCoreResources.bundle/sw.lproj/GMSCore.strings
2025-06-24 07:56:29 +0000  copying file ./GoogleMapsResources.bundle/GoogleMaps.bundle/GMSCoreResources.bundle/ic_covid_medical_waypoint_alert_32pt@3x.png ... 
2025-06-24 07:56:29 +0000  1203 bytes for ./GoogleMapsResources.bundle/GoogleMaps.bundle/GMSCoreResources.bundle/ic_covid_medical_waypoint_alert_32pt@3x.png
2025-06-24 07:56:29 +0000  copying file ./GoogleMapsResources.bundle/GoogleMaps.bundle/GMSCoreResources.bundle/pt_BR.lproj/GMSCore.strings ... 
2025-06-24 07:56:29 +0000  4388 bytes for ./GoogleMapsResources.bundle/GoogleMaps.bundle/GMSCoreResources.bundle/pt_BR.lproj/GMSCore.strings
2025-06-24 07:56:29 +0000  copying file ./GoogleMapsResources.bundle/GoogleMaps.bundle/GMSCoreResources.bundle/da.lproj/GMSCore.strings ... 
2025-06-24 07:56:29 +0000  4321 bytes for ./GoogleMapsResources.bundle/GoogleMaps.bundle/GMSCoreResources.bundle/da.lproj/GMSCore.strings
2025-06-24 07:56:29 +0000  copying file ./GoogleMapsResources.bundle/GoogleMaps.bundle/GMSCoreResources.bundle/ic_location_off@3x.png ... 
2025-06-24 07:56:29 +0000  1577 bytes for ./GoogleMapsResources.bundle/GoogleMaps.bundle/GMSCoreResources.bundle/ic_location_off@3x.png
2025-06-24 07:56:29 +0000  copying file ./GoogleMapsResources.bundle/GoogleMaps.bundle/GMSCoreResources.bundle/it.lproj/GMSCore.strings ... 
2025-06-24 07:56:29 +0000  4115 bytes for ./GoogleMapsResources.bundle/GoogleMaps.bundle/GMSCoreResources.bundle/it.lproj/GMSCore.strings
2025-06-24 07:56:29 +0000  copying file ./GoogleMapsResources.bundle/GoogleMaps.bundle/GMSCoreResources.bundle/sk.lproj/GMSCore.strings ... 
2025-06-24 07:56:29 +0000  4441 bytes for ./GoogleMapsResources.bundle/GoogleMaps.bundle/GMSCoreResources.bundle/sk.lproj/GMSCore.strings
2025-06-24 07:56:29 +0000  copying file ./GoogleMapsResources.bundle/GoogleMaps.bundle/GMSCoreResources.bundle/GMSNavSprites-0-3x.png ... 
2025-06-24 07:56:29 +0000  20924 bytes for ./GoogleMapsResources.bundle/GoogleMaps.bundle/GMSCoreResources.bundle/GMSNavSprites-0-3x.png
2025-06-24 07:56:29 +0000  copying file ./GoogleMapsResources.bundle/GoogleMaps.bundle/GMSCoreResources.bundle/pt_PT.lproj/GMSCore.strings ... 
2025-06-24 07:56:29 +0000  4389 bytes for ./GoogleMapsResources.bundle/GoogleMaps.bundle/GMSCoreResources.bundle/pt_PT.lproj/GMSCore.strings
2025-06-24 07:56:29 +0000  copying file ./GoogleMapsResources.bundle/GoogleMaps.bundle/GMSCoreResources.bundle/button_compass_night.png ... 
2025-06-24 07:56:29 +0000  720 bytes for ./GoogleMapsResources.bundle/GoogleMaps.bundle/GMSCoreResources.bundle/button_compass_night.png
2025-06-24 07:56:29 +0000  copying file ./GoogleMapsResources.bundle/GoogleMaps.bundle/GMSCoreResources.bundle/button_my_location.png ... 
2025-06-24 07:56:29 +0000  492 bytes for ./GoogleMapsResources.bundle/GoogleMaps.bundle/GMSCoreResources.bundle/button_my_location.png
2025-06-24 07:56:29 +0000  copying file ./GoogleMapsResources.bundle/GoogleMaps.bundle/GMSCoreResources.bundle/road_16-4.png ... 
2025-06-24 07:56:29 +0000  127 bytes for ./GoogleMapsResources.bundle/GoogleMaps.bundle/GMSCoreResources.bundle/road_16-4.png
2025-06-24 07:56:29 +0000  copying file ./GoogleMapsResources.bundle/GoogleMaps.bundle/GMSCoreResources.bundle/sr.lproj/GMSCore.strings ... 
2025-06-24 07:56:29 +0000  4754 bytes for ./GoogleMapsResources.bundle/GoogleMaps.bundle/GMSCoreResources.bundle/sr.lproj/GMSCore.strings
2025-06-24 07:56:29 +0000  copying file ./GoogleMapsResources.bundle/GoogleMaps.bundle/GMSCoreResources.bundle/ms.lproj/GMSCore.strings ... 
2025-06-24 07:56:29 +0000  4033 bytes for ./GoogleMapsResources.bundle/GoogleMaps.bundle/GMSCoreResources.bundle/ms.lproj/GMSCore.strings
2025-06-24 07:56:29 +0000  copying file ./GoogleMapsResources.bundle/GoogleMaps.bundle/GMSCoreResources.bundle/road_256-64.png ... 
2025-06-24 07:56:29 +0000  1934 bytes for ./GoogleMapsResources.bundle/GoogleMaps.bundle/GMSCoreResources.bundle/road_256-64.png
2025-06-24 07:56:29 +0000  copying file ./GoogleMapsResources.bundle/GoogleMaps.bundle/GMSCoreResources.bundle/button_compass.png ... 
2025-06-24 07:56:29 +0000  631 bytes for ./GoogleMapsResources.bundle/GoogleMaps.bundle/GMSCoreResources.bundle/button_compass.png
2025-06-24 07:56:29 +0000  copying file ./GoogleMapsResources.bundle/GoogleMaps.bundle/GMSCoreResources.bundle/sv.lproj/GMSCore.strings ... 
2025-06-24 07:56:29 +0000  4451 bytes for ./GoogleMapsResources.bundle/GoogleMaps.bundle/GMSCoreResources.bundle/sv.lproj/GMSCore.strings
2025-06-24 07:56:29 +0000  copying file ./GoogleMapsResources.bundle/GoogleMaps.bundle/GMSCoreResources.bundle/road_8-2.png ... 
2025-06-24 07:56:29 +0000  93 bytes for ./GoogleMapsResources.bundle/GoogleMaps.bundle/GMSCoreResources.bundle/road_8-2.png
2025-06-24 07:56:29 +0000  copying file ./GoogleMapsResources.bundle/GoogleMaps.bundle/GMSCoreResources.bundle/ic_closed_place_waypoint_alert_32pt.png ... 
2025-06-24 07:56:29 +0000  494 bytes for ./GoogleMapsResources.bundle/GoogleMaps.bundle/GMSCoreResources.bundle/ic_closed_place_waypoint_alert_32pt.png
2025-06-24 07:56:29 +0000  copying file ./GoogleMapsResources.bundle/GoogleMaps.bundle/GMSCoreResources.bundle/cs.lproj/GMSCore.strings ... 
2025-06-24 07:56:29 +0000  4667 bytes for ./GoogleMapsResources.bundle/GoogleMaps.bundle/GMSCoreResources.bundle/cs.lproj/GMSCore.strings
2025-06-24 07:56:29 +0000  copying file ./GoogleMapsResources.bundle/GoogleMaps.bundle/GMSCoreResources.bundle/button_background.png ... 
2025-06-24 07:56:29 +0000  334 bytes for ./GoogleMapsResources.bundle/GoogleMaps.bundle/GMSCoreResources.bundle/button_background.png
2025-06-24 07:56:29 +0000  copying file ./GoogleMapsResources.bundle/GoogleMaps.bundle/GMSCoreResources.bundle/GMSNavNightModeSprites-0-1x.png ... 
2025-06-24 07:56:29 +0000  3393 bytes for ./GoogleMapsResources.bundle/GoogleMaps.bundle/GMSCoreResources.bundle/GMSNavNightModeSprites-0-1x.png
2025-06-24 07:56:29 +0000  copying file ./GoogleMapsResources.bundle/GoogleMaps.bundle/GMSCoreResources.bundle/button_my_location@2x.png ... 
2025-06-24 07:56:29 +0000  1229 bytes for ./GoogleMapsResources.bundle/GoogleMaps.bundle/GMSCoreResources.bundle/button_my_location@2x.png
2025-06-24 07:56:29 +0000  copying file ./GoogleMapsResources.bundle/GoogleMaps.bundle/GMSCoreResources.bundle/en_IN.lproj/GMSCore.strings ... 
2025-06-24 07:56:29 +0000  4078 bytes for ./GoogleMapsResources.bundle/GoogleMaps.bundle/GMSCoreResources.bundle/en_IN.lproj/GMSCore.strings
2025-06-24 07:56:29 +0000  copying file ./GoogleMapsResources.bundle/GoogleMaps.bundle/GMSCoreResources.bundle/ko.lproj/GMSCore.strings ... 
2025-06-24 07:56:29 +0000  3904 bytes for ./GoogleMapsResources.bundle/GoogleMaps.bundle/GMSCoreResources.bundle/ko.lproj/GMSCore.strings
2025-06-24 07:56:29 +0000  copying file ./GoogleMapsResources.bundle/GoogleMaps.bundle/GMSCoreResources.bundle/GMSNavSprites-0-2x.png ... 
2025-06-24 07:56:29 +0000  13321 bytes for ./GoogleMapsResources.bundle/GoogleMaps.bundle/GMSCoreResources.bundle/GMSNavSprites-0-2x.png
2025-06-24 07:56:29 +0000  copying file ./GoogleMapsResources.bundle/GoogleMaps.bundle/GMSCoreResources.bundle/hy.lproj/GMSCore.strings ... 
2025-06-24 07:56:29 +0000  4312 bytes for ./GoogleMapsResources.bundle/GoogleMaps.bundle/GMSCoreResources.bundle/hy.lproj/GMSCore.strings
2025-06-24 07:56:29 +0000  copying file ./GoogleMapsResources.bundle/GoogleMaps.bundle/GMSCoreResources.bundle/ic_location_off@2x.png ... 
2025-06-24 07:56:29 +0000  860 bytes for ./GoogleMapsResources.bundle/GoogleMaps.bundle/GMSCoreResources.bundle/ic_location_off@2x.png
2025-06-24 07:56:29 +0000  copying file ./GoogleMapsResources.bundle/GoogleMaps.bundle/GMSCoreResources.bundle/my.lproj/GMSCore.strings ... 
2025-06-24 07:56:29 +0000  4524 bytes for ./GoogleMapsResources.bundle/GoogleMaps.bundle/GMSCoreResources.bundle/my.lproj/GMSCore.strings
2025-06-24 07:56:29 +0000  copying file ./GoogleMapsResources.bundle/GoogleMaps.bundle/GMSCoreResources.bundle/ic_covid_checkpoint_waypoint_alert_32pt@2x.png ... 
2025-06-24 07:56:29 +0000  1373 bytes for ./GoogleMapsResources.bundle/GoogleMaps.bundle/GMSCoreResources.bundle/ic_covid_checkpoint_waypoint_alert_32pt@2x.png
2025-06-24 07:56:29 +0000  copying file ./GoogleMapsResources.bundle/GoogleMaps.bundle/GMSCoreResources.bundle/GMSNavSprites-0-1x.png ... 
2025-06-24 07:56:29 +0000  5684 bytes for ./GoogleMapsResources.bundle/GoogleMaps.bundle/GMSCoreResources.bundle/GMSNavSprites-0-1x.png
2025-06-24 07:56:29 +0000  copying file ./GoogleMapsResources.bundle/GoogleMaps.bundle/GMSCoreResources.bundle/Tharlon-Regular.ttf ... 
2025-06-24 07:56:29 +0000  353228 bytes for ./GoogleMapsResources.bundle/GoogleMaps.bundle/GMSCoreResources.bundle/Tharlon-Regular.ttf
2025-06-24 07:56:29 +0000  copying file ./GoogleMapsResources.bundle/GoogleMaps.bundle/GMSCoreResources.bundle/hu.lproj/GMSCore.strings ... 
2025-06-24 07:56:29 +0000  4195 bytes for ./GoogleMapsResources.bundle/GoogleMaps.bundle/GMSCoreResources.bundle/hu.lproj/GMSCore.strings
2025-06-24 07:56:29 +0000  copying file ./GoogleMapsResources.bundle/GoogleMaps.bundle/GMSCoreResources.bundle/zh_HK.lproj/GMSCore.strings ... 
2025-06-24 07:56:29 +0000  3832 bytes for ./GoogleMapsResources.bundle/GoogleMaps.bundle/GMSCoreResources.bundle/zh_HK.lproj/GMSCore.strings
2025-06-24 07:56:29 +0000  copying file ./GoogleMapsResources.bundle/GoogleMaps.bundle/GMSCoreResources.bundle/road_4-1.png ... 
2025-06-24 07:56:29 +0000  74 bytes for ./GoogleMapsResources.bundle/GoogleMaps.bundle/GMSCoreResources.bundle/road_4-1.png
2025-06-24 07:56:29 +0000  copying file ./GoogleMapsResources.bundle/GoogleMaps.bundle/GMSCoreResources.bundle/ka.lproj/GMSCore.strings ... 
2025-06-24 07:56:29 +0000  4322 bytes for ./GoogleMapsResources.bundle/GoogleMaps.bundle/GMSCoreResources.bundle/ka.lproj/GMSCore.strings
2025-06-24 07:56:29 +0000  copying file ./GoogleMapsResources.bundle/GoogleMaps.bundle/GMSCoreResources.bundle/button_background@2x.png ... 
2025-06-24 07:56:29 +0000  433 bytes for ./GoogleMapsResources.bundle/GoogleMaps.bundle/GMSCoreResources.bundle/button_background@2x.png
2025-06-24 07:56:29 +0000  copying file ./GoogleMapsResources.bundle/GoogleMaps.bundle/GMSCoreResources.bundle/ic_compass_needle_32pt.png ... 
2025-06-24 07:56:29 +0000  742 bytes for ./GoogleMapsResources.bundle/GoogleMaps.bundle/GMSCoreResources.bundle/ic_compass_needle_32pt.png
2025-06-24 07:56:29 +0000  copying file ./GoogleMapsResources.bundle/GoogleMaps.bundle/GMSCoreResources.bundle/ic_compass_needle@2x.png ... 
2025-06-24 07:56:29 +0000  992 bytes for ./GoogleMapsResources.bundle/GoogleMaps.bundle/GMSCoreResources.bundle/ic_compass_needle@2x.png
2025-06-24 07:56:29 +0000  copying file ./GoogleMapsResources.bundle/GoogleMaps.bundle/GMSCoreResources.bundle/Assets.car ... 
2025-06-24 07:56:29 +0000  48575 bytes for ./GoogleMapsResources.bundle/GoogleMaps.bundle/GMSCoreResources.bundle/Assets.car
2025-06-24 07:56:29 +0000  copying file ./GoogleMapsResources.bundle/GoogleMaps.bundle/GMSCoreResources.bundle/tr.lproj/GMSCore.strings ... 
2025-06-24 07:56:29 +0000  4175 bytes for ./GoogleMapsResources.bundle/GoogleMaps.bundle/GMSCoreResources.bundle/tr.lproj/GMSCore.strings
2025-06-24 07:56:29 +0000  copying file ./GoogleMapsResources.bundle/GoogleMaps.bundle/GMSCoreResources.bundle/pl.lproj/GMSCore.strings ... 
2025-06-24 07:56:29 +0000  4491 bytes for ./GoogleMapsResources.bundle/GoogleMaps.bundle/GMSCoreResources.bundle/pl.lproj/GMSCore.strings
2025-06-24 07:56:29 +0000  copying file ./GoogleMapsResources.bundle/GoogleMaps.bundle/GMSCoreResources.bundle/zh_TW.lproj/GMSCore.strings ... 
2025-06-24 07:56:29 +0000  3857 bytes for ./GoogleMapsResources.bundle/GoogleMaps.bundle/GMSCoreResources.bundle/zh_TW.lproj/GMSCore.strings
2025-06-24 07:56:29 +0000  copying file ./GoogleMapsResources.bundle/GoogleMaps.bundle/GMSCoreResources.bundle/ic_closed_place_waypoint_alert_32pt@3x.png ... 
2025-06-24 07:56:29 +0000  1643 bytes for ./GoogleMapsResources.bundle/GoogleMaps.bundle/GMSCoreResources.bundle/ic_closed_place_waypoint_alert_32pt@3x.png
2025-06-24 07:56:29 +0000  copying file ./GoogleMapsResources.bundle/GoogleMaps.bundle/GMSCoreResources.bundle/GMSNavNightModeSprites-0-2x.png ... 
2025-06-24 07:56:29 +0000  7660 bytes for ./GoogleMapsResources.bundle/GoogleMaps.bundle/GMSCoreResources.bundle/GMSNavNightModeSprites-0-2x.png
2025-06-24 07:56:29 +0000  copying file ./GoogleMapsResources.bundle/GoogleMaps.bundle/GMSCoreResources.bundle/GMSNavNightModeSprites-0-3x.png ... 
2025-06-24 07:56:29 +0000  12519 bytes for ./GoogleMapsResources.bundle/GoogleMaps.bundle/GMSCoreResources.bundle/GMSNavNightModeSprites-0-3x.png
2025-06-24 07:56:29 +0000  copying file ./GoogleMapsResources.bundle/GoogleMaps.bundle/GMSCoreResources.bundle/ic_closed_place_waypoint_alert_32pt@2x.png ... 
2025-06-24 07:56:29 +0000  1210 bytes for ./GoogleMapsResources.bundle/GoogleMaps.bundle/GMSCoreResources.bundle/ic_closed_place_waypoint_alert_32pt@2x.png
2025-06-24 07:56:29 +0000  copying file ./GoogleMapsResources.bundle/GoogleMaps.bundle/GMSCoreResources.bundle/en_GB.lproj/GMSCore.strings ... 
2025-06-24 07:56:29 +0000  4078 bytes for ./GoogleMapsResources.bundle/GoogleMaps.bundle/GMSCoreResources.bundle/en_GB.lproj/GMSCore.strings
2025-06-24 07:56:29 +0000  copying file ./GoogleMapsResources.bundle/GoogleMaps.bundle/GMSCoreResources.bundle/dav_one_way_16_256.png ... 
2025-06-24 07:56:29 +0000  315 bytes for ./GoogleMapsResources.bundle/GoogleMaps.bundle/GMSCoreResources.bundle/dav_one_way_16_256.png
2025-06-24 07:56:29 +0000  copying file ./GoogleMapsResources.bundle/GoogleMaps.bundle/GMSCoreResources.bundle/road_2-1.png ... 
2025-06-24 07:56:29 +0000  84 bytes for ./GoogleMapsResources.bundle/GoogleMaps.bundle/GMSCoreResources.bundle/road_2-1.png
2025-06-24 07:56:29 +0000  copying file ./GoogleMapsResources.bundle/GoogleMaps.bundle/GMSCoreResources.bundle/vi.lproj/GMSCore.strings ... 
2025-06-24 07:56:29 +0000  4232 bytes for ./GoogleMapsResources.bundle/GoogleMaps.bundle/GMSCoreResources.bundle/vi.lproj/GMSCore.strings
2025-06-24 07:56:29 +0000  copying file ./GoogleMapsResources.bundle/GoogleMaps.bundle/GMSCoreResources.bundle/button_background@3x.png ... 
2025-06-24 07:56:29 +0000  515 bytes for ./GoogleMapsResources.bundle/GoogleMaps.bundle/GMSCoreResources.bundle/button_background@3x.png
2025-06-24 07:56:29 +0000  copying file ./GoogleMapsResources.bundle/GoogleMaps.bundle/GMSCoreResources.bundle/road_32-8.png ... 
2025-06-24 07:56:29 +0000  223 bytes for ./GoogleMapsResources.bundle/GoogleMaps.bundle/GMSCoreResources.bundle/road_32-8.png
2025-06-24 07:56:29 +0000  copying file ./GoogleMapsResources.bundle/GoogleMaps.bundle/GMSCoreResources.bundle/lv.lproj/GMSCore.strings ... 
2025-06-24 07:56:29 +0000  4617 bytes for ./GoogleMapsResources.bundle/GoogleMaps.bundle/GMSCoreResources.bundle/lv.lproj/GMSCore.strings
2025-06-24 07:56:29 +0000  copying file ./GoogleMapsResources.bundle/GoogleMaps.bundle/GMSCoreResources.bundle/lt.lproj/GMSCore.strings ... 
2025-06-24 07:56:29 +0000  4321 bytes for ./GoogleMapsResources.bundle/GoogleMaps.bundle/GMSCoreResources.bundle/lt.lproj/GMSCore.strings
2025-06-24 07:56:29 +0000  copying file ./GoogleMapsResources.bundle/GoogleMaps.bundle/GMSCoreResources.bundle/ru.lproj/GMSCore.strings ... 
2025-06-24 07:56:29 +0000  4771 bytes for ./GoogleMapsResources.bundle/GoogleMaps.bundle/GMSCoreResources.bundle/ru.lproj/GMSCore.strings
2025-06-24 07:56:29 +0000  copying file ./GoogleMapsResources.bundle/GoogleMaps.bundle/GMSCoreResources.bundle/GMSShaders.metallib ... 
2025-06-24 07:56:29 +0000  305549 bytes for ./GoogleMapsResources.bundle/GoogleMaps.bundle/GMSCoreResources.bundle/GMSShaders.metallib
2025-06-24 07:56:29 +0000  copying file ./GoogleMapsResources.bundle/GoogleMaps.bundle/GMSCoreResources.bundle/polyline_colors_texture_dim.png ... 
2025-06-24 07:56:29 +0000  7485 bytes for ./GoogleMapsResources.bundle/GoogleMaps.bundle/GMSCoreResources.bundle/polyline_colors_texture_dim.png
2025-06-24 07:56:29 +0000  copying file ./GoogleMapsResources.bundle/GoogleMaps.bundle/GMSCoreResources.bundle/ic_covid_checkpoint_waypoint_alert_32pt@3x.png ... 
2025-06-24 07:56:29 +0000  1826 bytes for ./GoogleMapsResources.bundle/GoogleMaps.bundle/GMSCoreResources.bundle/ic_covid_checkpoint_waypoint_alert_32pt@3x.png
2025-06-24 07:56:29 +0000  copying file ./GoogleMapsResources.bundle/GoogleMaps.bundle/GMSCoreResources.bundle/ic_closed_place_waypoint_alert_night_32pt.png ... 
2025-06-24 07:56:29 +0000  435 bytes for ./GoogleMapsResources.bundle/GoogleMaps.bundle/GMSCoreResources.bundle/ic_closed_place_waypoint_alert_night_32pt.png
2025-06-24 07:56:29 +0000  copying file ./GoogleMapsResources.bundle/GoogleMaps.bundle/GMSCoreResources.bundle/fr_CA.lproj/GMSCore.strings ... 
2025-06-24 07:56:29 +0000  4335 bytes for ./GoogleMapsResources.bundle/GoogleMaps.bundle/GMSCoreResources.bundle/fr_CA.lproj/GMSCore.strings
2025-06-24 07:56:29 +0000  copying file ./GoogleMapsResources.bundle/GoogleMaps.bundle/GMSCoreResources.bundle/ic_covid_checkpoint_waypoint_alert_night_32pt@3x.png ... 
2025-06-24 07:56:29 +0000  1841 bytes for ./GoogleMapsResources.bundle/GoogleMaps.bundle/GMSCoreResources.bundle/ic_covid_checkpoint_waypoint_alert_night_32pt@3x.png
2025-06-24 07:56:29 +0000  copying file ./GoogleMapsResources.bundle/GoogleMaps.bundle/GMSCoreResources.bundle/ic_compass_needle_32pt@2x.png ... 
2025-06-24 07:56:29 +0000  1360 bytes for ./GoogleMapsResources.bundle/GoogleMaps.bundle/GMSCoreResources.bundle/ic_compass_needle_32pt@2x.png
2025-06-24 07:56:29 +0000  copying file ./GoogleMapsResources.bundle/GoogleMaps.bundle/GMSCoreResources.bundle/road_128-32.png ... 
2025-06-24 07:56:29 +0000  1029 bytes for ./GoogleMapsResources.bundle/GoogleMaps.bundle/GMSCoreResources.bundle/road_128-32.png
2025-06-24 07:56:29 +0000  copying file ./GoogleMapsResources.bundle/GoogleMaps.bundle/GMSCoreResources.bundle/uz.lproj/GMSCore.strings ... 
2025-06-24 07:56:29 +0000  4071 bytes for ./GoogleMapsResources.bundle/GoogleMaps.bundle/GMSCoreResources.bundle/uz.lproj/GMSCore.strings
2025-06-24 07:56:29 +0000  copying file ./GoogleMapsResources.bundle/GoogleMaps.bundle/GMSCoreResources.bundle/ic_covid_medical_waypoint_alert_32pt.png ... 
2025-06-24 07:56:29 +0000  441 bytes for ./GoogleMapsResources.bundle/GoogleMaps.bundle/GMSCoreResources.bundle/ic_covid_medical_waypoint_alert_32pt.png
2025-06-24 07:56:29 +0000  copying file ./GoogleMapsResources.bundle/GoogleMaps.bundle/GMSCoreResources.bundle/fr.lproj/GMSCore.strings ... 
2025-06-24 07:56:29 +0000  4633 bytes for ./GoogleMapsResources.bundle/GoogleMaps.bundle/GMSCoreResources.bundle/fr.lproj/GMSCore.strings
2025-06-24 07:56:29 +0000  copying file ./GoogleMapsResources.bundle/GoogleMaps.bundle/GMSCoreResources.bundle/fi.lproj/GMSCore.strings ... 
2025-06-24 07:56:29 +0000  4286 bytes for ./GoogleMapsResources.bundle/GoogleMaps.bundle/GMSCoreResources.bundle/fi.lproj/GMSCore.strings
2025-06-24 07:56:29 +0000  copying file ./GoogleMapsResources.bundle/GoogleMaps.bundle/GMSCoreResources.bundle/id.lproj/GMSCore.strings ... 
2025-06-24 07:56:29 +0000  3954 bytes for ./GoogleMapsResources.bundle/GoogleMaps.bundle/GMSCoreResources.bundle/id.lproj/GMSCore.strings
2025-06-24 07:56:29 +0000  copying file ./GoogleMapsResources.bundle/GoogleMaps.bundle/GMSCoreResources.bundle/nl.lproj/GMSCore.strings ... 
2025-06-24 07:56:29 +0000  4144 bytes for ./GoogleMapsResources.bundle/GoogleMaps.bundle/GMSCoreResources.bundle/nl.lproj/GMSCore.strings
2025-06-24 07:56:29 +0000  copying file ./GoogleMapsResources.bundle/GoogleMaps.bundle/GMSCoreResources.bundle/th.lproj/GMSCore.strings ... 
2025-06-24 07:56:29 +0000  4157 bytes for ./GoogleMapsResources.bundle/GoogleMaps.bundle/GMSCoreResources.bundle/th.lproj/GMSCore.strings
2025-06-24 07:56:29 +0000  copying file ./GoogleMapsResources.bundle/GoogleMaps.bundle/GMSCoreResources.bundle/ic_covid_medical_waypoint_alert_night_32pt@3x.png ... 
2025-06-24 07:56:29 +0000  1066 bytes for ./GoogleMapsResources.bundle/GoogleMaps.bundle/GMSCoreResources.bundle/ic_covid_medical_waypoint_alert_night_32pt@3x.png
2025-06-24 07:56:29 +0000  copying file ./GoogleMapsResources.bundle/GoogleMaps.bundle/GMSCoreResources.bundle/az.lproj/GMSCore.strings ... 
2025-06-24 07:56:29 +0000  4228 bytes for ./GoogleMapsResources.bundle/GoogleMaps.bundle/GMSCoreResources.bundle/az.lproj/GMSCore.strings
2025-06-24 07:56:29 +0000  copying file ./GoogleMapsResources.bundle/GoogleMaps.bundle/GMSCoreResources.bundle/road_64-16.png ... 
2025-06-24 07:56:29 +0000  425 bytes for ./GoogleMapsResources.bundle/GoogleMaps.bundle/GMSCoreResources.bundle/road_64-16.png
2025-06-24 07:56:29 +0000  copying file ./GoogleMapsResources.bundle/GoogleMaps.bundle/GMSCoreResources.bundle/GMSSprites-0-3x.png ... 
2025-06-24 07:56:29 +0000  61437 bytes for ./GoogleMapsResources.bundle/GoogleMaps.bundle/GMSCoreResources.bundle/GMSSprites-0-3x.png
2025-06-24 07:56:29 +0000  copying file ./GoogleMapsResources.bundle/GoogleMaps.bundle/GMSCoreResources.bundle/polyline_colors_texture.png ... 
2025-06-24 07:56:29 +0000  7433 bytes for ./GoogleMapsResources.bundle/GoogleMaps.bundle/GMSCoreResources.bundle/polyline_colors_texture.png
2025-06-24 07:56:29 +0000  copying file ./GoogleMapsResources.bundle/GoogleMaps.bundle/GMSCoreResources.bundle/ic_compass_needle.png ... 
2025-06-24 07:56:29 +0000  483 bytes for ./GoogleMapsResources.bundle/GoogleMaps.bundle/GMSCoreResources.bundle/ic_compass_needle.png
2025-06-24 07:56:29 +0000  copying file ./GoogleMapsResources.bundle/GoogleMaps.bundle/GMSCoreResources.bundle/pt.lproj/GMSCore.strings ... 
2025-06-24 07:56:29 +0000  4388 bytes for ./GoogleMapsResources.bundle/GoogleMaps.bundle/GMSCoreResources.bundle/pt.lproj/GMSCore.strings
2025-06-24 07:56:29 +0000  copying file ./GoogleMapsResources.bundle/GoogleMaps.bundle/GMSCoreResources.bundle/GMSShadersSim.metallib ... 
2025-06-24 07:56:29 +0000  307182 bytes for ./GoogleMapsResources.bundle/GoogleMaps.bundle/GMSCoreResources.bundle/GMSShadersSim.metallib
2025-06-24 07:56:29 +0000  copying file ./GoogleMapsResources.bundle/GoogleMaps.bundle/GMSCoreResources.bundle/ic_covid_border_waypoint_alert_32pt@2x.png ... 
2025-06-24 07:56:29 +0000  1012 bytes for ./GoogleMapsResources.bundle/GoogleMaps.bundle/GMSCoreResources.bundle/ic_covid_border_waypoint_alert_32pt@2x.png
2025-06-24 07:56:29 +0000  copying file ./GoogleMapsResources.bundle/GoogleMaps.bundle/GMSCoreResources.bundle/ic_closed_place_waypoint_alert_night_32pt@2x.png ... 
2025-06-24 07:56:29 +0000  1069 bytes for ./GoogleMapsResources.bundle/GoogleMaps.bundle/GMSCoreResources.bundle/ic_closed_place_waypoint_alert_night_32pt@2x.png
2025-06-24 07:56:29 +0000  copying file ./GoogleMapsResources.bundle/GoogleMaps.bundle/GMSCoreResources.bundle/road_1-1.png ... 
2025-06-24 07:56:29 +0000  95 bytes for ./GoogleMapsResources.bundle/GoogleMaps.bundle/GMSCoreResources.bundle/road_1-1.png
2025-06-24 07:56:29 +0000  copying file ./GoogleMapsResources.bundle/GoogleMaps.bundle/GMSCoreResources.bundle/ic_location_off.png ... 
2025-06-24 07:56:29 +0000  498 bytes for ./GoogleMapsResources.bundle/GoogleMaps.bundle/GMSCoreResources.bundle/ic_location_off.png
copying file ./GoogleMapsResources.bundle/GoogleMaps.bundle/GMSCoreResources.bundle/ic_covid_border_waypoint_alert_32pt@3x.png ... 
2025-06-24 07:56:29 +0000  1353 bytes for ./GoogleMapsResources.bundle/GoogleMaps.bundle/GMSCoreResources.bundle/ic_covid_border_waypoint_alert_32pt@3x.png
2025-06-24 07:56:29 +0000  copying file ./GoogleMapsResources.bundle/GoogleMaps.bundle/GMSCoreResources.bundle/ic_closed_place_waypoint_alert_night_32pt@3x.png ... 
2025-06-24 07:56:29 +0000  1472 bytes for ./GoogleMapsResources.bundle/GoogleMaps.bundle/GMSCoreResources.bundle/ic_closed_place_waypoint_alert_night_32pt@3x.png
2025-06-24 07:56:29 +0000  copying file ./GoogleMapsResources.bundle/GoogleMaps.bundle/GMSCoreResources.bundle/ro.lproj/GMSCore.strings ... 
2025-06-24 07:56:29 +0000  4491 bytes for ./GoogleMapsResources.bundle/GoogleMaps.bundle/GMSCoreResources.bundle/ro.lproj/GMSCore.strings
2025-06-24 07:56:29 +0000  copying file ./GoogleMapsResources.bundle/GoogleMaps.bundle/GMSCoreResources.bundle/Info.plist ... 
2025-06-24 07:56:29 +0000  359 bytes for ./GoogleMapsResources.bundle/GoogleMaps.bundle/GMSCoreResources.bundle/Info.plist
2025-06-24 07:56:29 +0000  copying file ./GoogleMapsResources.bundle/GoogleMaps.bundle/GMSCoreResources.bundle/GMSSprites-0-2x.png ... 
2025-06-24 07:56:29 +0000  40485 bytes for ./GoogleMapsResources.bundle/GoogleMaps.bundle/GMSCoreResources.bundle/GMSSprites-0-2x.png
2025-06-24 07:56:29 +0000  copying file ./GoogleMapsResources.bundle/GoogleMaps.bundle/GMSCoreResources.bundle/ic_covid_medical_waypoint_alert_night_32pt.png ... 
2025-06-24 07:56:29 +0000  382 bytes for ./GoogleMapsResources.bundle/GoogleMaps.bundle/GMSCoreResources.bundle/ic_covid_medical_waypoint_alert_night_32pt.png
2025-06-24 07:56:29 +0000  copying file ./GoogleMapsResources.bundle/GoogleMaps.bundle/GMSCoreResources.bundle/ic_covid_checkpoint_waypoint_alert_32pt.png ... 
2025-06-24 07:56:29 +0000  601 bytes for ./GoogleMapsResources.bundle/GoogleMaps.bundle/GMSCoreResources.bundle/ic_covid_checkpoint_waypoint_alert_32pt.png
2025-06-24 07:56:29 +0000  copying file ./GoogleMapsResources.bundle/GoogleMaps.bundle/GMSCoreResources.bundle/ic_covid_medical_waypoint_alert_night_32pt@2x.png ... 
2025-06-24 07:56:29 +0000  825 bytes for ./GoogleMapsResources.bundle/GoogleMaps.bundle/GMSCoreResources.bundle/ic_covid_medical_waypoint_alert_night_32pt@2x.png
2025-06-24 07:56:29 +0000  copying file ./GoogleMapsResources.bundle/GoogleMaps.bundle/GMSCoreResources.bundle/button_compass_night@2x.png ... 
2025-06-24 07:56:29 +0000  2221 bytes for ./GoogleMapsResources.bundle/GoogleMaps.bundle/GMSCoreResources.bundle/button_compass_night@2x.png
2025-06-24 07:56:29 +0000  copying file ./GoogleMapsResources.bundle/GoogleMaps.bundle/GMSCoreResources.bundle/button_compass@2x.png ... 
2025-06-24 07:56:29 +0000  2560 bytes for ./GoogleMapsResources.bundle/GoogleMaps.bundle/GMSCoreResources.bundle/button_compass@2x.png
copying file ./GoogleMapsResources.bundle/GoogleMaps.bundle/GMSCoreResources.bundle/hr.lproj/GMSCore.strings ... 
2025-06-24 07:56:29 +0000  4264 bytes for ./GoogleMapsResources.bundle/GoogleMaps.bundle/GMSCoreResources.bundle/hr.lproj/GMSCore.strings
2025-06-24 07:56:29 +0000  copying file ./GoogleMapsResources.bundle/GoogleMaps.bundle/GMSCoreResources.bundle/hi.lproj/GMSCore.strings ... 
2025-06-24 07:56:29 +0000  4242 bytes for ./GoogleMapsResources.bundle/GoogleMaps.bundle/GMSCoreResources.bundle/hi.lproj/GMSCore.strings
2025-06-24 07:56:29 +0000  copying file ./GoogleMapsResources.bundle/GoogleMaps.bundle/GMSCoreResources.bundle/ca.lproj/GMSCore.strings ... 
2025-06-24 07:56:29 +0000  4274 bytes for ./GoogleMapsResources.bundle/GoogleMaps.bundle/GMSCoreResources.bundle/ca.lproj/GMSCore.strings
copying file ./GoogleMapsResources.bundle/GoogleMaps.bundle/GMSCoreResources.bundle/ic_compass_needle_32pt@3x.png ... 
2025-06-24 07:56:29 +0000  1962 bytes for ./GoogleMapsResources.bundle/GoogleMaps.bundle/GMSCoreResources.bundle/ic_compass_needle_32pt@3x.png
2025-06-24 07:56:29 +0000  copying file ./GoogleMapsResources.bundle/GoogleMaps.bundle/GMSCoreResources.bundle/ic_covid_checkpoint_waypoint_alert_night_32pt@2x.png ... 
2025-06-24 07:56:29 +0000  1380 bytes for ./GoogleMapsResources.bundle/GoogleMaps.bundle/GMSCoreResources.bundle/ic_covid_checkpoint_waypoint_alert_night_32pt@2x.png
2025-06-24 07:56:29 +0000  copying file ./GoogleMapsResources.bundle/GoogleMaps.bundle/ic_error@3x.png ... 
2025-06-24 07:56:29 +0000  743 bytes for ./GoogleMapsResources.bundle/GoogleMaps.bundle/ic_error@3x.png
copying file ./GoogleMapsResources.bundle/GoogleMaps.bundle/oss_licenses_maps.txt.gz ... 
2025-06-24 07:56:29 +0000  173531 bytes for ./GoogleMapsResources.bundle/GoogleMaps.bundle/oss_licenses_maps.txt.gz
copying file ./GoogleMapsResources.bundle/GoogleMaps.bundle/Assets.car ... 
2025-06-24 07:56:29 +0000  43967 bytes for ./GoogleMapsResources.bundle/GoogleMaps.bundle/Assets.car
2025-06-24 07:56:29 +0000  copying file ./GoogleMapsResources.bundle/GoogleMaps.bundle/bubble_right.png ... 
2025-06-24 07:56:29 +0000  455 bytes for ./GoogleMapsResources.bundle/GoogleMaps.bundle/bubble_right.png
2025-06-24 07:56:29 +0000  copying file ./GoogleMapsResources.bundle/GoogleMaps.bundle/ic_error@2x.png ... 
2025-06-24 07:56:29 +0000  454 bytes for ./GoogleMapsResources.bundle/GoogleMaps.bundle/ic_error@2x.png
2025-06-24 07:56:29 +0000  copying file ./GoogleMapsResources.bundle/GoogleMaps.bundle/GMSCacheStorage.momd/Storage.mom ... 
2025-06-24 07:56:29 +0000  4696 bytes for ./GoogleMapsResources.bundle/GoogleMaps.bundle/GMSCacheStorage.momd/Storage.mom
copying file ./GoogleMapsResources.bundle/GoogleMaps.bundle/GMSCacheStorage.momd/VersionInfo.plist ... 
2025-06-24 07:56:29 +0000  1197 bytes for ./GoogleMapsResources.bundle/GoogleMaps.bundle/GMSCacheStorage.momd/VersionInfo.plist
copying file ./GoogleMapsResources.bundle/GoogleMaps.bundle/GMSCacheStorage.momd/StorageWithTileProto.mom ... 
2025-06-24 07:56:29 +0000  5292 bytes for ./GoogleMapsResources.bundle/GoogleMaps.bundle/GMSCacheStorage.momd/StorageWithTileProto.mom
2025-06-24 07:56:29 +0000  copying file ./GoogleMapsResources.bundle/GoogleMaps.bundle/GMSCacheStorage.momd/StorageWithTileVersionID.mom ... 
2025-06-24 07:56:29 +0000  4802 bytes for ./GoogleMapsResources.bundle/GoogleMaps.bundle/GMSCacheStorage.momd/StorageWithTileVersionID.mom
2025-06-24 07:56:29 +0000  copying file ./GoogleMapsResources.bundle/GoogleMaps.bundle/Info.plist ... 
2025-06-24 07:56:29 +0000  363 bytes for ./GoogleMapsResources.bundle/GoogleMaps.bundle/Info.plist
2025-06-24 07:56:29 +0000  copying file ./GoogleMapsResources.bundle/Info.plist ... 
2025-06-24 07:56:29 +0000  788 bytes for ./GoogleMapsResources.bundle/Info.plist
copying file ./Info.plist ... 
2025-06-24 07:56:29 +0000  2067 bytes for ./Info.plist
copying file ./PkgInfo ... 
2025-06-24 07:56:29 +0000  8 bytes for ./PkgInfo
2025-06-24 07:56:29 +0000  /usr/bin/ditto exited with 0
2025-06-24 07:56:29 +0000  Processing step: IDEDistributionEmbedProfileStep
2025-06-24 07:56:29 +0000  Skipping profile for item: <IDEDistributionItem: 0x60003f620480; bundleID='io.flutter.flutter.app', path='<DVTFilePath:0x60003f68f2a0:'/Users/citlogistics/Library/Developer/Xcode/Archives/2025-06-24/Runner 24-06-2025, 10.53.xcarchive/Products/Applications/Runner.app/Frameworks/App.framework'>', codeSigningInfo='<_DVTCodeSigningInformation_Path: 0x600037a70c80; isSigned='1', isAdHocSigned='0', signingCertificate='<DVTSigningCertificate: 0x60001691f9c0; name='Apple Development: Benjamin Okwama (S87UA72Y9G)', hash='82F080B7ED3A11ADB516430728D944EDADEB699F', serialNumber='61BE2F0379D9C02F88BB2F0A226B93C8', certificateKinds='(
    "1.2.840.113635.100.6.1.12",
    "1.2.840.113635.100.6.1.2"
), issueDate='2025-05-15 07:27:09 +0000''>', entitlements='(null)', teamID='LV3WK67YPG', identifier='io.flutter.flutter.app', executablePath='<DVTFilePath:0x60003f68ef40:'/Users/citlogistics/Library/Developer/Xcode/Archives/2025-06-24/Runner 24-06-2025, 10.53.xcarchive/Products/Applications/Runner.app/Frameworks/App.framework/App'>', hardenedRuntime='0'>'>
2025-06-24 07:56:29 +0000  Skipping profile for item: <IDEDistributionItem: 0x60003f6c1da0; bundleID='org.cocoapods.DKImagePickerController', path='<DVTFilePath:0x600013015a80:'/Users/citlogistics/Library/Developer/Xcode/Archives/2025-06-24/Runner 24-06-2025, 10.53.xcarchive/Products/Applications/Runner.app/Frameworks/DKImagePickerController.framework'>', codeSigningInfo='<_DVTCodeSigningInformation_Path: 0x600037a04cd0; isSigned='1', isAdHocSigned='0', signingCertificate='<DVTSigningCertificate: 0x60001695d200; name='Apple Development: Benjamin Okwama (S87UA72Y9G)', hash='82F080B7ED3A11ADB516430728D944EDADEB699F', serialNumber='61BE2F0379D9C02F88BB2F0A226B93C8', certificateKinds='(
    "1.2.840.113635.100.6.1.12",
    "1.2.840.113635.100.6.1.2"
), issueDate='2025-05-15 07:27:09 +0000''>', entitlements='(null)', teamID='LV3WK67YPG', identifier='org.cocoapods.DKImagePickerController', executablePath='<DVTFilePath:0x600023492610:'/Users/citlogistics/Library/Developer/Xcode/Archives/2025-06-24/Runner 24-06-2025, 10.53.xcarchive/Products/Applications/Runner.app/Frameworks/DKImagePickerController.framework/DKImagePickerController'>', hardenedRuntime='0'>'>
2025-06-24 07:56:29 +0000  Skipping profile for item: <IDEDistributionItem: 0x60003f6c0000; bundleID='org.cocoapods.DKPhotoGallery', path='<DVTFilePath:0x600023493250:'/Users/citlogistics/Library/Developer/Xcode/Archives/2025-06-24/Runner 24-06-2025, 10.53.xcarchive/Products/Applications/Runner.app/Frameworks/DKPhotoGallery.framework'>', codeSigningInfo='<_DVTCodeSigningInformation_Path: 0x600037a04c80; isSigned='1', isAdHocSigned='0', signingCertificate='<DVTSigningCertificate: 0x60001696cf00; name='Apple Development: Benjamin Okwama (S87UA72Y9G)', hash='82F080B7ED3A11ADB516430728D944EDADEB699F', serialNumber='61BE2F0379D9C02F88BB2F0A226B93C8', certificateKinds='(
    "1.2.840.113635.100.6.1.12",
    "1.2.840.113635.100.6.1.2"
), issueDate='2025-05-15 07:27:09 +0000''>', entitlements='(null)', teamID='LV3WK67YPG', identifier='org.cocoapods.DKPhotoGallery', executablePath='<DVTFilePath:0x60003f6f12c0:'/Users/citlogistics/Library/Developer/Xcode/Archives/2025-06-24/Runner 24-06-2025, 10.53.xcarchive/Products/Applications/Runner.app/Frameworks/DKPhotoGallery.framework/DKPhotoGallery'>', hardenedRuntime='0'>'>
2025-06-24 07:56:29 +0000  Skipping profile for item: <IDEDistributionItem: 0x60003f637000; bundleID='io.flutter.flutter', path='<DVTFilePath:0x600023493e90:'/Users/citlogistics/Library/Developer/Xcode/Archives/2025-06-24/Runner 24-06-2025, 10.53.xcarchive/Products/Applications/Runner.app/Frameworks/Flutter.framework'>', codeSigningInfo='<_DVTCodeSigningInformation_Path: 0x600037a50640; isSigned='1', isAdHocSigned='0', signingCertificate='<DVTSigningCertificate: 0x600012687780; name='Apple Development: Benjamin Okwama (S87UA72Y9G)', hash='82F080B7ED3A11ADB516430728D944EDADEB699F', serialNumber='61BE2F0379D9C02F88BB2F0A226B93C8', certificateKinds='(
    "1.2.840.113635.100.6.1.12",
    "1.2.840.113635.100.6.1.2"
), issueDate='2025-05-15 07:27:09 +0000''>', entitlements='(null)', teamID='LV3WK67YPG', identifier='io.flutter.flutter', executablePath='<DVTFilePath:0x60003f6f29a0:'/Users/citlogistics/Library/Developer/Xcode/Archives/2025-06-24/Runner 24-06-2025, 10.53.xcarchive/Products/Applications/Runner.app/Frameworks/Flutter.framework/Flutter'>', hardenedRuntime='0'>'>
2025-06-24 07:56:29 +0000  Skipping profile for item: <IDEDistributionItem: 0x60003f634f60; bundleID='org.cocoapods.SDWebImage', path='<DVTFilePath:0x600023496fb0:'/Users/citlogistics/Library/Developer/Xcode/Archives/2025-06-24/Runner 24-06-2025, 10.53.xcarchive/Products/Applications/Runner.app/Frameworks/SDWebImage.framework'>', codeSigningInfo='<_DVTCodeSigningInformation_Path: 0x600037a55d10; isSigned='1', isAdHocSigned='0', signingCertificate='<DVTSigningCertificate: 0x60001695d200; name='Apple Development: Benjamin Okwama (S87UA72Y9G)', hash='82F080B7ED3A11ADB516430728D944EDADEB699F', serialNumber='61BE2F0379D9C02F88BB2F0A226B93C8', certificateKinds='(
    "1.2.840.113635.100.6.1.12",
    "1.2.840.113635.100.6.1.2"
), issueDate='2025-05-15 07:27:09 +0000''>', entitlements='(null)', teamID='LV3WK67YPG', identifier='org.cocoapods.SDWebImage', executablePath='<DVTFilePath:0x60003f68b660:'/Users/citlogistics/Library/Developer/Xcode/Archives/2025-06-24/Runner 24-06-2025, 10.53.xcarchive/Products/Applications/Runner.app/Frameworks/SDWebImage.framework/SDWebImage'>', hardenedRuntime='0'>'>
2025-06-24 07:56:29 +0000  Skipping profile for item: <IDEDistributionItem: 0x60003f625200; bundleID='org.cocoapods.SwiftyGif', path='<DVTFilePath:0x6000237455e0:'/Users/citlogistics/Library/Developer/Xcode/Archives/2025-06-24/Runner 24-06-2025, 10.53.xcarchive/Products/Applications/Runner.app/Frameworks/SwiftyGif.framework'>', codeSigningInfo='<_DVTCodeSigningInformation_Path: 0x600037a1d9a0; isSigned='1', isAdHocSigned='0', signingCertificate='<DVTSigningCertificate: 0x60001691f9c0; name='Apple Development: Benjamin Okwama (S87UA72Y9G)', hash='82F080B7ED3A11ADB516430728D944EDADEB699F', serialNumber='61BE2F0379D9C02F88BB2F0A226B93C8', certificateKinds='(
    "1.2.840.113635.100.6.1.12",
    "1.2.840.113635.100.6.1.2"
), issueDate='2025-05-15 07:27:09 +0000''>', entitlements='(null)', teamID='LV3WK67YPG', identifier='org.cocoapods.SwiftyGif', executablePath='<DVTFilePath:0x60003f6fea00:'/Users/citlogistics/Library/Developer/Xcode/Archives/2025-06-24/Runner 24-06-2025, 10.53.xcarchive/Products/Applications/Runner.app/Frameworks/SwiftyGif.framework/SwiftyGif'>', hardenedRuntime='0'>'>
2025-06-24 07:56:29 +0000  Skipping profile for item: <IDEDistributionItem: 0x60003f6250e0; bundleID='org.cocoapods.device-info-plus', path='<DVTFilePath:0x6000234a1810:'/Users/citlogistics/Library/Developer/Xcode/Archives/2025-06-24/Runner 24-06-2025, 10.53.xcarchive/Products/Applications/Runner.app/Frameworks/device_info_plus.framework'>', codeSigningInfo='<_DVTCodeSigningInformation_Path: 0x600037a723a0; isSigned='1', isAdHocSigned='0', signingCertificate='<DVTSigningCertificate: 0x600012687780; name='Apple Development: Benjamin Okwama (S87UA72Y9G)', hash='82F080B7ED3A11ADB516430728D944EDADEB699F', serialNumber='61BE2F0379D9C02F88BB2F0A226B93C8', certificateKinds='(
    "1.2.840.113635.100.6.1.12",
    "1.2.840.113635.100.6.1.2"
), issueDate='2025-05-15 07:27:09 +0000''>', entitlements='(null)', teamID='LV3WK67YPG', identifier='org.cocoapods.device-info-plus', executablePath='<DVTFilePath:0x600023492450:'/Users/citlogistics/Library/Developer/Xcode/Archives/2025-06-24/Runner 24-06-2025, 10.53.xcarchive/Products/Applications/Runner.app/Frameworks/device_info_plus.framework/device_info_plus'>', hardenedRuntime='0'>'>
2025-06-24 07:56:29 +0000  Skipping profile for item: <IDEDistributionItem: 0x60003f6c3480; bundleID='org.cocoapods.file-picker', path='<DVTFilePath:0x6000234935d0:'/Users/citlogistics/Library/Developer/Xcode/Archives/2025-06-24/Runner 24-06-2025, 10.53.xcarchive/Products/Applications/Runner.app/Frameworks/file_picker.framework'>', codeSigningInfo='<_DVTCodeSigningInformation_Path: 0x600037a1f250; isSigned='1', isAdHocSigned='0', signingCertificate='<DVTSigningCertificate: 0x60001691f9c0; name='Apple Development: Benjamin Okwama (S87UA72Y9G)', hash='82F080B7ED3A11ADB516430728D944EDADEB699F', serialNumber='61BE2F0379D9C02F88BB2F0A226B93C8', certificateKinds='(
    "1.2.840.113635.100.6.1.12",
    "1.2.840.113635.100.6.1.2"
), issueDate='2025-05-15 07:27:09 +0000''>', entitlements='(null)', teamID='LV3WK67YPG', identifier='org.cocoapods.file-picker', executablePath='<DVTFilePath:0x60003f6f2040:'/Users/citlogistics/Library/Developer/Xcode/Archives/2025-06-24/Runner 24-06-2025, 10.53.xcarchive/Products/Applications/Runner.app/Frameworks/file_picker.framework/file_picker'>', hardenedRuntime='0'>'>
2025-06-24 07:56:29 +0000  Skipping profile for item: <IDEDistributionItem: 0x60003f622520; bundleID='org.cocoapods.flutter-background-service-ios', path='<DVTFilePath:0x6000070c1300:'/Users/citlogistics/Library/Developer/Xcode/Archives/2025-06-24/Runner 24-06-2025, 10.53.xcarchive/Products/Applications/Runner.app/Frameworks/flutter_background_service_ios.framework'>', codeSigningInfo='<_DVTCodeSigningInformation_Path: 0x600037a5d310; isSigned='1', isAdHocSigned='0', signingCertificate='<DVTSigningCertificate: 0x60001691f9c0; name='Apple Development: Benjamin Okwama (S87UA72Y9G)', hash='82F080B7ED3A11ADB516430728D944EDADEB699F', serialNumber='61BE2F0379D9C02F88BB2F0A226B93C8', certificateKinds='(
    "1.2.840.113635.100.6.1.12",
    "1.2.840.113635.100.6.1.2"
), issueDate='2025-05-15 07:27:09 +0000''>', entitlements='(null)', teamID='LV3WK67YPG', identifier='org.cocoapods.flutter-background-service-ios', executablePath='<DVTFilePath:0x6000234a19d0:'/Users/citlogistics/Library/Developer/Xcode/Archives/2025-06-24/Runner 24-06-2025, 10.53.xcarchive/Products/Applications/Runner.app/Frameworks/flutter_background_service_ios.framework/flutter_background_service_ios'>', hardenedRuntime='0'>'>
2025-06-24 07:56:29 +0000  Skipping profile for item: <IDEDistributionItem: 0x60003f625e60; bundleID='org.cocoapods.flutter-local-notifications', path='<DVTFilePath:0x6000070c1680:'/Users/citlogistics/Library/Developer/Xcode/Archives/2025-06-24/Runner 24-06-2025, 10.53.xcarchive/Products/Applications/Runner.app/Frameworks/flutter_local_notifications.framework'>', codeSigningInfo='<_DVTCodeSigningInformation_Path: 0x600037a70000; isSigned='1', isAdHocSigned='0', signingCertificate='<DVTSigningCertificate: 0x60001695d200; name='Apple Development: Benjamin Okwama (S87UA72Y9G)', hash='82F080B7ED3A11ADB516430728D944EDADEB699F', serialNumber='61BE2F0379D9C02F88BB2F0A226B93C8', certificateKinds='(
    "1.2.840.113635.100.6.1.12",
    "1.2.840.113635.100.6.1.2"
), issueDate='2025-05-15 07:27:09 +0000''>', entitlements='(null)', teamID='LV3WK67YPG', identifier='org.cocoapods.flutter-local-notifications', executablePath='<DVTFilePath:0x600023493b10:'/Users/citlogistics/Library/Developer/Xcode/Archives/2025-06-24/Runner 24-06-2025, 10.53.xcarchive/Products/Applications/Runner.app/Frameworks/flutter_local_notifications.framework/flutter_local_notifications'>', hardenedRuntime='0'>'>
2025-06-24 07:56:29 +0000  Skipping profile for item: <IDEDistributionItem: 0x60003f637900; bundleID='org.cocoapods.flutter-native-splash', path='<DVTFilePath:0x6000234a3640:'/Users/citlogistics/Library/Developer/Xcode/Archives/2025-06-24/Runner 24-06-2025, 10.53.xcarchive/Products/Applications/Runner.app/Frameworks/flutter_native_splash.framework'>', codeSigningInfo='<_DVTCodeSigningInformation_Path: 0x600037a1d540; isSigned='1', isAdHocSigned='0', signingCertificate='<DVTSigningCertificate: 0x600012687780; name='Apple Development: Benjamin Okwama (S87UA72Y9G)', hash='82F080B7ED3A11ADB516430728D944EDADEB699F', serialNumber='61BE2F0379D9C02F88BB2F0A226B93C8', certificateKinds='(
    "1.2.840.113635.100.6.1.12",
    "1.2.840.113635.100.6.1.2"
), issueDate='2025-05-15 07:27:09 +0000''>', entitlements='(null)', teamID='LV3WK67YPG', identifier='org.cocoapods.flutter-native-splash', executablePath='<DVTFilePath:0x6000234aeae0:'/Users/citlogistics/Library/Developer/Xcode/Archives/2025-06-24/Runner 24-06-2025, 10.53.xcarchive/Products/Applications/Runner.app/Frameworks/flutter_native_splash.framework/flutter_native_splash'>', hardenedRuntime='0'>'>
2025-06-24 07:56:29 +0000  Skipping profile for item: <IDEDistributionItem: 0x60003f637240; bundleID='org.cocoapods.fluttertoast', path='<DVTFilePath:0x6000234a7aa0:'/Users/citlogistics/Library/Developer/Xcode/Archives/2025-06-24/Runner 24-06-2025, 10.53.xcarchive/Products/Applications/Runner.app/Frameworks/fluttertoast.framework'>', codeSigningInfo='<_DVTCodeSigningInformation_Path: 0x600037a05540; isSigned='1', isAdHocSigned='0', signingCertificate='<DVTSigningCertificate: 0x600012687780; name='Apple Development: Benjamin Okwama (S87UA72Y9G)', hash='82F080B7ED3A11ADB516430728D944EDADEB699F', serialNumber='61BE2F0379D9C02F88BB2F0A226B93C8', certificateKinds='(
    "1.2.840.113635.100.6.1.12",
    "1.2.840.113635.100.6.1.2"
), issueDate='2025-05-15 07:27:09 +0000''>', entitlements='(null)', teamID='LV3WK67YPG', identifier='org.cocoapods.fluttertoast', executablePath='<DVTFilePath:0x60003f6f3720:'/Users/citlogistics/Library/Developer/Xcode/Archives/2025-06-24/Runner 24-06-2025, 10.53.xcarchive/Products/Applications/Runner.app/Frameworks/fluttertoast.framework/fluttertoast'>', hardenedRuntime='0'>'>
2025-06-24 07:56:29 +0000  Skipping profile for item: <IDEDistributionItem: 0x60003f636be0; bundleID='org.cocoapods.geocoding-ios', path='<DVTFilePath:0x600023496300:'/Users/citlogistics/Library/Developer/Xcode/Archives/2025-06-24/Runner 24-06-2025, 10.53.xcarchive/Products/Applications/Runner.app/Frameworks/geocoding_ios.framework'>', codeSigningInfo='<_DVTCodeSigningInformation_Path: 0x600037a04640; isSigned='1', isAdHocSigned='0', signingCertificate='<DVTSigningCertificate: 0x60001696cf00; name='Apple Development: Benjamin Okwama (S87UA72Y9G)', hash='82F080B7ED3A11ADB516430728D944EDADEB699F', serialNumber='61BE2F0379D9C02F88BB2F0A226B93C8', certificateKinds='(
    "1.2.840.113635.100.6.1.12",
    "1.2.840.113635.100.6.1.2"
), issueDate='2025-05-15 07:27:09 +0000''>', entitlements='(null)', teamID='LV3WK67YPG', identifier='org.cocoapods.geocoding-ios', executablePath='<DVTFilePath:0x60003f6f4a80:'/Users/citlogistics/Library/Developer/Xcode/Archives/2025-06-24/Runner 24-06-2025, 10.53.xcarchive/Products/Applications/Runner.app/Frameworks/geocoding_ios.framework/geocoding_ios'>', hardenedRuntime='0'>'>
2025-06-24 07:56:29 +0000  Skipping profile for item: <IDEDistributionItem: 0x60003f637a20; bundleID='org.cocoapods.geolocator-apple', path='<DVTFilePath:0x6000234b3790:'/Users/citlogistics/Library/Developer/Xcode/Archives/2025-06-24/Runner 24-06-2025, 10.53.xcarchive/Products/Applications/Runner.app/Frameworks/geolocator_apple.framework'>', codeSigningInfo='<_DVTCodeSigningInformation_Path: 0x600037a07660; isSigned='1', isAdHocSigned='0', signingCertificate='<DVTSigningCertificate: 0x60001696cf00; name='Apple Development: Benjamin Okwama (S87UA72Y9G)', hash='82F080B7ED3A11ADB516430728D944EDADEB699F', serialNumber='61BE2F0379D9C02F88BB2F0A226B93C8', certificateKinds='(
    "1.2.840.113635.100.6.1.12",
    "1.2.840.113635.100.6.1.2"
), issueDate='2025-05-15 07:27:09 +0000''>', entitlements='(null)', teamID='LV3WK67YPG', identifier='org.cocoapods.geolocator-apple', executablePath='<DVTFilePath:0x6000234b3720:'/Users/citlogistics/Library/Developer/Xcode/Archives/2025-06-24/Runner 24-06-2025, 10.53.xcarchive/Products/Applications/Runner.app/Frameworks/geolocator_apple.framework/geolocator_apple'>', hardenedRuntime='0'>'>
2025-06-24 07:56:29 +0000  Skipping profile for item: <IDEDistributionItem: 0x60003f637480; bundleID='org.cocoapods.image-picker-ios', path='<DVTFilePath:0x6000234b1340:'/Users/citlogistics/Library/Developer/Xcode/Archives/2025-06-24/Runner 24-06-2025, 10.53.xcarchive/Products/Applications/Runner.app/Frameworks/image_picker_ios.framework'>', codeSigningInfo='<_DVTCodeSigningInformation_Path: 0x600037a06170; isSigned='1', isAdHocSigned='0', signingCertificate='<DVTSigningCertificate: 0x60001695d200; name='Apple Development: Benjamin Okwama (S87UA72Y9G)', hash='82F080B7ED3A11ADB516430728D944EDADEB699F', serialNumber='61BE2F0379D9C02F88BB2F0A226B93C8', certificateKinds='(
    "1.2.840.113635.100.6.1.12",
    "1.2.840.113635.100.6.1.2"
), issueDate='2025-05-15 07:27:09 +0000''>', entitlements='(null)', teamID='LV3WK67YPG', identifier='org.cocoapods.image-picker-ios', executablePath='<DVTFilePath:0x600023496450:'/Users/citlogistics/Library/Developer/Xcode/Archives/2025-06-24/Runner 24-06-2025, 10.53.xcarchive/Products/Applications/Runner.app/Frameworks/image_picker_ios.framework/image_picker_ios'>', hardenedRuntime='0'>'>
2025-06-24 07:56:29 +0000  Skipping profile for item: <IDEDistributionItem: 0x60003f635ec0; bundleID='com.apple.dt.runtime.swiftAVFoundation', path='<DVTFilePath:0x6000234966f0:'/Users/citlogistics/Library/Developer/Xcode/Archives/2025-06-24/Runner 24-06-2025, 10.53.xcarchive/Products/Applications/Runner.app/Frameworks/libswiftAVFoundation.dylib'>', codeSigningInfo='<_DVTCodeSigningInformation_Path: 0x600037a53570; isSigned='1', isAdHocSigned='0', signingCertificate='<DVTSigningCertificate: 0x600012687780; name='Apple Development: Benjamin Okwama (S87UA72Y9G)', hash='82F080B7ED3A11ADB516430728D944EDADEB699F', serialNumber='61BE2F0379D9C02F88BB2F0A226B93C8', certificateKinds='(
    "1.2.840.113635.100.6.1.12",
    "1.2.840.113635.100.6.1.2"
), issueDate='2025-05-15 07:27:09 +0000''>', entitlements='(null)', teamID='LV3WK67YPG', identifier='com.apple.dt.runtime.swiftAVFoundation', executablePath='<DVTFilePath:0x6000234966f0:'/Users/citlogistics/Library/Developer/Xcode/Archives/2025-06-24/Runner 24-06-2025, 10.53.xcarchive/Products/Applications/Runner.app/Frameworks/libswiftAVFoundation.dylib'>', hardenedRuntime='0'>'>
2025-06-24 07:56:29 +0000  Skipping profile for item: <IDEDistributionItem: 0x60003f6cf8a0; bundleID='com.apple.dt.runtime.swiftCore', path='<DVTFilePath:0x600023496bc0:'/Users/citlogistics/Library/Developer/Xcode/Archives/2025-06-24/Runner 24-06-2025, 10.53.xcarchive/Products/Applications/Runner.app/Frameworks/libswiftCore.dylib'>', codeSigningInfo='<_DVTCodeSigningInformation_Path: 0x600037a06580; isSigned='1', isAdHocSigned='0', signingCertificate='<DVTSigningCertificate: 0x60001691f9c0; name='Apple Development: Benjamin Okwama (S87UA72Y9G)', hash='82F080B7ED3A11ADB516430728D944EDADEB699F', serialNumber='61BE2F0379D9C02F88BB2F0A226B93C8', certificateKinds='(
    "1.2.840.113635.100.6.1.12",
    "1.2.840.113635.100.6.1.2"
), issueDate='2025-05-15 07:27:09 +0000''>', entitlements='(null)', teamID='LV3WK67YPG', identifier='com.apple.dt.runtime.swiftCore', executablePath='<DVTFilePath:0x600023496bc0:'/Users/citlogistics/Library/Developer/Xcode/Archives/2025-06-24/Runner 24-06-2025, 10.53.xcarchive/Products/Applications/Runner.app/Frameworks/libswiftCore.dylib'>', hardenedRuntime='0'>'>
2025-06-24 07:56:29 +0000  Skipping profile for item: <IDEDistributionItem: 0x60003f634c60; bundleID='com.apple.dt.runtime.swiftCoreAudio', path='<DVTFilePath:0x600023496ae0:'/Users/citlogistics/Library/Developer/Xcode/Archives/2025-06-24/Runner 24-06-2025, 10.53.xcarchive/Products/Applications/Runner.app/Frameworks/libswiftCoreAudio.dylib'>', codeSigningInfo='<_DVTCodeSigningInformation_Path: 0x600037a531b0; isSigned='1', isAdHocSigned='0', signingCertificate='<DVTSigningCertificate: 0x60001691f9c0; name='Apple Development: Benjamin Okwama (S87UA72Y9G)', hash='82F080B7ED3A11ADB516430728D944EDADEB699F', serialNumber='61BE2F0379D9C02F88BB2F0A226B93C8', certificateKinds='(
    "1.2.840.113635.100.6.1.12",
    "1.2.840.113635.100.6.1.2"
), issueDate='2025-05-15 07:27:09 +0000''>', entitlements='(null)', teamID='LV3WK67YPG', identifier='com.apple.dt.runtime.swiftCoreAudio', executablePath='<DVTFilePath:0x600023496ae0:'/Users/citlogistics/Library/Developer/Xcode/Archives/2025-06-24/Runner 24-06-2025, 10.53.xcarchive/Products/Applications/Runner.app/Frameworks/libswiftCoreAudio.dylib'>', hardenedRuntime='0'>'>
2025-06-24 07:56:29 +0000  Skipping profile for item: <IDEDistributionItem: 0x60003f6371e0; bundleID='com.apple.dt.runtime.swiftCoreData', path='<DVTFilePath:0x600023496c30:'/Users/citlogistics/Library/Developer/Xcode/Archives/2025-06-24/Runner 24-06-2025, 10.53.xcarchive/Products/Applications/Runner.app/Frameworks/libswiftCoreData.dylib'>', codeSigningInfo='<_DVTCodeSigningInformation_Path: 0x600037a54820; isSigned='1', isAdHocSigned='0', signingCertificate='<DVTSigningCertificate: 0x60001696cf00; name='Apple Development: Benjamin Okwama (S87UA72Y9G)', hash='82F080B7ED3A11ADB516430728D944EDADEB699F', serialNumber='61BE2F0379D9C02F88BB2F0A226B93C8', certificateKinds='(
    "1.2.840.113635.100.6.1.12",
    "1.2.840.113635.100.6.1.2"
), issueDate='2025-05-15 07:27:09 +0000''>', entitlements='(null)', teamID='LV3WK67YPG', identifier='com.apple.dt.runtime.swiftCoreData', executablePath='<DVTFilePath:0x600023496c30:'/Users/citlogistics/Library/Developer/Xcode/Archives/2025-06-24/Runner 24-06-2025, 10.53.xcarchive/Products/Applications/Runner.app/Frameworks/libswiftCoreData.dylib'>', hardenedRuntime='0'>'>
2025-06-24 07:56:29 +0000  Skipping profile for item: <IDEDistributionItem: 0x60003f623180; bundleID='com.apple.dt.runtime.swiftCoreFoundation', path='<DVTFilePath:0x600023496d10:'/Users/citlogistics/Library/Developer/Xcode/Archives/2025-06-24/Runner 24-06-2025, 10.53.xcarchive/Products/Applications/Runner.app/Frameworks/libswiftCoreFoundation.dylib'>', codeSigningInfo='<_DVTCodeSigningInformation_Path: 0x600037a055e0; isSigned='1', isAdHocSigned='0', signingCertificate='<DVTSigningCertificate: 0x60001696cf00; name='Apple Development: Benjamin Okwama (S87UA72Y9G)', hash='82F080B7ED3A11ADB516430728D944EDADEB699F', serialNumber='61BE2F0379D9C02F88BB2F0A226B93C8', certificateKinds='(
    "1.2.840.113635.100.6.1.12",
    "1.2.840.113635.100.6.1.2"
), issueDate='2025-05-15 07:27:09 +0000''>', entitlements='(null)', teamID='LV3WK67YPG', identifier='com.apple.dt.runtime.swiftCoreFoundation', executablePath='<DVTFilePath:0x600023496d10:'/Users/citlogistics/Library/Developer/Xcode/Archives/2025-06-24/Runner 24-06-2025, 10.53.xcarchive/Products/Applications/Runner.app/Frameworks/libswiftCoreFoundation.dylib'>', hardenedRuntime='0'>'>
2025-06-24 07:56:29 +0000  Skipping profile for item: <IDEDistributionItem: 0x60003f6379c0; bundleID='com.apple.dt.runtime.swiftCoreGraphics', path='<DVTFilePath:0x600023496df0:'/Users/citlogistics/Library/Developer/Xcode/Archives/2025-06-24/Runner 24-06-2025, 10.53.xcarchive/Products/Applications/Runner.app/Frameworks/libswiftCoreGraphics.dylib'>', codeSigningInfo='<_DVTCodeSigningInformation_Path: 0x600037a54b40; isSigned='1', isAdHocSigned='0', signingCertificate='<DVTSigningCertificate: 0x60001696cf00; name='Apple Development: Benjamin Okwama (S87UA72Y9G)', hash='82F080B7ED3A11ADB516430728D944EDADEB699F', serialNumber='61BE2F0379D9C02F88BB2F0A226B93C8', certificateKinds='(
    "1.2.840.113635.100.6.1.12",
    "1.2.840.113635.100.6.1.2"
), issueDate='2025-05-15 07:27:09 +0000''>', entitlements='(null)', teamID='LV3WK67YPG', identifier='com.apple.dt.runtime.swiftCoreGraphics', executablePath='<DVTFilePath:0x600023496df0:'/Users/citlogistics/Library/Developer/Xcode/Archives/2025-06-24/Runner 24-06-2025, 10.53.xcarchive/Products/Applications/Runner.app/Frameworks/libswiftCoreGraphics.dylib'>', hardenedRuntime='0'>'>
2025-06-24 07:56:29 +0000  Skipping profile for item: <IDEDistributionItem: 0x60003f620360; bundleID='com.apple.dt.runtime.swiftCoreImage', path='<DVTFilePath:0x600023496ed0:'/Users/citlogistics/Library/Developer/Xcode/Archives/2025-06-24/Runner 24-06-2025, 10.53.xcarchive/Products/Applications/Runner.app/Frameworks/libswiftCoreImage.dylib'>', codeSigningInfo='<_DVTCodeSigningInformation_Path: 0x600037a1e620; isSigned='1', isAdHocSigned='0', signingCertificate='<DVTSigningCertificate: 0x600012687780; name='Apple Development: Benjamin Okwama (S87UA72Y9G)', hash='82F080B7ED3A11ADB516430728D944EDADEB699F', serialNumber='61BE2F0379D9C02F88BB2F0A226B93C8', certificateKinds='(
    "1.2.840.113635.100.6.1.12",
    "1.2.840.113635.100.6.1.2"
), issueDate='2025-05-15 07:27:09 +0000''>', entitlements='(null)', teamID='LV3WK67YPG', identifier='com.apple.dt.runtime.swiftCoreImage', executablePath='<DVTFilePath:0x600023496ed0:'/Users/citlogistics/Library/Developer/Xcode/Archives/2025-06-24/Runner 24-06-2025, 10.53.xcarchive/Products/Applications/Runner.app/Frameworks/libswiftCoreImage.dylib'>', hardenedRuntime='0'>'>
2025-06-24 07:56:29 +0000  Skipping profile for item: <IDEDistributionItem: 0x60003f6c2880; bundleID='com.apple.dt.runtime.swiftCoreLocation', path='<DVTFilePath:0x6000234b4070:'/Users/citlogistics/Library/Developer/Xcode/Archives/2025-06-24/Runner 24-06-2025, 10.53.xcarchive/Products/Applications/Runner.app/Frameworks/libswiftCoreLocation.dylib'>', codeSigningInfo='<_DVTCodeSigningInformation_Path: 0x600037a05680; isSigned='1', isAdHocSigned='0', signingCertificate='<DVTSigningCertificate: 0x600012687780; name='Apple Development: Benjamin Okwama (S87UA72Y9G)', hash='82F080B7ED3A11ADB516430728D944EDADEB699F', serialNumber='61BE2F0379D9C02F88BB2F0A226B93C8', certificateKinds='(
    "1.2.840.113635.100.6.1.12",
    "1.2.840.113635.100.6.1.2"
), issueDate='2025-05-15 07:27:09 +0000''>', entitlements='(null)', teamID='LV3WK67YPG', identifier='com.apple.dt.runtime.swiftCoreLocation', executablePath='<DVTFilePath:0x6000234b4070:'/Users/citlogistics/Library/Developer/Xcode/Archives/2025-06-24/Runner 24-06-2025, 10.53.xcarchive/Products/Applications/Runner.app/Frameworks/libswiftCoreLocation.dylib'>', hardenedRuntime='0'>'>
2025-06-24 07:56:29 +0000  Skipping profile for item: <IDEDistributionItem: 0x60003f637600; bundleID='com.apple.dt.runtime.swiftCoreMedia', path='<DVTFilePath:0x6000234b5110:'/Users/citlogistics/Library/Developer/Xcode/Archives/2025-06-24/Runner 24-06-2025, 10.53.xcarchive/Products/Applications/Runner.app/Frameworks/libswiftCoreMedia.dylib'>', codeSigningInfo='<_DVTCodeSigningInformation_Path: 0x600037a5c1e0; isSigned='1', isAdHocSigned='0', signingCertificate='<DVTSigningCertificate: 0x60001691f9c0; name='Apple Development: Benjamin Okwama (S87UA72Y9G)', hash='82F080B7ED3A11ADB516430728D944EDADEB699F', serialNumber='61BE2F0379D9C02F88BB2F0A226B93C8', certificateKinds='(
    "1.2.840.113635.100.6.1.12",
    "1.2.840.113635.100.6.1.2"
), issueDate='2025-05-15 07:27:09 +0000''>', entitlements='(null)', teamID='LV3WK67YPG', identifier='com.apple.dt.runtime.swiftCoreMedia', executablePath='<DVTFilePath:0x6000234b5110:'/Users/citlogistics/Library/Developer/Xcode/Archives/2025-06-24/Runner 24-06-2025, 10.53.xcarchive/Products/Applications/Runner.app/Frameworks/libswiftCoreMedia.dylib'>', hardenedRuntime='0'>'>
2025-06-24 07:56:29 +0000  Skipping profile for item: <IDEDistributionItem: 0x60003f636400; bundleID='com.apple.dt.runtime.swiftDarwin', path='<DVTFilePath:0x60002374a1b0:'/Users/citlogistics/Library/Developer/Xcode/Archives/2025-06-24/Runner 24-06-2025, 10.53.xcarchive/Products/Applications/Runner.app/Frameworks/libswiftDarwin.dylib'>', codeSigningInfo='<_DVTCodeSigningInformation_Path: 0x600037a55770; isSigned='1', isAdHocSigned='0', signingCertificate='<DVTSigningCertificate: 0x60001691f9c0; name='Apple Development: Benjamin Okwama (S87UA72Y9G)', hash='82F080B7ED3A11ADB516430728D944EDADEB699F', serialNumber='61BE2F0379D9C02F88BB2F0A226B93C8', certificateKinds='(
    "1.2.840.113635.100.6.1.12",
    "1.2.840.113635.100.6.1.2"
), issueDate='2025-05-15 07:27:09 +0000''>', entitlements='(null)', teamID='LV3WK67YPG', identifier='com.apple.dt.runtime.swiftDarwin', executablePath='<DVTFilePath:0x60002374a1b0:'/Users/citlogistics/Library/Developer/Xcode/Archives/2025-06-24/Runner 24-06-2025, 10.53.xcarchive/Products/Applications/Runner.app/Frameworks/libswiftDarwin.dylib'>', hardenedRuntime='0'>'>
2025-06-24 07:56:29 +0000  Skipping profile for item: <IDEDistributionItem: 0x60003f637360; bundleID='com.apple.dt.runtime.swiftDispatch', path='<DVTFilePath:0x60002374b790:'/Users/citlogistics/Library/Developer/Xcode/Archives/2025-06-24/Runner 24-06-2025, 10.53.xcarchive/Products/Applications/Runner.app/Frameworks/libswiftDispatch.dylib'>', codeSigningInfo='<_DVTCodeSigningInformation_Path: 0x600037a72b70; isSigned='1', isAdHocSigned='0', signingCertificate='<DVTSigningCertificate: 0x60001696cf00; name='Apple Development: Benjamin Okwama (S87UA72Y9G)', hash='82F080B7ED3A11ADB516430728D944EDADEB699F', serialNumber='61BE2F0379D9C02F88BB2F0A226B93C8', certificateKinds='(
    "1.2.840.113635.100.6.1.12",
    "1.2.840.113635.100.6.1.2"
), issueDate='2025-05-15 07:27:09 +0000''>', entitlements='(null)', teamID='LV3WK67YPG', identifier='com.apple.dt.runtime.swiftDispatch', executablePath='<DVTFilePath:0x60002374b790:'/Users/citlogistics/Library/Developer/Xcode/Archives/2025-06-24/Runner 24-06-2025, 10.53.xcarchive/Products/Applications/Runner.app/Frameworks/libswiftDispatch.dylib'>', hardenedRuntime='0'>'>
2025-06-24 07:56:29 +0000  Skipping profile for item: <IDEDistributionItem: 0x60003f6c0ea0; bundleID='com.apple.dt.runtime.swiftFoundation', path='<DVTFilePath:0x600023749260:'/Users/citlogistics/Library/Developer/Xcode/Archives/2025-06-24/Runner 24-06-2025, 10.53.xcarchive/Products/Applications/Runner.app/Frameworks/libswiftFoundation.dylib'>', codeSigningInfo='<_DVTCodeSigningInformation_Path: 0x600037a04140; isSigned='1', isAdHocSigned='0', signingCertificate='<DVTSigningCertificate: 0x60001695d200; name='Apple Development: Benjamin Okwama (S87UA72Y9G)', hash='82F080B7ED3A11ADB516430728D944EDADEB699F', serialNumber='61BE2F0379D9C02F88BB2F0A226B93C8', certificateKinds='(
    "1.2.840.113635.100.6.1.12",
    "1.2.840.113635.100.6.1.2"
), issueDate='2025-05-15 07:27:09 +0000''>', entitlements='(null)', teamID='LV3WK67YPG', identifier='com.apple.dt.runtime.swiftFoundation', executablePath='<DVTFilePath:0x600023749260:'/Users/citlogistics/Library/Developer/Xcode/Archives/2025-06-24/Runner 24-06-2025, 10.53.xcarchive/Products/Applications/Runner.app/Frameworks/libswiftFoundation.dylib'>', hardenedRuntime='0'>'>
2025-06-24 07:56:29 +0000  Skipping profile for item: <IDEDistributionItem: 0x60003f634900; bundleID='com.apple.dt.runtime.swiftMetal', path='<DVTFilePath:0x60002374b800:'/Users/citlogistics/Library/Developer/Xcode/Archives/2025-06-24/Runner 24-06-2025, 10.53.xcarchive/Products/Applications/Runner.app/Frameworks/libswiftMetal.dylib'>', codeSigningInfo='<_DVTCodeSigningInformation_Path: 0x600037a719f0; isSigned='1', isAdHocSigned='0', signingCertificate='<DVTSigningCertificate: 0x60001696cf00; name='Apple Development: Benjamin Okwama (S87UA72Y9G)', hash='82F080B7ED3A11ADB516430728D944EDADEB699F', serialNumber='61BE2F0379D9C02F88BB2F0A226B93C8', certificateKinds='(
    "1.2.840.113635.100.6.1.12",
    "1.2.840.113635.100.6.1.2"
), issueDate='2025-05-15 07:27:09 +0000''>', entitlements='(null)', teamID='LV3WK67YPG', identifier='com.apple.dt.runtime.swiftMetal', executablePath='<DVTFilePath:0x60002374b800:'/Users/citlogistics/Library/Developer/Xcode/Archives/2025-06-24/Runner 24-06-2025, 10.53.xcarchive/Products/Applications/Runner.app/Frameworks/libswiftMetal.dylib'>', hardenedRuntime='0'>'>
2025-06-24 07:56:29 +0000  Skipping profile for item: <IDEDistributionItem: 0x60003f637d20; bundleID='com.apple.dt.runtime.swiftObjectiveC', path='<DVTFilePath:0x600023748b60:'/Users/citlogistics/Library/Developer/Xcode/Archives/2025-06-24/Runner 24-06-2025, 10.53.xcarchive/Products/Applications/Runner.app/Frameworks/libswiftObjectiveC.dylib'>', codeSigningInfo='<_DVTCodeSigningInformation_Path: 0x600037a5f9d0; isSigned='1', isAdHocSigned='0', signingCertificate='<DVTSigningCertificate: 0x60001695d200; name='Apple Development: Benjamin Okwama (S87UA72Y9G)', hash='82F080B7ED3A11ADB516430728D944EDADEB699F', serialNumber='61BE2F0379D9C02F88BB2F0A226B93C8', certificateKinds='(
    "1.2.840.113635.100.6.1.12",
    "1.2.840.113635.100.6.1.2"
), issueDate='2025-05-15 07:27:09 +0000''>', entitlements='(null)', teamID='LV3WK67YPG', identifier='com.apple.dt.runtime.swiftObjectiveC', executablePath='<DVTFilePath:0x600023748b60:'/Users/citlogistics/Library/Developer/Xcode/Archives/2025-06-24/Runner 24-06-2025, 10.53.xcarchive/Products/Applications/Runner.app/Frameworks/libswiftObjectiveC.dylib'>', hardenedRuntime='0'>'>
2025-06-24 07:56:29 +0000  Skipping profile for item: <IDEDistributionItem: 0x60003f637300; bundleID='com.apple.dt.runtime.swiftPhotos', path='<DVTFilePath:0x600023748d90:'/Users/citlogistics/Library/Developer/Xcode/Archives/2025-06-24/Runner 24-06-2025, 10.53.xcarchive/Products/Applications/Runner.app/Frameworks/libswiftPhotos.dylib'>', codeSigningInfo='<_DVTCodeSigningInformation_Path: 0x600037a5c280; isSigned='1', isAdHocSigned='0', signingCertificate='<DVTSigningCertificate: 0x60001695d200; name='Apple Development: Benjamin Okwama (S87UA72Y9G)', hash='82F080B7ED3A11ADB516430728D944EDADEB699F', serialNumber='61BE2F0379D9C02F88BB2F0A226B93C8', certificateKinds='(
    "1.2.840.113635.100.6.1.12",
    "1.2.840.113635.100.6.1.2"
), issueDate='2025-05-15 07:27:09 +0000''>', entitlements='(null)', teamID='LV3WK67YPG', identifier='com.apple.dt.runtime.swiftPhotos', executablePath='<DVTFilePath:0x600023748d90:'/Users/citlogistics/Library/Developer/Xcode/Archives/2025-06-24/Runner 24-06-2025, 10.53.xcarchive/Products/Applications/Runner.app/Frameworks/libswiftPhotos.dylib'>', hardenedRuntime='0'>'>
2025-06-24 07:56:29 +0000  Skipping profile for item: <IDEDistributionItem: 0x60003f6c2280; bundleID='com.apple.dt.runtime.swiftQuartzCore', path='<DVTFilePath:0x6000234b1500:'/Users/citlogistics/Library/Developer/Xcode/Archives/2025-06-24/Runner 24-06-2025, 10.53.xcarchive/Products/Applications/Runner.app/Frameworks/libswiftQuartzCore.dylib'>', codeSigningInfo='<_DVTCodeSigningInformation_Path: 0x600037a55bd0; isSigned='1', isAdHocSigned='0', signingCertificate='<DVTSigningCertificate: 0x60001695d200; name='Apple Development: Benjamin Okwama (S87UA72Y9G)', hash='82F080B7ED3A11ADB516430728D944EDADEB699F', serialNumber='61BE2F0379D9C02F88BB2F0A226B93C8', certificateKinds='(
    "1.2.840.113635.100.6.1.12",
    "1.2.840.113635.100.6.1.2"
), issueDate='2025-05-15 07:27:09 +0000''>', entitlements='(null)', teamID='LV3WK67YPG', identifier='com.apple.dt.runtime.swiftQuartzCore', executablePath='<DVTFilePath:0x6000234b1500:'/Users/citlogistics/Library/Developer/Xcode/Archives/2025-06-24/Runner 24-06-2025, 10.53.xcarchive/Products/Applications/Runner.app/Frameworks/libswiftQuartzCore.dylib'>', hardenedRuntime='0'>'>
2025-06-24 07:56:29 +0000  Skipping profile for item: <IDEDistributionItem: 0x60003f6c1aa0; bundleID='com.apple.dt.runtime.swiftUIKit', path='<DVTFilePath:0x6000234b13b0:'/Users/citlogistics/Library/Developer/Xcode/Archives/2025-06-24/Runner 24-06-2025, 10.53.xcarchive/Products/Applications/Runner.app/Frameworks/libswiftUIKit.dylib'>', codeSigningInfo='<_DVTCodeSigningInformation_Path: 0x600037a06b20; isSigned='1', isAdHocSigned='0', signingCertificate='<DVTSigningCertificate: 0x600012687780; name='Apple Development: Benjamin Okwama (S87UA72Y9G)', hash='82F080B7ED3A11ADB516430728D944EDADEB699F', serialNumber='61BE2F0379D9C02F88BB2F0A226B93C8', certificateKinds='(
    "1.2.840.113635.100.6.1.12",
    "1.2.840.113635.100.6.1.2"
), issueDate='2025-05-15 07:27:09 +0000''>', entitlements='(null)', teamID='LV3WK67YPG', identifier='com.apple.dt.runtime.swiftUIKit', executablePath='<DVTFilePath:0x6000234b13b0:'/Users/citlogistics/Library/Developer/Xcode/Archives/2025-06-24/Runner 24-06-2025, 10.53.xcarchive/Products/Applications/Runner.app/Frameworks/libswiftUIKit.dylib'>', hardenedRuntime='0'>'>
2025-06-24 07:56:29 +0000  Skipping profile for item: <IDEDistributionItem: 0x60003f6c11a0; bundleID='com.apple.dt.runtime.swiftos', path='<DVTFilePath:0x600023748540:'/Users/citlogistics/Library/Developer/Xcode/Archives/2025-06-24/Runner 24-06-2025, 10.53.xcarchive/Products/Applications/Runner.app/Frameworks/libswiftos.dylib'>', codeSigningInfo='<_DVTCodeSigningInformation_Path: 0x600037a54a50; isSigned='1', isAdHocSigned='0', signingCertificate='<DVTSigningCertificate: 0x60001691f9c0; name='Apple Development: Benjamin Okwama (S87UA72Y9G)', hash='82F080B7ED3A11ADB516430728D944EDADEB699F', serialNumber='61BE2F0379D9C02F88BB2F0A226B93C8', certificateKinds='(
    "1.2.840.113635.100.6.1.12",
    "1.2.840.113635.100.6.1.2"
), issueDate='2025-05-15 07:27:09 +0000''>', entitlements='(null)', teamID='LV3WK67YPG', identifier='com.apple.dt.runtime.swiftos', executablePath='<DVTFilePath:0x600023748540:'/Users/citlogistics/Library/Developer/Xcode/Archives/2025-06-24/Runner 24-06-2025, 10.53.xcarchive/Products/Applications/Runner.app/Frameworks/libswiftos.dylib'>', hardenedRuntime='0'>'>
2025-06-24 07:56:29 +0000  Skipping profile for item: <IDEDistributionItem: 0x60003f6c10e0; bundleID='com.apple.dt.runtime.swiftsimd', path='<DVTFilePath:0x6000234b05b0:'/Users/citlogistics/Library/Developer/Xcode/Archives/2025-06-24/Runner 24-06-2025, 10.53.xcarchive/Products/Applications/Runner.app/Frameworks/libswiftsimd.dylib'>', codeSigningInfo='<_DVTCodeSigningInformation_Path: 0x600037a04050; isSigned='1', isAdHocSigned='0', signingCertificate='<DVTSigningCertificate: 0x600012687780; name='Apple Development: Benjamin Okwama (S87UA72Y9G)', hash='82F080B7ED3A11ADB516430728D944EDADEB699F', serialNumber='61BE2F0379D9C02F88BB2F0A226B93C8', certificateKinds='(
    "1.2.840.113635.100.6.1.12",
    "1.2.840.113635.100.6.1.2"
), issueDate='2025-05-15 07:27:09 +0000''>', entitlements='(null)', teamID='LV3WK67YPG', identifier='com.apple.dt.runtime.swiftsimd', executablePath='<DVTFilePath:0x6000234b05b0:'/Users/citlogistics/Library/Developer/Xcode/Archives/2025-06-24/Runner 24-06-2025, 10.53.xcarchive/Products/Applications/Runner.app/Frameworks/libswiftsimd.dylib'>', hardenedRuntime='0'>'>
2025-06-24 07:56:29 +0000  Skipping profile for item: <IDEDistributionItem: 0x60003f6c02a0; bundleID='org.cocoapods.path-provider-foundation', path='<DVTFilePath:0x600013014680:'/Users/citlogistics/Library/Developer/Xcode/Archives/2025-06-24/Runner 24-06-2025, 10.53.xcarchive/Products/Applications/Runner.app/Frameworks/path_provider_foundation.framework'>', codeSigningInfo='<_DVTCodeSigningInformation_Path: 0x600037a04b90; isSigned='1', isAdHocSigned='0', signingCertificate='<DVTSigningCertificate: 0x60001691f9c0; name='Apple Development: Benjamin Okwama (S87UA72Y9G)', hash='82F080B7ED3A11ADB516430728D944EDADEB699F', serialNumber='61BE2F0379D9C02F88BB2F0A226B93C8', certificateKinds='(
    "1.2.840.113635.100.6.1.12",
    "1.2.840.113635.100.6.1.2"
), issueDate='2025-05-15 07:27:09 +0000''>', entitlements='(null)', teamID='LV3WK67YPG', identifier='org.cocoapods.path-provider-foundation', executablePath='<DVTFilePath:0x60002374c460:'/Users/citlogistics/Library/Developer/Xcode/Archives/2025-06-24/Runner 24-06-2025, 10.53.xcarchive/Products/Applications/Runner.app/Frameworks/path_provider_foundation.framework/path_provider_foundation'>', hardenedRuntime='0'>'>
2025-06-24 07:56:29 +0000  Skipping profile for item: <IDEDistributionItem: 0x60003f636e20; bundleID='org.cocoapods.shared-preferences-foundation', path='<DVTFilePath:0x60001302a180:'/Users/citlogistics/Library/Developer/Xcode/Archives/2025-06-24/Runner 24-06-2025, 10.53.xcarchive/Products/Applications/Runner.app/Frameworks/shared_preferences_foundation.framework'>', codeSigningInfo='<_DVTCodeSigningInformation_Path: 0x600037a5c780; isSigned='1', isAdHocSigned='0', signingCertificate='<DVTSigningCertificate: 0x60001695d200; name='Apple Development: Benjamin Okwama (S87UA72Y9G)', hash='82F080B7ED3A11ADB516430728D944EDADEB699F', serialNumber='61BE2F0379D9C02F88BB2F0A226B93C8', certificateKinds='(
    "1.2.840.113635.100.6.1.12",
    "1.2.840.113635.100.6.1.2"
), issueDate='2025-05-15 07:27:09 +0000''>', entitlements='(null)', teamID='LV3WK67YPG', identifier='org.cocoapods.shared-preferences-foundation', executablePath='<DVTFilePath:0x60002349c070:'/Users/citlogistics/Library/Developer/Xcode/Archives/2025-06-24/Runner 24-06-2025, 10.53.xcarchive/Products/Applications/Runner.app/Frameworks/shared_preferences_foundation.framework/shared_preferences_foundation'>', hardenedRuntime='0'>'>
2025-06-24 07:56:29 +0000  Skipping profile for item: <IDEDistributionItem: 0x60003f6c1b00; bundleID='org.cocoapods.sqflite-darwin', path='<DVTFilePath:0x60002349c2a0:'/Users/citlogistics/Library/Developer/Xcode/Archives/2025-06-24/Runner 24-06-2025, 10.53.xcarchive/Products/Applications/Runner.app/Frameworks/sqflite_darwin.framework'>', codeSigningInfo='<_DVTCodeSigningInformation_Path: 0x600037a5e580; isSigned='1', isAdHocSigned='0', signingCertificate='<DVTSigningCertificate: 0x60001695d200; name='Apple Development: Benjamin Okwama (S87UA72Y9G)', hash='82F080B7ED3A11ADB516430728D944EDADEB699F', serialNumber='61BE2F0379D9C02F88BB2F0A226B93C8', certificateKinds='(
    "1.2.840.113635.100.6.1.12",
    "1.2.840.113635.100.6.1.2"
), issueDate='2025-05-15 07:27:09 +0000''>', entitlements='(null)', teamID='LV3WK67YPG', identifier='org.cocoapods.sqflite-darwin', executablePath='<DVTFilePath:0x60003f6f9560:'/Users/citlogistics/Library/Developer/Xcode/Archives/2025-06-24/Runner 24-06-2025, 10.53.xcarchive/Products/Applications/Runner.app/Frameworks/sqflite_darwin.framework/sqflite_darwin'>', hardenedRuntime='0'>'>
2025-06-24 07:56:29 +0000  Skipping profile for item: <IDEDistributionItem: 0x60003f634360; bundleID='org.cocoapods.url-launcher-ios', path='<DVTFilePath:0x6000234981c0:'/Users/citlogistics/Library/Developer/Xcode/Archives/2025-06-24/Runner 24-06-2025, 10.53.xcarchive/Products/Applications/Runner.app/Frameworks/url_launcher_ios.framework'>', codeSigningInfo='<_DVTCodeSigningInformation_Path: 0x600037a1c5a0; isSigned='1', isAdHocSigned='0', signingCertificate='<DVTSigningCertificate: 0x60001691f9c0; name='Apple Development: Benjamin Okwama (S87UA72Y9G)', hash='82F080B7ED3A11ADB516430728D944EDADEB699F', serialNumber='61BE2F0379D9C02F88BB2F0A226B93C8', certificateKinds='(
    "1.2.840.113635.100.6.1.12",
    "1.2.840.113635.100.6.1.2"
), issueDate='2025-05-15 07:27:09 +0000''>', entitlements='(null)', teamID='LV3WK67YPG', identifier='org.cocoapods.url-launcher-ios', executablePath='<DVTFilePath:0x600023498310:'/Users/citlogistics/Library/Developer/Xcode/Archives/2025-06-24/Runner 24-06-2025, 10.53.xcarchive/Products/Applications/Runner.app/Frameworks/url_launcher_ios.framework/url_launcher_ios'>', hardenedRuntime='0'>'>
2025-06-24 07:56:29 +0000  Skipping profile for item: <IDEDistributionItem: 0x60003f636100; bundleID='org.cocoapods.workmanager', path='<DVTFilePath:0x6000234985b0:'/Users/citlogistics/Library/Developer/Xcode/Archives/2025-06-24/Runner 24-06-2025, 10.53.xcarchive/Products/Applications/Runner.app/Frameworks/workmanager.framework'>', codeSigningInfo='<_DVTCodeSigningInformation_Path: 0x600037a1d220; isSigned='1', isAdHocSigned='0', signingCertificate='<DVTSigningCertificate: 0x60001696cf00; name='Apple Development: Benjamin Okwama (S87UA72Y9G)', hash='82F080B7ED3A11ADB516430728D944EDADEB699F', serialNumber='61BE2F0379D9C02F88BB2F0A226B93C8', certificateKinds='(
    "1.2.840.113635.100.6.1.12",
    "1.2.840.113635.100.6.1.2"
), issueDate='2025-05-15 07:27:09 +0000''>', entitlements='(null)', teamID='LV3WK67YPG', identifier='org.cocoapods.workmanager', executablePath='<DVTFilePath:0x60003f6f96e0:'/Users/citlogistics/Library/Developer/Xcode/Archives/2025-06-24/Runner 24-06-2025, 10.53.xcarchive/Products/Applications/Runner.app/Frameworks/workmanager.framework/workmanager'>', hardenedRuntime='0'>'>
2025-06-24 07:56:29 +0000  Processing step: IDEDistributionInfoPlistStep
2025-06-24 07:56:29 +0000  Skipping step: IDEDistributionInfoPlistStep because it said so
2025-06-24 07:56:29 +0000  Skipping step: IDEDistributionInfoPlistStep because it said so
2025-06-24 07:56:29 +0000  Skipping step: IDEDistributionInfoPlistStep because it said so
2025-06-24 07:56:29 +0000  Skipping step: IDEDistributionInfoPlistStep because it said so
2025-06-24 07:56:29 +0000  Skipping step: IDEDistributionInfoPlistStep because it said so
2025-06-24 07:56:29 +0000  Skipping step: IDEDistributionInfoPlistStep because it said so
2025-06-24 07:56:29 +0000  Skipping step: IDEDistributionInfoPlistStep because it said so
2025-06-24 07:56:29 +0000  Skipping step: IDEDistributionInfoPlistStep because it said so
2025-06-24 07:56:29 +0000  Skipping step: IDEDistributionInfoPlistStep because it said so
2025-06-24 07:56:29 +0000  Skipping step: IDEDistributionInfoPlistStep because it said so
2025-06-24 07:56:29 +0000  Skipping step: IDEDistributionInfoPlistStep because it said so
2025-06-24 07:56:29 +0000  Skipping step: IDEDistributionInfoPlistStep because it said so
2025-06-24 07:56:29 +0000  Skipping step: IDEDistributionInfoPlistStep because it said so
2025-06-24 07:56:29 +0000  Skipping step: IDEDistributionInfoPlistStep because it said so
2025-06-24 07:56:29 +0000  Skipping step: IDEDistributionInfoPlistStep because it said so
2025-06-24 07:56:29 +0000  Skipping step: IDEDistributionInfoPlistStep because it said so
2025-06-24 07:56:29 +0000  Skipping step: IDEDistributionInfoPlistStep because it said so
2025-06-24 07:56:29 +0000  Skipping step: IDEDistributionInfoPlistStep because it said so
2025-06-24 07:56:29 +0000  Skipping step: IDEDistributionInfoPlistStep because it said so
2025-06-24 07:56:29 +0000  Skipping step: IDEDistributionInfoPlistStep because it said so
2025-06-24 07:56:29 +0000  Skipping step: IDEDistributionInfoPlistStep because it said so
2025-06-24 07:56:29 +0000  Skipping step: IDEDistributionInfoPlistStep because it said so
2025-06-24 07:56:29 +0000  Skipping step: IDEDistributionInfoPlistStep because it said so
2025-06-24 07:56:29 +0000  Skipping step: IDEDistributionInfoPlistStep because it said so
2025-06-24 07:56:29 +0000  Skipping step: IDEDistributionInfoPlistStep because it said so
2025-06-24 07:56:29 +0000  Skipping step: IDEDistributionInfoPlistStep because it said so
2025-06-24 07:56:29 +0000  Skipping step: IDEDistributionInfoPlistStep because it said so
2025-06-24 07:56:29 +0000  Skipping step: IDEDistributionInfoPlistStep because it said so
2025-06-24 07:56:29 +0000  Skipping step: IDEDistributionInfoPlistStep because it said so
2025-06-24 07:56:29 +0000  Skipping step: IDEDistributionInfoPlistStep because it said so
2025-06-24 07:56:29 +0000  Skipping step: IDEDistributionInfoPlistStep because it said so
2025-06-24 07:56:29 +0000  Skipping step: IDEDistributionInfoPlistStep because it said so
2025-06-24 07:56:29 +0000  Skipping step: IDEDistributionInfoPlistStep because it said so
2025-06-24 07:56:29 +0000  Skipping step: IDEDistributionInfoPlistStep because it said so
2025-06-24 07:56:29 +0000  Skipping step: IDEDistributionInfoPlistStep because it said so
2025-06-24 07:56:29 +0000  Skipping step: IDEDistributionInfoPlistStep because it said so
2025-06-24 07:56:29 +0000  Skipping step: IDEDistributionInfoPlistStep because it said so
2025-06-24 07:56:29 +0000  Skipping step: IDEDistributionInfoPlistStep because it said so
2025-06-24 07:56:29 +0000  Skipping step: IDEDistributionInfoPlistStep because it said so
2025-06-24 07:56:29 +0000  Skipping step: IDEDistributionInfoPlistStep because it said so
2025-06-24 07:56:29 +0000  Processing step: IDEDistributionAppThinningPlistStep
2025-06-24 07:56:29 +0000  Skipping step: IDEDistributionAppThinningPlistStep because it said so
2025-06-24 07:56:29 +0000  Processing step: IDEDistributionSymbolsStep
2025-06-24 07:56:29 +0000  Skipping step: IDEDistributionSymbolsStep because it said so
2025-06-24 07:56:29 +0000  Processing step: IDEDistributionAppThinningStep
2025-06-24 07:56:29 +0000  Skipping step: IDEDistributionAppThinningStep because it said so
2025-06-24 07:56:29 +0000  Processing step: IDEDistributionArchThinningStep
2025-06-24 07:56:29 +0000  Item /Users/citlogistics/Library/Developer/Xcode/Archives/2025-06-24/Runner 24-06-2025, 10.53.xcarchive/Products/Applications/Runner.app/Frameworks/App.framework doesn't have the entitlement com.apple.developer.web-browser-engine.host enabled, returning ["arm64e"]
2025-06-24 07:56:29 +0000  Archs to thin for item /Users/citlogistics/Library/Developer/Xcode/Archives/2025-06-24/Runner 24-06-2025, 10.53.xcarchive/Products/Applications/Runner.app/Frameworks/App.framework are ["arm64e"]
2025-06-24 07:56:29 +0000  Running /Applications/Xcode.app/Contents/Developer/Toolchains/XcodeDefault.xctoolchain/usr/bin/lipo '/var/folders/fs/jyprtvb12cv490g4bbpmssyh0000gn/T/XcodeDistPipeline.~~~Eh3jHy/Root/Payload/Runner.app/Frameworks/App.framework/App' '-verify_arch' 'arm64e'
2025-06-24 07:56:29 +0000  /Applications/Xcode.app/Contents/Developer/Toolchains/XcodeDefault.xctoolchain/usr/bin/lipo exited with 1
2025-06-24 07:56:29 +0000  Skipping architecture thinning for item "App" because arch "arm64e" wasn't found
2025-06-24 07:56:29 +0000  Item /Users/citlogistics/Library/Developer/Xcode/Archives/2025-06-24/Runner 24-06-2025, 10.53.xcarchive/Products/Applications/Runner.app/Frameworks/DKImagePickerController.framework doesn't have the entitlement com.apple.developer.web-browser-engine.host enabled, returning ["arm64e"]
2025-06-24 07:56:29 +0000  Archs to thin for item /Users/citlogistics/Library/Developer/Xcode/Archives/2025-06-24/Runner 24-06-2025, 10.53.xcarchive/Products/Applications/Runner.app/Frameworks/DKImagePickerController.framework are ["arm64e"]
2025-06-24 07:56:29 +0000  Running /Applications/Xcode.app/Contents/Developer/Toolchains/XcodeDefault.xctoolchain/usr/bin/lipo '/var/folders/fs/jyprtvb12cv490g4bbpmssyh0000gn/T/XcodeDistPipeline.~~~Eh3jHy/Root/Payload/Runner.app/Frameworks/DKImagePickerController.framework/DKImagePickerController' '-verify_arch' 'arm64e'
2025-06-24 07:56:29 +0000  /Applications/Xcode.app/Contents/Developer/Toolchains/XcodeDefault.xctoolchain/usr/bin/lipo exited with 1
2025-06-24 07:56:29 +0000  Skipping architecture thinning for item "DKImagePickerController" because arch "arm64e" wasn't found
2025-06-24 07:56:29 +0000  Item /Users/citlogistics/Library/Developer/Xcode/Archives/2025-06-24/Runner 24-06-2025, 10.53.xcarchive/Products/Applications/Runner.app/Frameworks/DKPhotoGallery.framework doesn't have the entitlement com.apple.developer.web-browser-engine.host enabled, returning ["arm64e"]
2025-06-24 07:56:29 +0000  Archs to thin for item /Users/citlogistics/Library/Developer/Xcode/Archives/2025-06-24/Runner 24-06-2025, 10.53.xcarchive/Products/Applications/Runner.app/Frameworks/DKPhotoGallery.framework are ["arm64e"]
2025-06-24 07:56:29 +0000  Running /Applications/Xcode.app/Contents/Developer/Toolchains/XcodeDefault.xctoolchain/usr/bin/lipo '/var/folders/fs/jyprtvb12cv490g4bbpmssyh0000gn/T/XcodeDistPipeline.~~~Eh3jHy/Root/Payload/Runner.app/Frameworks/DKPhotoGallery.framework/DKPhotoGallery' '-verify_arch' 'arm64e'
2025-06-24 07:56:29 +0000  /Applications/Xcode.app/Contents/Developer/Toolchains/XcodeDefault.xctoolchain/usr/bin/lipo exited with 1
2025-06-24 07:56:29 +0000  Skipping architecture thinning for item "DKPhotoGallery" because arch "arm64e" wasn't found
2025-06-24 07:56:29 +0000  Item /Users/citlogistics/Library/Developer/Xcode/Archives/2025-06-24/Runner 24-06-2025, 10.53.xcarchive/Products/Applications/Runner.app/Frameworks/Flutter.framework doesn't have the entitlement com.apple.developer.web-browser-engine.host enabled, returning ["arm64e"]
2025-06-24 07:56:29 +0000  Archs to thin for item /Users/citlogistics/Library/Developer/Xcode/Archives/2025-06-24/Runner 24-06-2025, 10.53.xcarchive/Products/Applications/Runner.app/Frameworks/Flutter.framework are ["arm64e"]
2025-06-24 07:56:29 +0000  Running /Applications/Xcode.app/Contents/Developer/Toolchains/XcodeDefault.xctoolchain/usr/bin/lipo '/var/folders/fs/jyprtvb12cv490g4bbpmssyh0000gn/T/XcodeDistPipeline.~~~Eh3jHy/Root/Payload/Runner.app/Frameworks/Flutter.framework/Flutter' '-verify_arch' 'arm64e'
2025-06-24 07:56:29 +0000  /Applications/Xcode.app/Contents/Developer/Toolchains/XcodeDefault.xctoolchain/usr/bin/lipo exited with 1
2025-06-24 07:56:29 +0000  Skipping architecture thinning for item "Flutter" because arch "arm64e" wasn't found
2025-06-24 07:56:29 +0000  Item /Users/citlogistics/Library/Developer/Xcode/Archives/2025-06-24/Runner 24-06-2025, 10.53.xcarchive/Products/Applications/Runner.app/Frameworks/SDWebImage.framework doesn't have the entitlement com.apple.developer.web-browser-engine.host enabled, returning ["arm64e"]
2025-06-24 07:56:29 +0000  Archs to thin for item /Users/citlogistics/Library/Developer/Xcode/Archives/2025-06-24/Runner 24-06-2025, 10.53.xcarchive/Products/Applications/Runner.app/Frameworks/SDWebImage.framework are ["arm64e"]
2025-06-24 07:56:29 +0000  Running /Applications/Xcode.app/Contents/Developer/Toolchains/XcodeDefault.xctoolchain/usr/bin/lipo '/var/folders/fs/jyprtvb12cv490g4bbpmssyh0000gn/T/XcodeDistPipeline.~~~Eh3jHy/Root/Payload/Runner.app/Frameworks/SDWebImage.framework/SDWebImage' '-verify_arch' 'arm64e'
2025-06-24 07:56:29 +0000  /Applications/Xcode.app/Contents/Developer/Toolchains/XcodeDefault.xctoolchain/usr/bin/lipo exited with 1
2025-06-24 07:56:29 +0000  Skipping architecture thinning for item "SDWebImage" because arch "arm64e" wasn't found
2025-06-24 07:56:29 +0000  Item /Users/citlogistics/Library/Developer/Xcode/Archives/2025-06-24/Runner 24-06-2025, 10.53.xcarchive/Products/Applications/Runner.app/Frameworks/SwiftyGif.framework doesn't have the entitlement com.apple.developer.web-browser-engine.host enabled, returning ["arm64e"]
2025-06-24 07:56:29 +0000  Archs to thin for item /Users/citlogistics/Library/Developer/Xcode/Archives/2025-06-24/Runner 24-06-2025, 10.53.xcarchive/Products/Applications/Runner.app/Frameworks/SwiftyGif.framework are ["arm64e"]
2025-06-24 07:56:29 +0000  Running /Applications/Xcode.app/Contents/Developer/Toolchains/XcodeDefault.xctoolchain/usr/bin/lipo '/var/folders/fs/jyprtvb12cv490g4bbpmssyh0000gn/T/XcodeDistPipeline.~~~Eh3jHy/Root/Payload/Runner.app/Frameworks/SwiftyGif.framework/SwiftyGif' '-verify_arch' 'arm64e'
2025-06-24 07:56:29 +0000  /Applications/Xcode.app/Contents/Developer/Toolchains/XcodeDefault.xctoolchain/usr/bin/lipo exited with 1
2025-06-24 07:56:29 +0000  Skipping architecture thinning for item "SwiftyGif" because arch "arm64e" wasn't found
2025-06-24 07:56:29 +0000  Item /Users/citlogistics/Library/Developer/Xcode/Archives/2025-06-24/Runner 24-06-2025, 10.53.xcarchive/Products/Applications/Runner.app/Frameworks/device_info_plus.framework doesn't have the entitlement com.apple.developer.web-browser-engine.host enabled, returning ["arm64e"]
2025-06-24 07:56:29 +0000  Archs to thin for item /Users/citlogistics/Library/Developer/Xcode/Archives/2025-06-24/Runner 24-06-2025, 10.53.xcarchive/Products/Applications/Runner.app/Frameworks/device_info_plus.framework are ["arm64e"]
2025-06-24 07:56:29 +0000  Running /Applications/Xcode.app/Contents/Developer/Toolchains/XcodeDefault.xctoolchain/usr/bin/lipo '/var/folders/fs/jyprtvb12cv490g4bbpmssyh0000gn/T/XcodeDistPipeline.~~~Eh3jHy/Root/Payload/Runner.app/Frameworks/device_info_plus.framework/device_info_plus' '-verify_arch' 'arm64e'
2025-06-24 07:56:29 +0000  /Applications/Xcode.app/Contents/Developer/Toolchains/XcodeDefault.xctoolchain/usr/bin/lipo exited with 1
2025-06-24 07:56:29 +0000  Skipping architecture thinning for item "device_info_plus" because arch "arm64e" wasn't found
2025-06-24 07:56:29 +0000  Item /Users/citlogistics/Library/Developer/Xcode/Archives/2025-06-24/Runner 24-06-2025, 10.53.xcarchive/Products/Applications/Runner.app/Frameworks/file_picker.framework doesn't have the entitlement com.apple.developer.web-browser-engine.host enabled, returning ["arm64e"]
2025-06-24 07:56:29 +0000  Archs to thin for item /Users/citlogistics/Library/Developer/Xcode/Archives/2025-06-24/Runner 24-06-2025, 10.53.xcarchive/Products/Applications/Runner.app/Frameworks/file_picker.framework are ["arm64e"]
2025-06-24 07:56:29 +0000  Running /Applications/Xcode.app/Contents/Developer/Toolchains/XcodeDefault.xctoolchain/usr/bin/lipo '/var/folders/fs/jyprtvb12cv490g4bbpmssyh0000gn/T/XcodeDistPipeline.~~~Eh3jHy/Root/Payload/Runner.app/Frameworks/file_picker.framework/file_picker' '-verify_arch' 'arm64e'
2025-06-24 07:56:29 +0000  /Applications/Xcode.app/Contents/Developer/Toolchains/XcodeDefault.xctoolchain/usr/bin/lipo exited with 1
2025-06-24 07:56:29 +0000  Skipping architecture thinning for item "file_picker" because arch "arm64e" wasn't found
2025-06-24 07:56:29 +0000  Item /Users/citlogistics/Library/Developer/Xcode/Archives/2025-06-24/Runner 24-06-2025, 10.53.xcarchive/Products/Applications/Runner.app/Frameworks/flutter_background_service_ios.framework doesn't have the entitlement com.apple.developer.web-browser-engine.host enabled, returning ["arm64e"]
2025-06-24 07:56:29 +0000  Archs to thin for item /Users/citlogistics/Library/Developer/Xcode/Archives/2025-06-24/Runner 24-06-2025, 10.53.xcarchive/Products/Applications/Runner.app/Frameworks/flutter_background_service_ios.framework are ["arm64e"]
2025-06-24 07:56:29 +0000  Running /Applications/Xcode.app/Contents/Developer/Toolchains/XcodeDefault.xctoolchain/usr/bin/lipo '/var/folders/fs/jyprtvb12cv490g4bbpmssyh0000gn/T/XcodeDistPipeline.~~~Eh3jHy/Root/Payload/Runner.app/Frameworks/flutter_background_service_ios.framework/flutter_background_service_ios' '-verify_arch' 'arm64e'
2025-06-24 07:56:29 +0000  /Applications/Xcode.app/Contents/Developer/Toolchains/XcodeDefault.xctoolchain/usr/bin/lipo exited with 1
2025-06-24 07:56:29 +0000  Skipping architecture thinning for item "flutter_background_service_ios" because arch "arm64e" wasn't found
2025-06-24 07:56:29 +0000  Item /Users/citlogistics/Library/Developer/Xcode/Archives/2025-06-24/Runner 24-06-2025, 10.53.xcarchive/Products/Applications/Runner.app/Frameworks/flutter_local_notifications.framework doesn't have the entitlement com.apple.developer.web-browser-engine.host enabled, returning ["arm64e"]
2025-06-24 07:56:29 +0000  Archs to thin for item /Users/citlogistics/Library/Developer/Xcode/Archives/2025-06-24/Runner 24-06-2025, 10.53.xcarchive/Products/Applications/Runner.app/Frameworks/flutter_local_notifications.framework are ["arm64e"]
2025-06-24 07:56:29 +0000  Running /Applications/Xcode.app/Contents/Developer/Toolchains/XcodeDefault.xctoolchain/usr/bin/lipo '/var/folders/fs/jyprtvb12cv490g4bbpmssyh0000gn/T/XcodeDistPipeline.~~~Eh3jHy/Root/Payload/Runner.app/Frameworks/flutter_local_notifications.framework/flutter_local_notifications' '-verify_arch' 'arm64e'
2025-06-24 07:56:29 +0000  /Applications/Xcode.app/Contents/Developer/Toolchains/XcodeDefault.xctoolchain/usr/bin/lipo exited with 1
2025-06-24 07:56:29 +0000  Skipping architecture thinning for item "flutter_local_notifications" because arch "arm64e" wasn't found
2025-06-24 07:56:29 +0000  Item /Users/citlogistics/Library/Developer/Xcode/Archives/2025-06-24/Runner 24-06-2025, 10.53.xcarchive/Products/Applications/Runner.app/Frameworks/flutter_native_splash.framework doesn't have the entitlement com.apple.developer.web-browser-engine.host enabled, returning ["arm64e"]
2025-06-24 07:56:29 +0000  Archs to thin for item /Users/citlogistics/Library/Developer/Xcode/Archives/2025-06-24/Runner 24-06-2025, 10.53.xcarchive/Products/Applications/Runner.app/Frameworks/flutter_native_splash.framework are ["arm64e"]
2025-06-24 07:56:29 +0000  Running /Applications/Xcode.app/Contents/Developer/Toolchains/XcodeDefault.xctoolchain/usr/bin/lipo '/var/folders/fs/jyprtvb12cv490g4bbpmssyh0000gn/T/XcodeDistPipeline.~~~Eh3jHy/Root/Payload/Runner.app/Frameworks/flutter_native_splash.framework/flutter_native_splash' '-verify_arch' 'arm64e'
2025-06-24 07:56:29 +0000  /Applications/Xcode.app/Contents/Developer/Toolchains/XcodeDefault.xctoolchain/usr/bin/lipo exited with 1
2025-06-24 07:56:29 +0000  Skipping architecture thinning for item "flutter_native_splash" because arch "arm64e" wasn't found
2025-06-24 07:56:29 +0000  Item /Users/citlogistics/Library/Developer/Xcode/Archives/2025-06-24/Runner 24-06-2025, 10.53.xcarchive/Products/Applications/Runner.app/Frameworks/fluttertoast.framework doesn't have the entitlement com.apple.developer.web-browser-engine.host enabled, returning ["arm64e"]
2025-06-24 07:56:29 +0000  Archs to thin for item /Users/citlogistics/Library/Developer/Xcode/Archives/2025-06-24/Runner 24-06-2025, 10.53.xcarchive/Products/Applications/Runner.app/Frameworks/fluttertoast.framework are ["arm64e"]
2025-06-24 07:56:29 +0000  Running /Applications/Xcode.app/Contents/Developer/Toolchains/XcodeDefault.xctoolchain/usr/bin/lipo '/var/folders/fs/jyprtvb12cv490g4bbpmssyh0000gn/T/XcodeDistPipeline.~~~Eh3jHy/Root/Payload/Runner.app/Frameworks/fluttertoast.framework/fluttertoast' '-verify_arch' 'arm64e'
2025-06-24 07:56:30 +0000  /Applications/Xcode.app/Contents/Developer/Toolchains/XcodeDefault.xctoolchain/usr/bin/lipo exited with 1
2025-06-24 07:56:30 +0000  Skipping architecture thinning for item "fluttertoast" because arch "arm64e" wasn't found
2025-06-24 07:56:30 +0000  Item /Users/citlogistics/Library/Developer/Xcode/Archives/2025-06-24/Runner 24-06-2025, 10.53.xcarchive/Products/Applications/Runner.app/Frameworks/geocoding_ios.framework doesn't have the entitlement com.apple.developer.web-browser-engine.host enabled, returning ["arm64e"]
2025-06-24 07:56:30 +0000  Archs to thin for item /Users/citlogistics/Library/Developer/Xcode/Archives/2025-06-24/Runner 24-06-2025, 10.53.xcarchive/Products/Applications/Runner.app/Frameworks/geocoding_ios.framework are ["arm64e"]
2025-06-24 07:56:30 +0000  Running /Applications/Xcode.app/Contents/Developer/Toolchains/XcodeDefault.xctoolchain/usr/bin/lipo '/var/folders/fs/jyprtvb12cv490g4bbpmssyh0000gn/T/XcodeDistPipeline.~~~Eh3jHy/Root/Payload/Runner.app/Frameworks/geocoding_ios.framework/geocoding_ios' '-verify_arch' 'arm64e'
2025-06-24 07:56:30 +0000  /Applications/Xcode.app/Contents/Developer/Toolchains/XcodeDefault.xctoolchain/usr/bin/lipo exited with 1
2025-06-24 07:56:30 +0000  Skipping architecture thinning for item "geocoding_ios" because arch "arm64e" wasn't found
2025-06-24 07:56:30 +0000  Item /Users/citlogistics/Library/Developer/Xcode/Archives/2025-06-24/Runner 24-06-2025, 10.53.xcarchive/Products/Applications/Runner.app/Frameworks/geolocator_apple.framework doesn't have the entitlement com.apple.developer.web-browser-engine.host enabled, returning ["arm64e"]
2025-06-24 07:56:30 +0000  Archs to thin for item /Users/citlogistics/Library/Developer/Xcode/Archives/2025-06-24/Runner 24-06-2025, 10.53.xcarchive/Products/Applications/Runner.app/Frameworks/geolocator_apple.framework are ["arm64e"]
2025-06-24 07:56:30 +0000  Running /Applications/Xcode.app/Contents/Developer/Toolchains/XcodeDefault.xctoolchain/usr/bin/lipo '/var/folders/fs/jyprtvb12cv490g4bbpmssyh0000gn/T/XcodeDistPipeline.~~~Eh3jHy/Root/Payload/Runner.app/Frameworks/geolocator_apple.framework/geolocator_apple' '-verify_arch' 'arm64e'
2025-06-24 07:56:30 +0000  /Applications/Xcode.app/Contents/Developer/Toolchains/XcodeDefault.xctoolchain/usr/bin/lipo exited with 1
2025-06-24 07:56:30 +0000  Skipping architecture thinning for item "geolocator_apple" because arch "arm64e" wasn't found
2025-06-24 07:56:30 +0000  Item /Users/citlogistics/Library/Developer/Xcode/Archives/2025-06-24/Runner 24-06-2025, 10.53.xcarchive/Products/Applications/Runner.app/Frameworks/image_picker_ios.framework doesn't have the entitlement com.apple.developer.web-browser-engine.host enabled, returning ["arm64e"]
2025-06-24 07:56:30 +0000  Archs to thin for item /Users/citlogistics/Library/Developer/Xcode/Archives/2025-06-24/Runner 24-06-2025, 10.53.xcarchive/Products/Applications/Runner.app/Frameworks/image_picker_ios.framework are ["arm64e"]
2025-06-24 07:56:30 +0000  Running /Applications/Xcode.app/Contents/Developer/Toolchains/XcodeDefault.xctoolchain/usr/bin/lipo '/var/folders/fs/jyprtvb12cv490g4bbpmssyh0000gn/T/XcodeDistPipeline.~~~Eh3jHy/Root/Payload/Runner.app/Frameworks/image_picker_ios.framework/image_picker_ios' '-verify_arch' 'arm64e'
2025-06-24 07:56:30 +0000  /Applications/Xcode.app/Contents/Developer/Toolchains/XcodeDefault.xctoolchain/usr/bin/lipo exited with 1
2025-06-24 07:56:30 +0000  Skipping architecture thinning for item "image_picker_ios" because arch "arm64e" wasn't found
2025-06-24 07:56:30 +0000  Item /Users/citlogistics/Library/Developer/Xcode/Archives/2025-06-24/Runner 24-06-2025, 10.53.xcarchive/Products/Applications/Runner.app/Frameworks/libswiftAVFoundation.dylib doesn't have the entitlement com.apple.developer.web-browser-engine.host enabled, returning ["arm64e"]
2025-06-24 07:56:30 +0000  Archs to thin for item /Users/citlogistics/Library/Developer/Xcode/Archives/2025-06-24/Runner 24-06-2025, 10.53.xcarchive/Products/Applications/Runner.app/Frameworks/libswiftAVFoundation.dylib are ["arm64e"]
2025-06-24 07:56:30 +0000  Running /Applications/Xcode.app/Contents/Developer/Toolchains/XcodeDefault.xctoolchain/usr/bin/lipo '/var/folders/fs/jyprtvb12cv490g4bbpmssyh0000gn/T/XcodeDistPipeline.~~~Eh3jHy/Root/Payload/Runner.app/Frameworks/libswiftAVFoundation.dylib' '-verify_arch' 'arm64e'
2025-06-24 07:56:30 +0000  /Applications/Xcode.app/Contents/Developer/Toolchains/XcodeDefault.xctoolchain/usr/bin/lipo exited with 1
2025-06-24 07:56:30 +0000  Skipping architecture thinning for item "libswiftAVFoundation.dylib" because arch "arm64e" wasn't found
2025-06-24 07:56:30 +0000  Item /Users/citlogistics/Library/Developer/Xcode/Archives/2025-06-24/Runner 24-06-2025, 10.53.xcarchive/Products/Applications/Runner.app/Frameworks/libswiftCore.dylib doesn't have the entitlement com.apple.developer.web-browser-engine.host enabled, returning ["arm64e"]
2025-06-24 07:56:30 +0000  Archs to thin for item /Users/citlogistics/Library/Developer/Xcode/Archives/2025-06-24/Runner 24-06-2025, 10.53.xcarchive/Products/Applications/Runner.app/Frameworks/libswiftCore.dylib are ["arm64e"]
2025-06-24 07:56:30 +0000  Running /Applications/Xcode.app/Contents/Developer/Toolchains/XcodeDefault.xctoolchain/usr/bin/lipo '/var/folders/fs/jyprtvb12cv490g4bbpmssyh0000gn/T/XcodeDistPipeline.~~~Eh3jHy/Root/Payload/Runner.app/Frameworks/libswiftCore.dylib' '-verify_arch' 'arm64e'
2025-06-24 07:56:30 +0000  /Applications/Xcode.app/Contents/Developer/Toolchains/XcodeDefault.xctoolchain/usr/bin/lipo exited with 1
2025-06-24 07:56:30 +0000  Skipping architecture thinning for item "libswiftCore.dylib" because arch "arm64e" wasn't found
2025-06-24 07:56:30 +0000  Item /Users/citlogistics/Library/Developer/Xcode/Archives/2025-06-24/Runner 24-06-2025, 10.53.xcarchive/Products/Applications/Runner.app/Frameworks/libswiftCoreAudio.dylib doesn't have the entitlement com.apple.developer.web-browser-engine.host enabled, returning ["arm64e"]
2025-06-24 07:56:30 +0000  Archs to thin for item /Users/citlogistics/Library/Developer/Xcode/Archives/2025-06-24/Runner 24-06-2025, 10.53.xcarchive/Products/Applications/Runner.app/Frameworks/libswiftCoreAudio.dylib are ["arm64e"]
2025-06-24 07:56:30 +0000  Running /Applications/Xcode.app/Contents/Developer/Toolchains/XcodeDefault.xctoolchain/usr/bin/lipo '/var/folders/fs/jyprtvb12cv490g4bbpmssyh0000gn/T/XcodeDistPipeline.~~~Eh3jHy/Root/Payload/Runner.app/Frameworks/libswiftCoreAudio.dylib' '-verify_arch' 'arm64e'
2025-06-24 07:56:30 +0000  /Applications/Xcode.app/Contents/Developer/Toolchains/XcodeDefault.xctoolchain/usr/bin/lipo exited with 1
2025-06-24 07:56:30 +0000  Skipping architecture thinning for item "libswiftCoreAudio.dylib" because arch "arm64e" wasn't found
2025-06-24 07:56:30 +0000  Item /Users/citlogistics/Library/Developer/Xcode/Archives/2025-06-24/Runner 24-06-2025, 10.53.xcarchive/Products/Applications/Runner.app/Frameworks/libswiftCoreData.dylib doesn't have the entitlement com.apple.developer.web-browser-engine.host enabled, returning ["arm64e"]
2025-06-24 07:56:30 +0000  Archs to thin for item /Users/citlogistics/Library/Developer/Xcode/Archives/2025-06-24/Runner 24-06-2025, 10.53.xcarchive/Products/Applications/Runner.app/Frameworks/libswiftCoreData.dylib are ["arm64e"]
2025-06-24 07:56:30 +0000  Running /Applications/Xcode.app/Contents/Developer/Toolchains/XcodeDefault.xctoolchain/usr/bin/lipo '/var/folders/fs/jyprtvb12cv490g4bbpmssyh0000gn/T/XcodeDistPipeline.~~~Eh3jHy/Root/Payload/Runner.app/Frameworks/libswiftCoreData.dylib' '-verify_arch' 'arm64e'
2025-06-24 07:56:30 +0000  /Applications/Xcode.app/Contents/Developer/Toolchains/XcodeDefault.xctoolchain/usr/bin/lipo exited with 1
2025-06-24 07:56:30 +0000  Skipping architecture thinning for item "libswiftCoreData.dylib" because arch "arm64e" wasn't found
2025-06-24 07:56:30 +0000  Item /Users/citlogistics/Library/Developer/Xcode/Archives/2025-06-24/Runner 24-06-2025, 10.53.xcarchive/Products/Applications/Runner.app/Frameworks/libswiftCoreFoundation.dylib doesn't have the entitlement com.apple.developer.web-browser-engine.host enabled, returning ["arm64e"]
2025-06-24 07:56:30 +0000  Archs to thin for item /Users/citlogistics/Library/Developer/Xcode/Archives/2025-06-24/Runner 24-06-2025, 10.53.xcarchive/Products/Applications/Runner.app/Frameworks/libswiftCoreFoundation.dylib are ["arm64e"]
2025-06-24 07:56:30 +0000  Running /Applications/Xcode.app/Contents/Developer/Toolchains/XcodeDefault.xctoolchain/usr/bin/lipo '/var/folders/fs/jyprtvb12cv490g4bbpmssyh0000gn/T/XcodeDistPipeline.~~~Eh3jHy/Root/Payload/Runner.app/Frameworks/libswiftCoreFoundation.dylib' '-verify_arch' 'arm64e'
2025-06-24 07:56:30 +0000  /Applications/Xcode.app/Contents/Developer/Toolchains/XcodeDefault.xctoolchain/usr/bin/lipo exited with 1
2025-06-24 07:56:30 +0000  Skipping architecture thinning for item "libswiftCoreFoundation.dylib" because arch "arm64e" wasn't found
2025-06-24 07:56:30 +0000  Item /Users/citlogistics/Library/Developer/Xcode/Archives/2025-06-24/Runner 24-06-2025, 10.53.xcarchive/Products/Applications/Runner.app/Frameworks/libswiftCoreGraphics.dylib doesn't have the entitlement com.apple.developer.web-browser-engine.host enabled, returning ["arm64e"]
2025-06-24 07:56:30 +0000  Archs to thin for item /Users/citlogistics/Library/Developer/Xcode/Archives/2025-06-24/Runner 24-06-2025, 10.53.xcarchive/Products/Applications/Runner.app/Frameworks/libswiftCoreGraphics.dylib are ["arm64e"]
2025-06-24 07:56:30 +0000  Running /Applications/Xcode.app/Contents/Developer/Toolchains/XcodeDefault.xctoolchain/usr/bin/lipo '/var/folders/fs/jyprtvb12cv490g4bbpmssyh0000gn/T/XcodeDistPipeline.~~~Eh3jHy/Root/Payload/Runner.app/Frameworks/libswiftCoreGraphics.dylib' '-verify_arch' 'arm64e'
2025-06-24 07:56:30 +0000  /Applications/Xcode.app/Contents/Developer/Toolchains/XcodeDefault.xctoolchain/usr/bin/lipo exited with 1
2025-06-24 07:56:30 +0000  Skipping architecture thinning for item "libswiftCoreGraphics.dylib" because arch "arm64e" wasn't found
2025-06-24 07:56:30 +0000  Item /Users/citlogistics/Library/Developer/Xcode/Archives/2025-06-24/Runner 24-06-2025, 10.53.xcarchive/Products/Applications/Runner.app/Frameworks/libswiftCoreImage.dylib doesn't have the entitlement com.apple.developer.web-browser-engine.host enabled, returning ["arm64e"]
2025-06-24 07:56:30 +0000  Archs to thin for item /Users/citlogistics/Library/Developer/Xcode/Archives/2025-06-24/Runner 24-06-2025, 10.53.xcarchive/Products/Applications/Runner.app/Frameworks/libswiftCoreImage.dylib are ["arm64e"]
2025-06-24 07:56:30 +0000  Running /Applications/Xcode.app/Contents/Developer/Toolchains/XcodeDefault.xctoolchain/usr/bin/lipo '/var/folders/fs/jyprtvb12cv490g4bbpmssyh0000gn/T/XcodeDistPipeline.~~~Eh3jHy/Root/Payload/Runner.app/Frameworks/libswiftCoreImage.dylib' '-verify_arch' 'arm64e'
2025-06-24 07:56:30 +0000  /Applications/Xcode.app/Contents/Developer/Toolchains/XcodeDefault.xctoolchain/usr/bin/lipo exited with 1
2025-06-24 07:56:30 +0000  Skipping architecture thinning for item "libswiftCoreImage.dylib" because arch "arm64e" wasn't found
2025-06-24 07:56:30 +0000  Item /Users/citlogistics/Library/Developer/Xcode/Archives/2025-06-24/Runner 24-06-2025, 10.53.xcarchive/Products/Applications/Runner.app/Frameworks/libswiftCoreLocation.dylib doesn't have the entitlement com.apple.developer.web-browser-engine.host enabled, returning ["arm64e"]
2025-06-24 07:56:30 +0000  Archs to thin for item /Users/citlogistics/Library/Developer/Xcode/Archives/2025-06-24/Runner 24-06-2025, 10.53.xcarchive/Products/Applications/Runner.app/Frameworks/libswiftCoreLocation.dylib are ["arm64e"]
2025-06-24 07:56:30 +0000  Running /Applications/Xcode.app/Contents/Developer/Toolchains/XcodeDefault.xctoolchain/usr/bin/lipo '/var/folders/fs/jyprtvb12cv490g4bbpmssyh0000gn/T/XcodeDistPipeline.~~~Eh3jHy/Root/Payload/Runner.app/Frameworks/libswiftCoreLocation.dylib' '-verify_arch' 'arm64e'
2025-06-24 07:56:30 +0000  /Applications/Xcode.app/Contents/Developer/Toolchains/XcodeDefault.xctoolchain/usr/bin/lipo exited with 1
2025-06-24 07:56:30 +0000  Skipping architecture thinning for item "libswiftCoreLocation.dylib" because arch "arm64e" wasn't found
2025-06-24 07:56:30 +0000  Item /Users/citlogistics/Library/Developer/Xcode/Archives/2025-06-24/Runner 24-06-2025, 10.53.xcarchive/Products/Applications/Runner.app/Frameworks/libswiftCoreMedia.dylib doesn't have the entitlement com.apple.developer.web-browser-engine.host enabled, returning ["arm64e"]
2025-06-24 07:56:30 +0000  Archs to thin for item /Users/citlogistics/Library/Developer/Xcode/Archives/2025-06-24/Runner 24-06-2025, 10.53.xcarchive/Products/Applications/Runner.app/Frameworks/libswiftCoreMedia.dylib are ["arm64e"]
2025-06-24 07:56:30 +0000  Running /Applications/Xcode.app/Contents/Developer/Toolchains/XcodeDefault.xctoolchain/usr/bin/lipo '/var/folders/fs/jyprtvb12cv490g4bbpmssyh0000gn/T/XcodeDistPipeline.~~~Eh3jHy/Root/Payload/Runner.app/Frameworks/libswiftCoreMedia.dylib' '-verify_arch' 'arm64e'
2025-06-24 07:56:30 +0000  /Applications/Xcode.app/Contents/Developer/Toolchains/XcodeDefault.xctoolchain/usr/bin/lipo exited with 1
2025-06-24 07:56:30 +0000  Skipping architecture thinning for item "libswiftCoreMedia.dylib" because arch "arm64e" wasn't found
2025-06-24 07:56:30 +0000  Item /Users/citlogistics/Library/Developer/Xcode/Archives/2025-06-24/Runner 24-06-2025, 10.53.xcarchive/Products/Applications/Runner.app/Frameworks/libswiftDarwin.dylib doesn't have the entitlement com.apple.developer.web-browser-engine.host enabled, returning ["arm64e"]
2025-06-24 07:56:30 +0000  Archs to thin for item /Users/citlogistics/Library/Developer/Xcode/Archives/2025-06-24/Runner 24-06-2025, 10.53.xcarchive/Products/Applications/Runner.app/Frameworks/libswiftDarwin.dylib are ["arm64e"]
2025-06-24 07:56:30 +0000  Running /Applications/Xcode.app/Contents/Developer/Toolchains/XcodeDefault.xctoolchain/usr/bin/lipo '/var/folders/fs/jyprtvb12cv490g4bbpmssyh0000gn/T/XcodeDistPipeline.~~~Eh3jHy/Root/Payload/Runner.app/Frameworks/libswiftDarwin.dylib' '-verify_arch' 'arm64e'
2025-06-24 07:56:30 +0000  /Applications/Xcode.app/Contents/Developer/Toolchains/XcodeDefault.xctoolchain/usr/bin/lipo exited with 1
2025-06-24 07:56:30 +0000  Skipping architecture thinning for item "libswiftDarwin.dylib" because arch "arm64e" wasn't found
2025-06-24 07:56:30 +0000  Item /Users/citlogistics/Library/Developer/Xcode/Archives/2025-06-24/Runner 24-06-2025, 10.53.xcarchive/Products/Applications/Runner.app/Frameworks/libswiftDispatch.dylib doesn't have the entitlement com.apple.developer.web-browser-engine.host enabled, returning ["arm64e"]
2025-06-24 07:56:30 +0000  Archs to thin for item /Users/citlogistics/Library/Developer/Xcode/Archives/2025-06-24/Runner 24-06-2025, 10.53.xcarchive/Products/Applications/Runner.app/Frameworks/libswiftDispatch.dylib are ["arm64e"]
2025-06-24 07:56:30 +0000  Running /Applications/Xcode.app/Contents/Developer/Toolchains/XcodeDefault.xctoolchain/usr/bin/lipo '/var/folders/fs/jyprtvb12cv490g4bbpmssyh0000gn/T/XcodeDistPipeline.~~~Eh3jHy/Root/Payload/Runner.app/Frameworks/libswiftDispatch.dylib' '-verify_arch' 'arm64e'
2025-06-24 07:56:30 +0000  /Applications/Xcode.app/Contents/Developer/Toolchains/XcodeDefault.xctoolchain/usr/bin/lipo exited with 1
2025-06-24 07:56:30 +0000  Skipping architecture thinning for item "libswiftDispatch.dylib" because arch "arm64e" wasn't found
2025-06-24 07:56:30 +0000  Item /Users/citlogistics/Library/Developer/Xcode/Archives/2025-06-24/Runner 24-06-2025, 10.53.xcarchive/Products/Applications/Runner.app/Frameworks/libswiftFoundation.dylib doesn't have the entitlement com.apple.developer.web-browser-engine.host enabled, returning ["arm64e"]
2025-06-24 07:56:30 +0000  Archs to thin for item /Users/citlogistics/Library/Developer/Xcode/Archives/2025-06-24/Runner 24-06-2025, 10.53.xcarchive/Products/Applications/Runner.app/Frameworks/libswiftFoundation.dylib are ["arm64e"]
2025-06-24 07:56:30 +0000  Running /Applications/Xcode.app/Contents/Developer/Toolchains/XcodeDefault.xctoolchain/usr/bin/lipo '/var/folders/fs/jyprtvb12cv490g4bbpmssyh0000gn/T/XcodeDistPipeline.~~~Eh3jHy/Root/Payload/Runner.app/Frameworks/libswiftFoundation.dylib' '-verify_arch' 'arm64e'
2025-06-24 07:56:30 +0000  /Applications/Xcode.app/Contents/Developer/Toolchains/XcodeDefault.xctoolchain/usr/bin/lipo exited with 1
2025-06-24 07:56:30 +0000  Skipping architecture thinning for item "libswiftFoundation.dylib" because arch "arm64e" wasn't found
2025-06-24 07:56:30 +0000  Item /Users/citlogistics/Library/Developer/Xcode/Archives/2025-06-24/Runner 24-06-2025, 10.53.xcarchive/Products/Applications/Runner.app/Frameworks/libswiftMetal.dylib doesn't have the entitlement com.apple.developer.web-browser-engine.host enabled, returning ["arm64e"]
2025-06-24 07:56:30 +0000  Archs to thin for item /Users/citlogistics/Library/Developer/Xcode/Archives/2025-06-24/Runner 24-06-2025, 10.53.xcarchive/Products/Applications/Runner.app/Frameworks/libswiftMetal.dylib are ["arm64e"]
2025-06-24 07:56:30 +0000  Running /Applications/Xcode.app/Contents/Developer/Toolchains/XcodeDefault.xctoolchain/usr/bin/lipo '/var/folders/fs/jyprtvb12cv490g4bbpmssyh0000gn/T/XcodeDistPipeline.~~~Eh3jHy/Root/Payload/Runner.app/Frameworks/libswiftMetal.dylib' '-verify_arch' 'arm64e'
2025-06-24 07:56:30 +0000  /Applications/Xcode.app/Contents/Developer/Toolchains/XcodeDefault.xctoolchain/usr/bin/lipo exited with 1
2025-06-24 07:56:30 +0000  Skipping architecture thinning for item "libswiftMetal.dylib" because arch "arm64e" wasn't found
2025-06-24 07:56:30 +0000  Item /Users/citlogistics/Library/Developer/Xcode/Archives/2025-06-24/Runner 24-06-2025, 10.53.xcarchive/Products/Applications/Runner.app/Frameworks/libswiftObjectiveC.dylib doesn't have the entitlement com.apple.developer.web-browser-engine.host enabled, returning ["arm64e"]
2025-06-24 07:56:30 +0000  Archs to thin for item /Users/citlogistics/Library/Developer/Xcode/Archives/2025-06-24/Runner 24-06-2025, 10.53.xcarchive/Products/Applications/Runner.app/Frameworks/libswiftObjectiveC.dylib are ["arm64e"]
2025-06-24 07:56:30 +0000  Running /Applications/Xcode.app/Contents/Developer/Toolchains/XcodeDefault.xctoolchain/usr/bin/lipo '/var/folders/fs/jyprtvb12cv490g4bbpmssyh0000gn/T/XcodeDistPipeline.~~~Eh3jHy/Root/Payload/Runner.app/Frameworks/libswiftObjectiveC.dylib' '-verify_arch' 'arm64e'
2025-06-24 07:56:30 +0000  /Applications/Xcode.app/Contents/Developer/Toolchains/XcodeDefault.xctoolchain/usr/bin/lipo exited with 1
2025-06-24 07:56:30 +0000  Skipping architecture thinning for item "libswiftObjectiveC.dylib" because arch "arm64e" wasn't found
2025-06-24 07:56:30 +0000  Item /Users/citlogistics/Library/Developer/Xcode/Archives/2025-06-24/Runner 24-06-2025, 10.53.xcarchive/Products/Applications/Runner.app/Frameworks/libswiftPhotos.dylib doesn't have the entitlement com.apple.developer.web-browser-engine.host enabled, returning ["arm64e"]
2025-06-24 07:56:30 +0000  Archs to thin for item /Users/citlogistics/Library/Developer/Xcode/Archives/2025-06-24/Runner 24-06-2025, 10.53.xcarchive/Products/Applications/Runner.app/Frameworks/libswiftPhotos.dylib are ["arm64e"]
2025-06-24 07:56:30 +0000  Running /Applications/Xcode.app/Contents/Developer/Toolchains/XcodeDefault.xctoolchain/usr/bin/lipo '/var/folders/fs/jyprtvb12cv490g4bbpmssyh0000gn/T/XcodeDistPipeline.~~~Eh3jHy/Root/Payload/Runner.app/Frameworks/libswiftPhotos.dylib' '-verify_arch' 'arm64e'
2025-06-24 07:56:30 +0000  /Applications/Xcode.app/Contents/Developer/Toolchains/XcodeDefault.xctoolchain/usr/bin/lipo exited with 1
2025-06-24 07:56:30 +0000  Skipping architecture thinning for item "libswiftPhotos.dylib" because arch "arm64e" wasn't found
2025-06-24 07:56:30 +0000  Item /Users/citlogistics/Library/Developer/Xcode/Archives/2025-06-24/Runner 24-06-2025, 10.53.xcarchive/Products/Applications/Runner.app/Frameworks/libswiftQuartzCore.dylib doesn't have the entitlement com.apple.developer.web-browser-engine.host enabled, returning ["arm64e"]
2025-06-24 07:56:30 +0000  Archs to thin for item /Users/citlogistics/Library/Developer/Xcode/Archives/2025-06-24/Runner 24-06-2025, 10.53.xcarchive/Products/Applications/Runner.app/Frameworks/libswiftQuartzCore.dylib are ["arm64e"]
2025-06-24 07:56:30 +0000  Running /Applications/Xcode.app/Contents/Developer/Toolchains/XcodeDefault.xctoolchain/usr/bin/lipo '/var/folders/fs/jyprtvb12cv490g4bbpmssyh0000gn/T/XcodeDistPipeline.~~~Eh3jHy/Root/Payload/Runner.app/Frameworks/libswiftQuartzCore.dylib' '-verify_arch' 'arm64e'
2025-06-24 07:56:30 +0000  /Applications/Xcode.app/Contents/Developer/Toolchains/XcodeDefault.xctoolchain/usr/bin/lipo exited with 1
2025-06-24 07:56:30 +0000  Skipping architecture thinning for item "libswiftQuartzCore.dylib" because arch "arm64e" wasn't found
2025-06-24 07:56:30 +0000  Item /Users/citlogistics/Library/Developer/Xcode/Archives/2025-06-24/Runner 24-06-2025, 10.53.xcarchive/Products/Applications/Runner.app/Frameworks/libswiftUIKit.dylib doesn't have the entitlement com.apple.developer.web-browser-engine.host enabled, returning ["arm64e"]
2025-06-24 07:56:30 +0000  Archs to thin for item /Users/citlogistics/Library/Developer/Xcode/Archives/2025-06-24/Runner 24-06-2025, 10.53.xcarchive/Products/Applications/Runner.app/Frameworks/libswiftUIKit.dylib are ["arm64e"]
2025-06-24 07:56:30 +0000  Running /Applications/Xcode.app/Contents/Developer/Toolchains/XcodeDefault.xctoolchain/usr/bin/lipo '/var/folders/fs/jyprtvb12cv490g4bbpmssyh0000gn/T/XcodeDistPipeline.~~~Eh3jHy/Root/Payload/Runner.app/Frameworks/libswiftUIKit.dylib' '-verify_arch' 'arm64e'
2025-06-24 07:56:30 +0000  /Applications/Xcode.app/Contents/Developer/Toolchains/XcodeDefault.xctoolchain/usr/bin/lipo exited with 1
2025-06-24 07:56:30 +0000  Skipping architecture thinning for item "libswiftUIKit.dylib" because arch "arm64e" wasn't found
2025-06-24 07:56:30 +0000  Item /Users/citlogistics/Library/Developer/Xcode/Archives/2025-06-24/Runner 24-06-2025, 10.53.xcarchive/Products/Applications/Runner.app/Frameworks/libswiftos.dylib doesn't have the entitlement com.apple.developer.web-browser-engine.host enabled, returning ["arm64e"]
2025-06-24 07:56:30 +0000  Archs to thin for item /Users/citlogistics/Library/Developer/Xcode/Archives/2025-06-24/Runner 24-06-2025, 10.53.xcarchive/Products/Applications/Runner.app/Frameworks/libswiftos.dylib are ["arm64e"]
2025-06-24 07:56:30 +0000  Running /Applications/Xcode.app/Contents/Developer/Toolchains/XcodeDefault.xctoolchain/usr/bin/lipo '/var/folders/fs/jyprtvb12cv490g4bbpmssyh0000gn/T/XcodeDistPipeline.~~~Eh3jHy/Root/Payload/Runner.app/Frameworks/libswiftos.dylib' '-verify_arch' 'arm64e'
2025-06-24 07:56:30 +0000  /Applications/Xcode.app/Contents/Developer/Toolchains/XcodeDefault.xctoolchain/usr/bin/lipo exited with 1
2025-06-24 07:56:30 +0000  Skipping architecture thinning for item "libswiftos.dylib" because arch "arm64e" wasn't found
2025-06-24 07:56:30 +0000  Item /Users/citlogistics/Library/Developer/Xcode/Archives/2025-06-24/Runner 24-06-2025, 10.53.xcarchive/Products/Applications/Runner.app/Frameworks/libswiftsimd.dylib doesn't have the entitlement com.apple.developer.web-browser-engine.host enabled, returning ["arm64e"]
2025-06-24 07:56:30 +0000  Archs to thin for item /Users/citlogistics/Library/Developer/Xcode/Archives/2025-06-24/Runner 24-06-2025, 10.53.xcarchive/Products/Applications/Runner.app/Frameworks/libswiftsimd.dylib are ["arm64e"]
2025-06-24 07:56:30 +0000  Running /Applications/Xcode.app/Contents/Developer/Toolchains/XcodeDefault.xctoolchain/usr/bin/lipo '/var/folders/fs/jyprtvb12cv490g4bbpmssyh0000gn/T/XcodeDistPipeline.~~~Eh3jHy/Root/Payload/Runner.app/Frameworks/libswiftsimd.dylib' '-verify_arch' 'arm64e'
2025-06-24 07:56:30 +0000  /Applications/Xcode.app/Contents/Developer/Toolchains/XcodeDefault.xctoolchain/usr/bin/lipo exited with 1
2025-06-24 07:56:30 +0000  Skipping architecture thinning for item "libswiftsimd.dylib" because arch "arm64e" wasn't found
2025-06-24 07:56:30 +0000  Item /Users/citlogistics/Library/Developer/Xcode/Archives/2025-06-24/Runner 24-06-2025, 10.53.xcarchive/Products/Applications/Runner.app/Frameworks/path_provider_foundation.framework doesn't have the entitlement com.apple.developer.web-browser-engine.host enabled, returning ["arm64e"]
2025-06-24 07:56:30 +0000  Archs to thin for item /Users/citlogistics/Library/Developer/Xcode/Archives/2025-06-24/Runner 24-06-2025, 10.53.xcarchive/Products/Applications/Runner.app/Frameworks/path_provider_foundation.framework are ["arm64e"]
2025-06-24 07:56:30 +0000  Running /Applications/Xcode.app/Contents/Developer/Toolchains/XcodeDefault.xctoolchain/usr/bin/lipo '/var/folders/fs/jyprtvb12cv490g4bbpmssyh0000gn/T/XcodeDistPipeline.~~~Eh3jHy/Root/Payload/Runner.app/Frameworks/path_provider_foundation.framework/path_provider_foundation' '-verify_arch' 'arm64e'
2025-06-24 07:56:30 +0000  /Applications/Xcode.app/Contents/Developer/Toolchains/XcodeDefault.xctoolchain/usr/bin/lipo exited with 1
2025-06-24 07:56:30 +0000  Skipping architecture thinning for item "path_provider_foundation" because arch "arm64e" wasn't found
2025-06-24 07:56:30 +0000  Item /Users/citlogistics/Library/Developer/Xcode/Archives/2025-06-24/Runner 24-06-2025, 10.53.xcarchive/Products/Applications/Runner.app/Frameworks/shared_preferences_foundation.framework doesn't have the entitlement com.apple.developer.web-browser-engine.host enabled, returning ["arm64e"]
2025-06-24 07:56:30 +0000  Archs to thin for item /Users/citlogistics/Library/Developer/Xcode/Archives/2025-06-24/Runner 24-06-2025, 10.53.xcarchive/Products/Applications/Runner.app/Frameworks/shared_preferences_foundation.framework are ["arm64e"]
2025-06-24 07:56:30 +0000  Running /Applications/Xcode.app/Contents/Developer/Toolchains/XcodeDefault.xctoolchain/usr/bin/lipo '/var/folders/fs/jyprtvb12cv490g4bbpmssyh0000gn/T/XcodeDistPipeline.~~~Eh3jHy/Root/Payload/Runner.app/Frameworks/shared_preferences_foundation.framework/shared_preferences_foundation' '-verify_arch' 'arm64e'
2025-06-24 07:56:30 +0000  /Applications/Xcode.app/Contents/Developer/Toolchains/XcodeDefault.xctoolchain/usr/bin/lipo exited with 1
2025-06-24 07:56:30 +0000  Skipping architecture thinning for item "shared_preferences_foundation" because arch "arm64e" wasn't found
2025-06-24 07:56:30 +0000  Item /Users/citlogistics/Library/Developer/Xcode/Archives/2025-06-24/Runner 24-06-2025, 10.53.xcarchive/Products/Applications/Runner.app/Frameworks/sqflite_darwin.framework doesn't have the entitlement com.apple.developer.web-browser-engine.host enabled, returning ["arm64e"]
2025-06-24 07:56:30 +0000  Archs to thin for item /Users/citlogistics/Library/Developer/Xcode/Archives/2025-06-24/Runner 24-06-2025, 10.53.xcarchive/Products/Applications/Runner.app/Frameworks/sqflite_darwin.framework are ["arm64e"]
2025-06-24 07:56:30 +0000  Running /Applications/Xcode.app/Contents/Developer/Toolchains/XcodeDefault.xctoolchain/usr/bin/lipo '/var/folders/fs/jyprtvb12cv490g4bbpmssyh0000gn/T/XcodeDistPipeline.~~~Eh3jHy/Root/Payload/Runner.app/Frameworks/sqflite_darwin.framework/sqflite_darwin' '-verify_arch' 'arm64e'
2025-06-24 07:56:30 +0000  /Applications/Xcode.app/Contents/Developer/Toolchains/XcodeDefault.xctoolchain/usr/bin/lipo exited with 1
2025-06-24 07:56:30 +0000  Skipping architecture thinning for item "sqflite_darwin" because arch "arm64e" wasn't found
2025-06-24 07:56:30 +0000  Item /Users/citlogistics/Library/Developer/Xcode/Archives/2025-06-24/Runner 24-06-2025, 10.53.xcarchive/Products/Applications/Runner.app/Frameworks/url_launcher_ios.framework doesn't have the entitlement com.apple.developer.web-browser-engine.host enabled, returning ["arm64e"]
2025-06-24 07:56:30 +0000  Archs to thin for item /Users/citlogistics/Library/Developer/Xcode/Archives/2025-06-24/Runner 24-06-2025, 10.53.xcarchive/Products/Applications/Runner.app/Frameworks/url_launcher_ios.framework are ["arm64e"]
2025-06-24 07:56:30 +0000  Running /Applications/Xcode.app/Contents/Developer/Toolchains/XcodeDefault.xctoolchain/usr/bin/lipo '/var/folders/fs/jyprtvb12cv490g4bbpmssyh0000gn/T/XcodeDistPipeline.~~~Eh3jHy/Root/Payload/Runner.app/Frameworks/url_launcher_ios.framework/url_launcher_ios' '-verify_arch' 'arm64e'
2025-06-24 07:56:30 +0000  /Applications/Xcode.app/Contents/Developer/Toolchains/XcodeDefault.xctoolchain/usr/bin/lipo exited with 1
2025-06-24 07:56:30 +0000  Skipping architecture thinning for item "url_launcher_ios" because arch "arm64e" wasn't found
2025-06-24 07:56:30 +0000  Item /Users/citlogistics/Library/Developer/Xcode/Archives/2025-06-24/Runner 24-06-2025, 10.53.xcarchive/Products/Applications/Runner.app/Frameworks/workmanager.framework doesn't have the entitlement com.apple.developer.web-browser-engine.host enabled, returning ["arm64e"]
2025-06-24 07:56:30 +0000  Archs to thin for item /Users/citlogistics/Library/Developer/Xcode/Archives/2025-06-24/Runner 24-06-2025, 10.53.xcarchive/Products/Applications/Runner.app/Frameworks/workmanager.framework are ["arm64e"]
2025-06-24 07:56:30 +0000  Running /Applications/Xcode.app/Contents/Developer/Toolchains/XcodeDefault.xctoolchain/usr/bin/lipo '/var/folders/fs/jyprtvb12cv490g4bbpmssyh0000gn/T/XcodeDistPipeline.~~~Eh3jHy/Root/Payload/Runner.app/Frameworks/workmanager.framework/workmanager' '-verify_arch' 'arm64e'
2025-06-24 07:56:30 +0000  /Applications/Xcode.app/Contents/Developer/Toolchains/XcodeDefault.xctoolchain/usr/bin/lipo exited with 1
2025-06-24 07:56:30 +0000  Skipping architecture thinning for item "workmanager" because arch "arm64e" wasn't found
2025-06-24 07:56:30 +0000  Item /Users/citlogistics/Library/Developer/Xcode/Archives/2025-06-24/Runner 24-06-2025, 10.53.xcarchive/Products/Applications/Runner.app doesn't have the entitlement com.apple.developer.web-browser-engine.host enabled, returning ["arm64e"]
2025-06-24 07:56:30 +0000  Archs to thin for item /Users/citlogistics/Library/Developer/Xcode/Archives/2025-06-24/Runner 24-06-2025, 10.53.xcarchive/Products/Applications/Runner.app are ["arm64e"]
2025-06-24 07:56:30 +0000  Running /Applications/Xcode.app/Contents/Developer/Toolchains/XcodeDefault.xctoolchain/usr/bin/lipo '/var/folders/fs/jyprtvb12cv490g4bbpmssyh0000gn/T/XcodeDistPipeline.~~~Eh3jHy/Root/Payload/Runner.app/Runner' '-verify_arch' 'arm64e'
2025-06-24 07:56:30 +0000  /Applications/Xcode.app/Contents/Developer/Toolchains/XcodeDefault.xctoolchain/usr/bin/lipo exited with 1
2025-06-24 07:56:30 +0000  Skipping architecture thinning for item "Runner" because arch "arm64e" wasn't found
2025-06-24 07:56:30 +0000  Processing step: IDEDistributionODRStep
2025-06-24 07:56:30 +0000  Processing step: IDEDistributionStripXattrsStep
2025-06-24 07:56:30 +0000  Skipping stripping extended attributes because the codesign step will strip them.
2025-06-24 07:56:30 +0000  Skipping stripping extended attributes because the codesign step will strip them.
2025-06-24 07:56:30 +0000  Skipping stripping extended attributes because the codesign step will strip them.
2025-06-24 07:56:30 +0000  Skipping stripping extended attributes because the codesign step will strip them.
2025-06-24 07:56:30 +0000  Skipping stripping extended attributes because the codesign step will strip them.
2025-06-24 07:56:30 +0000  Skipping stripping extended attributes because the codesign step will strip them.
2025-06-24 07:56:30 +0000  Skipping stripping extended attributes because the codesign step will strip them.
2025-06-24 07:56:30 +0000  Skipping stripping extended attributes because the codesign step will strip them.
2025-06-24 07:56:30 +0000  Skipping stripping extended attributes because the codesign step will strip them.
2025-06-24 07:56:30 +0000  Skipping stripping extended attributes because the codesign step will strip them.
2025-06-24 07:56:30 +0000  Skipping stripping extended attributes because the codesign step will strip them.
2025-06-24 07:56:30 +0000  Skipping stripping extended attributes because the codesign step will strip them.
2025-06-24 07:56:30 +0000  Skipping stripping extended attributes because the codesign step will strip them.
2025-06-24 07:56:30 +0000  Skipping stripping extended attributes because the codesign step will strip them.
2025-06-24 07:56:30 +0000  Skipping stripping extended attributes because the codesign step will strip them.
2025-06-24 07:56:30 +0000  Skipping stripping extended attributes because the codesign step will strip them.
2025-06-24 07:56:30 +0000  Skipping stripping extended attributes because the codesign step will strip them.
2025-06-24 07:56:30 +0000  Skipping stripping extended attributes because the codesign step will strip them.
2025-06-24 07:56:30 +0000  Skipping stripping extended attributes because the codesign step will strip them.
2025-06-24 07:56:30 +0000  Skipping stripping extended attributes because the codesign step will strip them.
2025-06-24 07:56:30 +0000  Skipping stripping extended attributes because the codesign step will strip them.
2025-06-24 07:56:30 +0000  Skipping stripping extended attributes because the codesign step will strip them.
2025-06-24 07:56:30 +0000  Skipping stripping extended attributes because the codesign step will strip them.
2025-06-24 07:56:30 +0000  Skipping stripping extended attributes because the codesign step will strip them.
2025-06-24 07:56:30 +0000  Skipping stripping extended attributes because the codesign step will strip them.
2025-06-24 07:56:30 +0000  Skipping stripping extended attributes because the codesign step will strip them.
2025-06-24 07:56:30 +0000  Skipping stripping extended attributes because the codesign step will strip them.
2025-06-24 07:56:30 +0000  Skipping stripping extended attributes because the codesign step will strip them.
2025-06-24 07:56:30 +0000  Skipping stripping extended attributes because the codesign step will strip them.
2025-06-24 07:56:30 +0000  Skipping stripping extended attributes because the codesign step will strip them.
2025-06-24 07:56:30 +0000  Skipping stripping extended attributes because the codesign step will strip them.
2025-06-24 07:56:30 +0000  Skipping stripping extended attributes because the codesign step will strip them.
2025-06-24 07:56:30 +0000  Skipping stripping extended attributes because the codesign step will strip them.
2025-06-24 07:56:30 +0000  Skipping stripping extended attributes because the codesign step will strip them.
2025-06-24 07:56:30 +0000  Skipping stripping extended attributes because the codesign step will strip them.
2025-06-24 07:56:30 +0000  Skipping stripping extended attributes because the codesign step will strip them.
2025-06-24 07:56:30 +0000  Skipping stripping extended attributes because the codesign step will strip them.
2025-06-24 07:56:30 +0000  Skipping stripping extended attributes because the codesign step will strip them.
2025-06-24 07:56:30 +0000  Skipping stripping extended attributes because the codesign step will strip them.
2025-06-24 07:56:30 +0000  Skipping stripping extended attributes because the codesign step will strip them.
2025-06-24 07:56:30 +0000  Processing step: IDEDistributionCodesignStep
2025-06-24 07:56:30 +0000  Entitlements for <IDEDistributionItem: 0x60003f620480; bundleID='io.flutter.flutter.app', path='<DVTFilePath:0x60003f68f2a0:'/Users/citlogistics/Library/Developer/Xcode/Archives/2025-06-24/Runner 24-06-2025, 10.53.xcarchive/Products/Applications/Runner.app/Frameworks/App.framework'>', codeSigningInfo='<_DVTCodeSigningInformation_Path: 0x600037a70c80; isSigned='1', isAdHocSigned='0', signingCertificate='<DVTSigningCertificate: 0x60001691f000; name='Apple Development: Benjamin Okwama (S87UA72Y9G)', hash='82F080B7ED3A11ADB516430728D944EDADEB699F', serialNumber='61BE2F0379D9C02F88BB2F0A226B93C8', certificateKinds='(
    "1.2.840.113635.100.6.1.12",
    "1.2.840.113635.100.6.1.2"
), issueDate='2025-05-15 07:27:09 +0000''>', entitlements='(null)', teamID='LV3WK67YPG', identifier='io.flutter.flutter.app', executablePath='<DVTFilePath:0x60003f68ef40:'/Users/citlogistics/Library/Developer/Xcode/Archives/2025-06-24/Runner 24-06-2025, 10.53.xcarchive/Products/Applications/Runner.app/Frameworks/App.framework/App'>', hardenedRuntime='0'>'>: {
}
2025-06-24 07:56:30 +0000  Associated App Clip Identifiers Filter: Skipping because "com.apple.developer.associated-appclip-app-identifiers" is not present
2025-06-24 07:56:30 +0000  Entitlements for <IDEDistributionItem: 0x60003f620480; bundleID='io.flutter.flutter.app', path='<DVTFilePath:0x60003f68f2a0:'/Users/citlogistics/Library/Developer/Xcode/Archives/2025-06-24/Runner 24-06-2025, 10.53.xcarchive/Products/Applications/Runner.app/Frameworks/App.framework'>', codeSigningInfo='<_DVTCodeSigningInformation_Path: 0x600037a70c80; isSigned='1', isAdHocSigned='0', signingCertificate='<DVTSigningCertificate: 0x60001696cf00; name='Apple Development: Benjamin Okwama (S87UA72Y9G)', hash='82F080B7ED3A11ADB516430728D944EDADEB699F', serialNumber='61BE2F0379D9C02F88BB2F0A226B93C8', certificateKinds='(
    "1.2.840.113635.100.6.1.12",
    "1.2.840.113635.100.6.1.2"
), issueDate='2025-05-15 07:27:09 +0000''>', entitlements='(null)', teamID='LV3WK67YPG', identifier='io.flutter.flutter.app', executablePath='<DVTFilePath:0x60003f68ef40:'/Users/citlogistics/Library/Developer/Xcode/Archives/2025-06-24/Runner 24-06-2025, 10.53.xcarchive/Products/Applications/Runner.app/Frameworks/App.framework/App'>', hardenedRuntime='0'>'> are: {
}
2025-06-24 07:56:30 +0000  Writing entitlements for <IDEDistributionItem: 0x60003f620480; bundleID='io.flutter.flutter.app', path='<DVTFilePath:0x60003f68f2a0:'/Users/citlogistics/Library/Developer/Xcode/Archives/2025-06-24/Runner 24-06-2025, 10.53.xcarchive/Products/Applications/Runner.app/Frameworks/App.framework'>', codeSigningInfo='<_DVTCodeSigningInformation_Path: 0x600037a70c80; isSigned='1', isAdHocSigned='0', signingCertificate='<DVTSigningCertificate: 0x6000126879c0; name='Apple Development: Benjamin Okwama (S87UA72Y9G)', hash='82F080B7ED3A11ADB516430728D944EDADEB699F', serialNumber='61BE2F0379D9C02F88BB2F0A226B93C8', certificateKinds='(
    "1.2.840.113635.100.6.1.12",
    "1.2.840.113635.100.6.1.2"
), issueDate='2025-05-15 07:27:09 +0000''>', entitlements='(null)', teamID='LV3WK67YPG', identifier='io.flutter.flutter.app', executablePath='<DVTFilePath:0x60003f68ef40:'/Users/citlogistics/Library/Developer/Xcode/Archives/2025-06-24/Runner 24-06-2025, 10.53.xcarchive/Products/Applications/Runner.app/Frameworks/App.framework/App'>', hardenedRuntime='0'>'> to: /var/folders/fs/jyprtvb12cv490g4bbpmssyh0000gn/T/XcodeDistPipeline.~~~Eh3jHy/entitlements~~~bE7QsR
2025-06-24 07:56:30 +0000  invoking codesign: <NSConcreteTask: 0x60003bfb7660; launchPath='/usr/bin/codesign', arguments='(
    "-f",
    "-s",
    82F080B7ED3A11ADB516430728D944EDADEB699F,
    "--entitlements",
    "/var/folders/fs/jyprtvb12cv490g4bbpmssyh0000gn/T/XcodeDistPipeline.~~~Eh3jHy/entitlements~~~bE7QsR",
    "--preserve-metadata=identifier,flags,runtime",
    "--generate-entitlement-der",
    "--strip-disallowed-xattrs",
    "-vvv",
    "/var/folders/fs/jyprtvb12cv490g4bbpmssyh0000gn/T/XcodeDistPipeline.~~~Eh3jHy/Root/Payload/Runner.app/Frameworks/App.framework"
)'>
2025-06-24 07:56:30 +0000  codesign output: /var/folders/fs/jyprtvb12cv490g4bbpmssyh0000gn/T/XcodeDistPipeline.~~~Eh3jHy/Root/Payload/Runner.app/Frameworks/App.framework: replacing existing signature
/var/folders/fs/jyprtvb12cv490g4bbpmssyh0000gn/T/XcodeDistPipeline.~~~Eh3jHy/Root/Payload/Runner.app/Frameworks/App.framework: signed bundle with Mach-O universal (arm64) [io.flutter.flutter.app]
2025-06-24 07:56:30 +0000  Entitlements for <IDEDistributionItem: 0x60003f6c1da0; bundleID='org.cocoapods.DKImagePickerController', path='<DVTFilePath:0x600013015a80:'/Users/citlogistics/Library/Developer/Xcode/Archives/2025-06-24/Runner 24-06-2025, 10.53.xcarchive/Products/Applications/Runner.app/Frameworks/DKImagePickerController.framework'>', codeSigningInfo='<_DVTCodeSigningInformation_Path: 0x600037a04cd0; isSigned='1', isAdHocSigned='0', signingCertificate='<DVTSigningCertificate: 0x60001696cf00; name='Apple Development: Benjamin Okwama (S87UA72Y9G)', hash='82F080B7ED3A11ADB516430728D944EDADEB699F', serialNumber='61BE2F0379D9C02F88BB2F0A226B93C8', certificateKinds='(
    "1.2.840.113635.100.6.1.12",
    "1.2.840.113635.100.6.1.2"
), issueDate='2025-05-15 07:27:09 +0000''>', entitlements='(null)', teamID='LV3WK67YPG', identifier='org.cocoapods.DKImagePickerController', executablePath='<DVTFilePath:0x600023492610:'/Users/citlogistics/Library/Developer/Xcode/Archives/2025-06-24/Runner 24-06-2025, 10.53.xcarchive/Products/Applications/Runner.app/Frameworks/DKImagePickerController.framework/DKImagePickerController'>', hardenedRuntime='0'>'>: {
}
2025-06-24 07:56:30 +0000  Associated App Clip Identifiers Filter: Skipping because "com.apple.developer.associated-appclip-app-identifiers" is not present
2025-06-24 07:56:30 +0000  Entitlements for <IDEDistributionItem: 0x60003f6c1da0; bundleID='org.cocoapods.DKImagePickerController', path='<DVTFilePath:0x600013015a80:'/Users/citlogistics/Library/Developer/Xcode/Archives/2025-06-24/Runner 24-06-2025, 10.53.xcarchive/Products/Applications/Runner.app/Frameworks/DKImagePickerController.framework'>', codeSigningInfo='<_DVTCodeSigningInformation_Path: 0x600037a04cd0; isSigned='1', isAdHocSigned='0', signingCertificate='<DVTSigningCertificate: 0x60001696c900; name='Apple Development: Benjamin Okwama (S87UA72Y9G)', hash='82F080B7ED3A11ADB516430728D944EDADEB699F', serialNumber='61BE2F0379D9C02F88BB2F0A226B93C8', certificateKinds='(
    "1.2.840.113635.100.6.1.12",
    "1.2.840.113635.100.6.1.2"
), issueDate='2025-05-15 07:27:09 +0000''>', entitlements='(null)', teamID='LV3WK67YPG', identifier='org.cocoapods.DKImagePickerController', executablePath='<DVTFilePath:0x600023492610:'/Users/citlogistics/Library/Developer/Xcode/Archives/2025-06-24/Runner 24-06-2025, 10.53.xcarchive/Products/Applications/Runner.app/Frameworks/DKImagePickerController.framework/DKImagePickerController'>', hardenedRuntime='0'>'> are: {
}
2025-06-24 07:56:30 +0000  Writing entitlements for <IDEDistributionItem: 0x60003f6c1da0; bundleID='org.cocoapods.DKImagePickerController', path='<DVTFilePath:0x600013015a80:'/Users/citlogistics/Library/Developer/Xcode/Archives/2025-06-24/Runner 24-06-2025, 10.53.xcarchive/Products/Applications/Runner.app/Frameworks/DKImagePickerController.framework'>', codeSigningInfo='<_DVTCodeSigningInformation_Path: 0x600037a04cd0; isSigned='1', isAdHocSigned='0', signingCertificate='<DVTSigningCertificate: 0x60001695d200; name='Apple Development: Benjamin Okwama (S87UA72Y9G)', hash='82F080B7ED3A11ADB516430728D944EDADEB699F', serialNumber='61BE2F0379D9C02F88BB2F0A226B93C8', certificateKinds='(
    "1.2.840.113635.100.6.1.12",
    "1.2.840.113635.100.6.1.2"
), issueDate='2025-05-15 07:27:09 +0000''>', entitlements='(null)', teamID='LV3WK67YPG', identifier='org.cocoapods.DKImagePickerController', executablePath='<DVTFilePath:0x600023492610:'/Users/citlogistics/Library/Developer/Xcode/Archives/2025-06-24/Runner 24-06-2025, 10.53.xcarchive/Products/Applications/Runner.app/Frameworks/DKImagePickerController.framework/DKImagePickerController'>', hardenedRuntime='0'>'> to: /var/folders/fs/jyprtvb12cv490g4bbpmssyh0000gn/T/XcodeDistPipeline.~~~Eh3jHy/entitlements~~~xGlF0d
2025-06-24 07:56:30 +0000  invoking codesign: <NSConcreteTask: 0x60003bfb7430; launchPath='/usr/bin/codesign', arguments='(
    "-f",
    "-s",
    82F080B7ED3A11ADB516430728D944EDADEB699F,
    "--entitlements",
    "/var/folders/fs/jyprtvb12cv490g4bbpmssyh0000gn/T/XcodeDistPipeline.~~~Eh3jHy/entitlements~~~xGlF0d",
    "--preserve-metadata=identifier,flags,runtime",
    "--generate-entitlement-der",
    "--strip-disallowed-xattrs",
    "-vvv",
    "/var/folders/fs/jyprtvb12cv490g4bbpmssyh0000gn/T/XcodeDistPipeline.~~~Eh3jHy/Root/Payload/Runner.app/Frameworks/DKImagePickerController.framework"
)'>
2025-06-24 07:56:30 +0000  codesign output: /var/folders/fs/jyprtvb12cv490g4bbpmssyh0000gn/T/XcodeDistPipeline.~~~Eh3jHy/Root/Payload/Runner.app/Frameworks/DKImagePickerController.framework: replacing existing signature
/var/folders/fs/jyprtvb12cv490g4bbpmssyh0000gn/T/XcodeDistPipeline.~~~Eh3jHy/Root/Payload/Runner.app/Frameworks/DKImagePickerController.framework: signed bundle with Mach-O thin (arm64) [org.cocoapods.DKImagePickerController]
2025-06-24 07:56:30 +0000  Entitlements for <IDEDistributionItem: 0x60003f6c0000; bundleID='org.cocoapods.DKPhotoGallery', path='<DVTFilePath:0x600023493250:'/Users/citlogistics/Library/Developer/Xcode/Archives/2025-06-24/Runner 24-06-2025, 10.53.xcarchive/Products/Applications/Runner.app/Frameworks/DKPhotoGallery.framework'>', codeSigningInfo='<_DVTCodeSigningInformation_Path: 0x600037a04c80; isSigned='1', isAdHocSigned='0', signingCertificate='<DVTSigningCertificate: 0x60001691dbc0; name='Apple Development: Benjamin Okwama (S87UA72Y9G)', hash='82F080B7ED3A11ADB516430728D944EDADEB699F', serialNumber='61BE2F0379D9C02F88BB2F0A226B93C8', certificateKinds='(
    "1.2.840.113635.100.6.1.12",
    "1.2.840.113635.100.6.1.2"
), issueDate='2025-05-15 07:27:09 +0000''>', entitlements='(null)', teamID='LV3WK67YPG', identifier='org.cocoapods.DKPhotoGallery', executablePath='<DVTFilePath:0x60003f6f12c0:'/Users/citlogistics/Library/Developer/Xcode/Archives/2025-06-24/Runner 24-06-2025, 10.53.xcarchive/Products/Applications/Runner.app/Frameworks/DKPhotoGallery.framework/DKPhotoGallery'>', hardenedRuntime='0'>'>: {
}
2025-06-24 07:56:30 +0000  Associated App Clip Identifiers Filter: Skipping because "com.apple.developer.associated-appclip-app-identifiers" is not present
2025-06-24 07:56:30 +0000  Entitlements for <IDEDistributionItem: 0x60003f6c0000; bundleID='org.cocoapods.DKPhotoGallery', path='<DVTFilePath:0x600023493250:'/Users/citlogistics/Library/Developer/Xcode/Archives/2025-06-24/Runner 24-06-2025, 10.53.xcarchive/Products/Applications/Runner.app/Frameworks/DKPhotoGallery.framework'>', codeSigningInfo='<_DVTCodeSigningInformation_Path: 0x600037a04c80; isSigned='1', isAdHocSigned='0', signingCertificate='<DVTSigningCertificate: 0x60001691eac0; name='Apple Development: Benjamin Okwama (S87UA72Y9G)', hash='82F080B7ED3A11ADB516430728D944EDADEB699F', serialNumber='61BE2F0379D9C02F88BB2F0A226B93C8', certificateKinds='(
    "1.2.840.113635.100.6.1.12",
    "1.2.840.113635.100.6.1.2"
), issueDate='2025-05-15 07:27:09 +0000''>', entitlements='(null)', teamID='LV3WK67YPG', identifier='org.cocoapods.DKPhotoGallery', executablePath='<DVTFilePath:0x60003f6f12c0:'/Users/citlogistics/Library/Developer/Xcode/Archives/2025-06-24/Runner 24-06-2025, 10.53.xcarchive/Products/Applications/Runner.app/Frameworks/DKPhotoGallery.framework/DKPhotoGallery'>', hardenedRuntime='0'>'> are: {
}
2025-06-24 07:56:30 +0000  Writing entitlements for <IDEDistributionItem: 0x60003f6c0000; bundleID='org.cocoapods.DKPhotoGallery', path='<DVTFilePath:0x600023493250:'/Users/citlogistics/Library/Developer/Xcode/Archives/2025-06-24/Runner 24-06-2025, 10.53.xcarchive/Products/Applications/Runner.app/Frameworks/DKPhotoGallery.framework'>', codeSigningInfo='<_DVTCodeSigningInformation_Path: 0x600037a04c80; isSigned='1', isAdHocSigned='0', signingCertificate='<DVTSigningCertificate: 0x60001691eb80; name='Apple Development: Benjamin Okwama (S87UA72Y9G)', hash='82F080B7ED3A11ADB516430728D944EDADEB699F', serialNumber='61BE2F0379D9C02F88BB2F0A226B93C8', certificateKinds='(
    "1.2.840.113635.100.6.1.12",
    "1.2.840.113635.100.6.1.2"
), issueDate='2025-05-15 07:27:09 +0000''>', entitlements='(null)', teamID='LV3WK67YPG', identifier='org.cocoapods.DKPhotoGallery', executablePath='<DVTFilePath:0x60003f6f12c0:'/Users/citlogistics/Library/Developer/Xcode/Archives/2025-06-24/Runner 24-06-2025, 10.53.xcarchive/Products/Applications/Runner.app/Frameworks/DKPhotoGallery.framework/DKPhotoGallery'>', hardenedRuntime='0'>'> to: /var/folders/fs/jyprtvb12cv490g4bbpmssyh0000gn/T/XcodeDistPipeline.~~~Eh3jHy/entitlements~~~osgEiV
2025-06-24 07:56:30 +0000  invoking codesign: <NSConcreteTask: 0x600037b7ac60; launchPath='/usr/bin/codesign', arguments='(
    "-f",
    "-s",
    82F080B7ED3A11ADB516430728D944EDADEB699F,
    "--entitlements",
    "/var/folders/fs/jyprtvb12cv490g4bbpmssyh0000gn/T/XcodeDistPipeline.~~~Eh3jHy/entitlements~~~osgEiV",
    "--preserve-metadata=identifier,flags,runtime",
    "--generate-entitlement-der",
    "--strip-disallowed-xattrs",
    "-vvv",
    "/var/folders/fs/jyprtvb12cv490g4bbpmssyh0000gn/T/XcodeDistPipeline.~~~Eh3jHy/Root/Payload/Runner.app/Frameworks/DKPhotoGallery.framework"
)'>
2025-06-24 07:56:31 +0000  codesign output: /var/folders/fs/jyprtvb12cv490g4bbpmssyh0000gn/T/XcodeDistPipeline.~~~Eh3jHy/Root/Payload/Runner.app/Frameworks/DKPhotoGallery.framework: replacing existing signature
/var/folders/fs/jyprtvb12cv490g4bbpmssyh0000gn/T/XcodeDistPipeline.~~~Eh3jHy/Root/Payload/Runner.app/Frameworks/DKPhotoGallery.framework: signed bundle with Mach-O thin (arm64) [org.cocoapods.DKPhotoGallery]
2025-06-24 07:56:31 +0000  Entitlements for <IDEDistributionItem: 0x60003f637000; bundleID='io.flutter.flutter', path='<DVTFilePath:0x600023493e90:'/Users/citlogistics/Library/Developer/Xcode/Archives/2025-06-24/Runner 24-06-2025, 10.53.xcarchive/Products/Applications/Runner.app/Frameworks/Flutter.framework'>', codeSigningInfo='<_DVTCodeSigningInformation_Path: 0x600037a50640; isSigned='1', isAdHocSigned='0', signingCertificate='<DVTSigningCertificate: 0x60001695d200; name='Apple Development: Benjamin Okwama (S87UA72Y9G)', hash='82F080B7ED3A11ADB516430728D944EDADEB699F', serialNumber='61BE2F0379D9C02F88BB2F0A226B93C8', certificateKinds='(
    "1.2.840.113635.100.6.1.12",
    "1.2.840.113635.100.6.1.2"
), issueDate='2025-05-15 07:27:09 +0000''>', entitlements='(null)', teamID='LV3WK67YPG', identifier='io.flutter.flutter', executablePath='<DVTFilePath:0x60003f6f29a0:'/Users/citlogistics/Library/Developer/Xcode/Archives/2025-06-24/Runner 24-06-2025, 10.53.xcarchive/Products/Applications/Runner.app/Frameworks/Flutter.framework/Flutter'>', hardenedRuntime='0'>'>: {
}
2025-06-24 07:56:31 +0000  Associated App Clip Identifiers Filter: Skipping because "com.apple.developer.associated-appclip-app-identifiers" is not present
2025-06-24 07:56:31 +0000  Entitlements for <IDEDistributionItem: 0x60003f637000; bundleID='io.flutter.flutter', path='<DVTFilePath:0x600023493e90:'/Users/citlogistics/Library/Developer/Xcode/Archives/2025-06-24/Runner 24-06-2025, 10.53.xcarchive/Products/Applications/Runner.app/Frameworks/Flutter.framework'>', codeSigningInfo='<_DVTCodeSigningInformation_Path: 0x600037a50640; isSigned='1', isAdHocSigned='0', signingCertificate='<DVTSigningCertificate: 0x60001691dbc0; name='Apple Development: Benjamin Okwama (S87UA72Y9G)', hash='82F080B7ED3A11ADB516430728D944EDADEB699F', serialNumber='61BE2F0379D9C02F88BB2F0A226B93C8', certificateKinds='(
    "1.2.840.113635.100.6.1.12",
    "1.2.840.113635.100.6.1.2"
), issueDate='2025-05-15 07:27:09 +0000''>', entitlements='(null)', teamID='LV3WK67YPG', identifier='io.flutter.flutter', executablePath='<DVTFilePath:0x60003f6f29a0:'/Users/citlogistics/Library/Developer/Xcode/Archives/2025-06-24/Runner 24-06-2025, 10.53.xcarchive/Products/Applications/Runner.app/Frameworks/Flutter.framework/Flutter'>', hardenedRuntime='0'>'> are: {
}
2025-06-24 07:56:31 +0000  Writing entitlements for <IDEDistributionItem: 0x60003f637000; bundleID='io.flutter.flutter', path='<DVTFilePath:0x600023493e90:'/Users/citlogistics/Library/Developer/Xcode/Archives/2025-06-24/Runner 24-06-2025, 10.53.xcarchive/Products/Applications/Runner.app/Frameworks/Flutter.framework'>', codeSigningInfo='<_DVTCodeSigningInformation_Path: 0x600037a50640; isSigned='1', isAdHocSigned='0', signingCertificate='<DVTSigningCertificate: 0x60001691eac0; name='Apple Development: Benjamin Okwama (S87UA72Y9G)', hash='82F080B7ED3A11ADB516430728D944EDADEB699F', serialNumber='61BE2F0379D9C02F88BB2F0A226B93C8', certificateKinds='(
    "1.2.840.113635.100.6.1.12",
    "1.2.840.113635.100.6.1.2"
), issueDate='2025-05-15 07:27:09 +0000''>', entitlements='(null)', teamID='LV3WK67YPG', identifier='io.flutter.flutter', executablePath='<DVTFilePath:0x60003f6f29a0:'/Users/citlogistics/Library/Developer/Xcode/Archives/2025-06-24/Runner 24-06-2025, 10.53.xcarchive/Products/Applications/Runner.app/Frameworks/Flutter.framework/Flutter'>', hardenedRuntime='0'>'> to: /var/folders/fs/jyprtvb12cv490g4bbpmssyh0000gn/T/XcodeDistPipeline.~~~Eh3jHy/entitlements~~~pDvjK8
2025-06-24 07:56:31 +0000  invoking codesign: <NSConcreteTask: 0x60003bfb7480; launchPath='/usr/bin/codesign', arguments='(
    "-f",
    "-s",
    82F080B7ED3A11ADB516430728D944EDADEB699F,
    "--entitlements",
    "/var/folders/fs/jyprtvb12cv490g4bbpmssyh0000gn/T/XcodeDistPipeline.~~~Eh3jHy/entitlements~~~pDvjK8",
    "--preserve-metadata=identifier,flags,runtime",
    "--generate-entitlement-der",
    "--strip-disallowed-xattrs",
    "-vvv",
    "/var/folders/fs/jyprtvb12cv490g4bbpmssyh0000gn/T/XcodeDistPipeline.~~~Eh3jHy/Root/Payload/Runner.app/Frameworks/Flutter.framework"
)'>
2025-06-24 07:56:31 +0000  codesign output: /var/folders/fs/jyprtvb12cv490g4bbpmssyh0000gn/T/XcodeDistPipeline.~~~Eh3jHy/Root/Payload/Runner.app/Frameworks/Flutter.framework: replacing existing signature
/var/folders/fs/jyprtvb12cv490g4bbpmssyh0000gn/T/XcodeDistPipeline.~~~Eh3jHy/Root/Payload/Runner.app/Frameworks/Flutter.framework: signed bundle with Mach-O thin (arm64) [io.flutter.flutter]
2025-06-24 07:56:31 +0000  Entitlements for <IDEDistributionItem: 0x60003f634f60; bundleID='org.cocoapods.SDWebImage', path='<DVTFilePath:0x600023496fb0:'/Users/citlogistics/Library/Developer/Xcode/Archives/2025-06-24/Runner 24-06-2025, 10.53.xcarchive/Products/Applications/Runner.app/Frameworks/SDWebImage.framework'>', codeSigningInfo='<_DVTCodeSigningInformation_Path: 0x600037a55d10; isSigned='1', isAdHocSigned='0', signingCertificate='<DVTSigningCertificate: 0x6000126879c0; name='Apple Development: Benjamin Okwama (S87UA72Y9G)', hash='82F080B7ED3A11ADB516430728D944EDADEB699F', serialNumber='61BE2F0379D9C02F88BB2F0A226B93C8', certificateKinds='(
    "1.2.840.113635.100.6.1.12",
    "1.2.840.113635.100.6.1.2"
), issueDate='2025-05-15 07:27:09 +0000''>', entitlements='(null)', teamID='LV3WK67YPG', identifier='org.cocoapods.SDWebImage', executablePath='<DVTFilePath:0x60003f68b660:'/Users/citlogistics/Library/Developer/Xcode/Archives/2025-06-24/Runner 24-06-2025, 10.53.xcarchive/Products/Applications/Runner.app/Frameworks/SDWebImage.framework/SDWebImage'>', hardenedRuntime='0'>'>: {
}
2025-06-24 07:56:31 +0000  Associated App Clip Identifiers Filter: Skipping because "com.apple.developer.associated-appclip-app-identifiers" is not present
2025-06-24 07:56:31 +0000  Entitlements for <IDEDistributionItem: 0x60003f634f60; bundleID='org.cocoapods.SDWebImage', path='<DVTFilePath:0x600023496fb0:'/Users/citlogistics/Library/Developer/Xcode/Archives/2025-06-24/Runner 24-06-2025, 10.53.xcarchive/Products/Applications/Runner.app/Frameworks/SDWebImage.framework'>', codeSigningInfo='<_DVTCodeSigningInformation_Path: 0x600037a55d10; isSigned='1', isAdHocSigned='0', signingCertificate='<DVTSigningCertificate: 0x600012687600; name='Apple Development: Benjamin Okwama (S87UA72Y9G)', hash='82F080B7ED3A11ADB516430728D944EDADEB699F', serialNumber='61BE2F0379D9C02F88BB2F0A226B93C8', certificateKinds='(
    "1.2.840.113635.100.6.1.12",
    "1.2.840.113635.100.6.1.2"
), issueDate='2025-05-15 07:27:09 +0000''>', entitlements='(null)', teamID='LV3WK67YPG', identifier='org.cocoapods.SDWebImage', executablePath='<DVTFilePath:0x60003f68b660:'/Users/citlogistics/Library/Developer/Xcode/Archives/2025-06-24/Runner 24-06-2025, 10.53.xcarchive/Products/Applications/Runner.app/Frameworks/SDWebImage.framework/SDWebImage'>', hardenedRuntime='0'>'> are: {
}
2025-06-24 07:56:31 +0000  Writing entitlements for <IDEDistributionItem: 0x60003f634f60; bundleID='org.cocoapods.SDWebImage', path='<DVTFilePath:0x600023496fb0:'/Users/citlogistics/Library/Developer/Xcode/Archives/2025-06-24/Runner 24-06-2025, 10.53.xcarchive/Products/Applications/Runner.app/Frameworks/SDWebImage.framework'>', codeSigningInfo='<_DVTCodeSigningInformation_Path: 0x600037a55d10; isSigned='1', isAdHocSigned='0', signingCertificate='<DVTSigningCertificate: 0x60001691dbc0; name='Apple Development: Benjamin Okwama (S87UA72Y9G)', hash='82F080B7ED3A11ADB516430728D944EDADEB699F', serialNumber='61BE2F0379D9C02F88BB2F0A226B93C8', certificateKinds='(
    "1.2.840.113635.100.6.1.12",
    "1.2.840.113635.100.6.1.2"
), issueDate='2025-05-15 07:27:09 +0000''>', entitlements='(null)', teamID='LV3WK67YPG', identifier='org.cocoapods.SDWebImage', executablePath='<DVTFilePath:0x60003f68b660:'/Users/citlogistics/Library/Developer/Xcode/Archives/2025-06-24/Runner 24-06-2025, 10.53.xcarchive/Products/Applications/Runner.app/Frameworks/SDWebImage.framework/SDWebImage'>', hardenedRuntime='0'>'> to: /var/folders/fs/jyprtvb12cv490g4bbpmssyh0000gn/T/XcodeDistPipeline.~~~Eh3jHy/entitlements~~~VGDoSB
2025-06-24 07:56:31 +0000  invoking codesign: <NSConcreteTask: 0x60003bfb78e0; launchPath='/usr/bin/codesign', arguments='(
    "-f",
    "-s",
    82F080B7ED3A11ADB516430728D944EDADEB699F,
    "--entitlements",
    "/var/folders/fs/jyprtvb12cv490g4bbpmssyh0000gn/T/XcodeDistPipeline.~~~Eh3jHy/entitlements~~~VGDoSB",
    "--preserve-metadata=identifier,flags,runtime",
    "--generate-entitlement-der",
    "--strip-disallowed-xattrs",
    "-vvv",
    "/var/folders/fs/jyprtvb12cv490g4bbpmssyh0000gn/T/XcodeDistPipeline.~~~Eh3jHy/Root/Payload/Runner.app/Frameworks/SDWebImage.framework"
)'>
2025-06-24 07:56:31 +0000  codesign output: /var/folders/fs/jyprtvb12cv490g4bbpmssyh0000gn/T/XcodeDistPipeline.~~~Eh3jHy/Root/Payload/Runner.app/Frameworks/SDWebImage.framework: replacing existing signature
/var/folders/fs/jyprtvb12cv490g4bbpmssyh0000gn/T/XcodeDistPipeline.~~~Eh3jHy/Root/Payload/Runner.app/Frameworks/SDWebImage.framework: signed bundle with Mach-O thin (arm64) [org.cocoapods.SDWebImage]
2025-06-24 07:56:31 +0000  Entitlements for <IDEDistributionItem: 0x60003f625200; bundleID='org.cocoapods.SwiftyGif', path='<DVTFilePath:0x6000237455e0:'/Users/citlogistics/Library/Developer/Xcode/Archives/2025-06-24/Runner 24-06-2025, 10.53.xcarchive/Products/Applications/Runner.app/Frameworks/SwiftyGif.framework'>', codeSigningInfo='<_DVTCodeSigningInformation_Path: 0x600037a1d9a0; isSigned='1', isAdHocSigned='0', signingCertificate='<DVTSigningCertificate: 0x60001695d200; name='Apple Development: Benjamin Okwama (S87UA72Y9G)', hash='82F080B7ED3A11ADB516430728D944EDADEB699F', serialNumber='61BE2F0379D9C02F88BB2F0A226B93C8', certificateKinds='(
    "1.2.840.113635.100.6.1.12",
    "1.2.840.113635.100.6.1.2"
), issueDate='2025-05-15 07:27:09 +0000''>', entitlements='(null)', teamID='LV3WK67YPG', identifier='org.cocoapods.SwiftyGif', executablePath='<DVTFilePath:0x60003f6fea00:'/Users/citlogistics/Library/Developer/Xcode/Archives/2025-06-24/Runner 24-06-2025, 10.53.xcarchive/Products/Applications/Runner.app/Frameworks/SwiftyGif.framework/SwiftyGif'>', hardenedRuntime='0'>'>: {
}
2025-06-24 07:56:31 +0000  Associated App Clip Identifiers Filter: Skipping because "com.apple.developer.associated-appclip-app-identifiers" is not present
2025-06-24 07:56:31 +0000  Entitlements for <IDEDistributionItem: 0x60003f625200; bundleID='org.cocoapods.SwiftyGif', path='<DVTFilePath:0x6000237455e0:'/Users/citlogistics/Library/Developer/Xcode/Archives/2025-06-24/Runner 24-06-2025, 10.53.xcarchive/Products/Applications/Runner.app/Frameworks/SwiftyGif.framework'>', codeSigningInfo='<_DVTCodeSigningInformation_Path: 0x600037a1d9a0; isSigned='1', isAdHocSigned='0', signingCertificate='<DVTSigningCertificate: 0x60001696cf00; name='Apple Development: Benjamin Okwama (S87UA72Y9G)', hash='82F080B7ED3A11ADB516430728D944EDADEB699F', serialNumber='61BE2F0379D9C02F88BB2F0A226B93C8', certificateKinds='(
    "1.2.840.113635.100.6.1.12",
    "1.2.840.113635.100.6.1.2"
), issueDate='2025-05-15 07:27:09 +0000''>', entitlements='(null)', teamID='LV3WK67YPG', identifier='org.cocoapods.SwiftyGif', executablePath='<DVTFilePath:0x60003f6fea00:'/Users/citlogistics/Library/Developer/Xcode/Archives/2025-06-24/Runner 24-06-2025, 10.53.xcarchive/Products/Applications/Runner.app/Frameworks/SwiftyGif.framework/SwiftyGif'>', hardenedRuntime='0'>'> are: {
}
2025-06-24 07:56:31 +0000  Writing entitlements for <IDEDistributionItem: 0x60003f625200; bundleID='org.cocoapods.SwiftyGif', path='<DVTFilePath:0x6000237455e0:'/Users/citlogistics/Library/Developer/Xcode/Archives/2025-06-24/Runner 24-06-2025, 10.53.xcarchive/Products/Applications/Runner.app/Frameworks/SwiftyGif.framework'>', codeSigningInfo='<_DVTCodeSigningInformation_Path: 0x600037a1d9a0; isSigned='1', isAdHocSigned='0', signingCertificate='<DVTSigningCertificate: 0x6000126879c0; name='Apple Development: Benjamin Okwama (S87UA72Y9G)', hash='82F080B7ED3A11ADB516430728D944EDADEB699F', serialNumber='61BE2F0379D9C02F88BB2F0A226B93C8', certificateKinds='(
    "1.2.840.113635.100.6.1.12",
    "1.2.840.113635.100.6.1.2"
), issueDate='2025-05-15 07:27:09 +0000''>', entitlements='(null)', teamID='LV3WK67YPG', identifier='org.cocoapods.SwiftyGif', executablePath='<DVTFilePath:0x60003f6fea00:'/Users/citlogistics/Library/Developer/Xcode/Archives/2025-06-24/Runner 24-06-2025, 10.53.xcarchive/Products/Applications/Runner.app/Frameworks/SwiftyGif.framework/SwiftyGif'>', hardenedRuntime='0'>'> to: /var/folders/fs/jyprtvb12cv490g4bbpmssyh0000gn/T/XcodeDistPipeline.~~~Eh3jHy/entitlements~~~x9WtSa
2025-06-24 07:56:31 +0000  invoking codesign: <NSConcreteTask: 0x60003bfa3070; launchPath='/usr/bin/codesign', arguments='(
    "-f",
    "-s",
    82F080B7ED3A11ADB516430728D944EDADEB699F,
    "--entitlements",
    "/var/folders/fs/jyprtvb12cv490g4bbpmssyh0000gn/T/XcodeDistPipeline.~~~Eh3jHy/entitlements~~~x9WtSa",
    "--preserve-metadata=identifier,flags,runtime",
    "--generate-entitlement-der",
    "--strip-disallowed-xattrs",
    "-vvv",
    "/var/folders/fs/jyprtvb12cv490g4bbpmssyh0000gn/T/XcodeDistPipeline.~~~Eh3jHy/Root/Payload/Runner.app/Frameworks/SwiftyGif.framework"
)'>
2025-06-24 07:56:31 +0000  codesign output: /var/folders/fs/jyprtvb12cv490g4bbpmssyh0000gn/T/XcodeDistPipeline.~~~Eh3jHy/Root/Payload/Runner.app/Frameworks/SwiftyGif.framework: replacing existing signature
/var/folders/fs/jyprtvb12cv490g4bbpmssyh0000gn/T/XcodeDistPipeline.~~~Eh3jHy/Root/Payload/Runner.app/Frameworks/SwiftyGif.framework: signed bundle with Mach-O thin (arm64) [org.cocoapods.SwiftyGif]
2025-06-24 07:56:31 +0000  Entitlements for <IDEDistributionItem: 0x60003f6250e0; bundleID='org.cocoapods.device-info-plus', path='<DVTFilePath:0x6000234a1810:'/Users/citlogistics/Library/Developer/Xcode/Archives/2025-06-24/Runner 24-06-2025, 10.53.xcarchive/Products/Applications/Runner.app/Frameworks/device_info_plus.framework'>', codeSigningInfo='<_DVTCodeSigningInformation_Path: 0x600037a723a0; isSigned='1', isAdHocSigned='0', signingCertificate='<DVTSigningCertificate: 0x60001691eb80; name='Apple Development: Benjamin Okwama (S87UA72Y9G)', hash='82F080B7ED3A11ADB516430728D944EDADEB699F', serialNumber='61BE2F0379D9C02F88BB2F0A226B93C8', certificateKinds='(
    "1.2.840.113635.100.6.1.12",
    "1.2.840.113635.100.6.1.2"
), issueDate='2025-05-15 07:27:09 +0000''>', entitlements='(null)', teamID='LV3WK67YPG', identifier='org.cocoapods.device-info-plus', executablePath='<DVTFilePath:0x600023492450:'/Users/citlogistics/Library/Developer/Xcode/Archives/2025-06-24/Runner 24-06-2025, 10.53.xcarchive/Products/Applications/Runner.app/Frameworks/device_info_plus.framework/device_info_plus'>', hardenedRuntime='0'>'>: {
}
2025-06-24 07:56:31 +0000  Associated App Clip Identifiers Filter: Skipping because "com.apple.developer.associated-appclip-app-identifiers" is not present
2025-06-24 07:56:31 +0000  Entitlements for <IDEDistributionItem: 0x60003f6250e0; bundleID='org.cocoapods.device-info-plus', path='<DVTFilePath:0x6000234a1810:'/Users/citlogistics/Library/Developer/Xcode/Archives/2025-06-24/Runner 24-06-2025, 10.53.xcarchive/Products/Applications/Runner.app/Frameworks/device_info_plus.framework'>', codeSigningInfo='<_DVTCodeSigningInformation_Path: 0x600037a723a0; isSigned='1', isAdHocSigned='0', signingCertificate='<DVTSigningCertificate: 0x60001696cf00; name='Apple Development: Benjamin Okwama (S87UA72Y9G)', hash='82F080B7ED3A11ADB516430728D944EDADEB699F', serialNumber='61BE2F0379D9C02F88BB2F0A226B93C8', certificateKinds='(
    "1.2.840.113635.100.6.1.12",
    "1.2.840.113635.100.6.1.2"
), issueDate='2025-05-15 07:27:09 +0000''>', entitlements='(null)', teamID='LV3WK67YPG', identifier='org.cocoapods.device-info-plus', executablePath='<DVTFilePath:0x600023492450:'/Users/citlogistics/Library/Developer/Xcode/Archives/2025-06-24/Runner 24-06-2025, 10.53.xcarchive/Products/Applications/Runner.app/Frameworks/device_info_plus.framework/device_info_plus'>', hardenedRuntime='0'>'> are: {
}
2025-06-24 07:56:31 +0000  Writing entitlements for <IDEDistributionItem: 0x60003f6250e0; bundleID='org.cocoapods.device-info-plus', path='<DVTFilePath:0x6000234a1810:'/Users/citlogistics/Library/Developer/Xcode/Archives/2025-06-24/Runner 24-06-2025, 10.53.xcarchive/Products/Applications/Runner.app/Frameworks/device_info_plus.framework'>', codeSigningInfo='<_DVTCodeSigningInformation_Path: 0x600037a723a0; isSigned='1', isAdHocSigned='0', signingCertificate='<DVTSigningCertificate: 0x600012687600; name='Apple Development: Benjamin Okwama (S87UA72Y9G)', hash='82F080B7ED3A11ADB516430728D944EDADEB699F', serialNumber='61BE2F0379D9C02F88BB2F0A226B93C8', certificateKinds='(
    "1.2.840.113635.100.6.1.12",
    "1.2.840.113635.100.6.1.2"
), issueDate='2025-05-15 07:27:09 +0000''>', entitlements='(null)', teamID='LV3WK67YPG', identifier='org.cocoapods.device-info-plus', executablePath='<DVTFilePath:0x600023492450:'/Users/citlogistics/Library/Developer/Xcode/Archives/2025-06-24/Runner 24-06-2025, 10.53.xcarchive/Products/Applications/Runner.app/Frameworks/device_info_plus.framework/device_info_plus'>', hardenedRuntime='0'>'> to: /var/folders/fs/jyprtvb12cv490g4bbpmssyh0000gn/T/XcodeDistPipeline.~~~Eh3jHy/entitlements~~~Z4c2jR
2025-06-24 07:56:31 +0000  invoking codesign: <NSConcreteTask: 0x600037b7b160; launchPath='/usr/bin/codesign', arguments='(
    "-f",
    "-s",
    82F080B7ED3A11ADB516430728D944EDADEB699F,
    "--entitlements",
    "/var/folders/fs/jyprtvb12cv490g4bbpmssyh0000gn/T/XcodeDistPipeline.~~~Eh3jHy/entitlements~~~Z4c2jR",
    "--preserve-metadata=identifier,flags,runtime",
    "--generate-entitlement-der",
    "--strip-disallowed-xattrs",
    "-vvv",
    "/var/folders/fs/jyprtvb12cv490g4bbpmssyh0000gn/T/XcodeDistPipeline.~~~Eh3jHy/Root/Payload/Runner.app/Frameworks/device_info_plus.framework"
)'>
2025-06-24 07:56:31 +0000  codesign output: /var/folders/fs/jyprtvb12cv490g4bbpmssyh0000gn/T/XcodeDistPipeline.~~~Eh3jHy/Root/Payload/Runner.app/Frameworks/device_info_plus.framework: replacing existing signature
/var/folders/fs/jyprtvb12cv490g4bbpmssyh0000gn/T/XcodeDistPipeline.~~~Eh3jHy/Root/Payload/Runner.app/Frameworks/device_info_plus.framework: signed bundle with Mach-O thin (arm64) [org.cocoapods.device-info-plus]
2025-06-24 07:56:31 +0000  Entitlements for <IDEDistributionItem: 0x60003f6c3480; bundleID='org.cocoapods.file-picker', path='<DVTFilePath:0x6000234935d0:'/Users/citlogistics/Library/Developer/Xcode/Archives/2025-06-24/Runner 24-06-2025, 10.53.xcarchive/Products/Applications/Runner.app/Frameworks/file_picker.framework'>', codeSigningInfo='<_DVTCodeSigningInformation_Path: 0x600037a1f250; isSigned='1', isAdHocSigned='0', signingCertificate='<DVTSigningCertificate: 0x60001695c600; name='Apple Development: Benjamin Okwama (S87UA72Y9G)', hash='82F080B7ED3A11ADB516430728D944EDADEB699F', serialNumber='61BE2F0379D9C02F88BB2F0A226B93C8', certificateKinds='(
    "1.2.840.113635.100.6.1.12",
    "1.2.840.113635.100.6.1.2"
), issueDate='2025-05-15 07:27:09 +0000''>', entitlements='(null)', teamID='LV3WK67YPG', identifier='org.cocoapods.file-picker', executablePath='<DVTFilePath:0x60003f6f2040:'/Users/citlogistics/Library/Developer/Xcode/Archives/2025-06-24/Runner 24-06-2025, 10.53.xcarchive/Products/Applications/Runner.app/Frameworks/file_picker.framework/file_picker'>', hardenedRuntime='0'>'>: {
}
2025-06-24 07:56:31 +0000  Associated App Clip Identifiers Filter: Skipping because "com.apple.developer.associated-appclip-app-identifiers" is not present
2025-06-24 07:56:31 +0000  Entitlements for <IDEDistributionItem: 0x60003f6c3480; bundleID='org.cocoapods.file-picker', path='<DVTFilePath:0x6000234935d0:'/Users/citlogistics/Library/Developer/Xcode/Archives/2025-06-24/Runner 24-06-2025, 10.53.xcarchive/Products/Applications/Runner.app/Frameworks/file_picker.framework'>', codeSigningInfo='<_DVTCodeSigningInformation_Path: 0x600037a1f250; isSigned='1', isAdHocSigned='0', signingCertificate='<DVTSigningCertificate: 0x600012687600; name='Apple Development: Benjamin Okwama (S87UA72Y9G)', hash='82F080B7ED3A11ADB516430728D944EDADEB699F', serialNumber='61BE2F0379D9C02F88BB2F0A226B93C8', certificateKinds='(
    "1.2.840.113635.100.6.1.12",
    "1.2.840.113635.100.6.1.2"
), issueDate='2025-05-15 07:27:09 +0000''>', entitlements='(null)', teamID='LV3WK67YPG', identifier='org.cocoapods.file-picker', executablePath='<DVTFilePath:0x60003f6f2040:'/Users/citlogistics/Library/Developer/Xcode/Archives/2025-06-24/Runner 24-06-2025, 10.53.xcarchive/Products/Applications/Runner.app/Frameworks/file_picker.framework/file_picker'>', hardenedRuntime='0'>'> are: {
}
2025-06-24 07:56:31 +0000  Writing entitlements for <IDEDistributionItem: 0x60003f6c3480; bundleID='org.cocoapods.file-picker', path='<DVTFilePath:0x6000234935d0:'/Users/citlogistics/Library/Developer/Xcode/Archives/2025-06-24/Runner 24-06-2025, 10.53.xcarchive/Products/Applications/Runner.app/Frameworks/file_picker.framework'>', codeSigningInfo='<_DVTCodeSigningInformation_Path: 0x600037a1f250; isSigned='1', isAdHocSigned='0', signingCertificate='<DVTSigningCertificate: 0x60001695cc00; name='Apple Development: Benjamin Okwama (S87UA72Y9G)', hash='82F080B7ED3A11ADB516430728D944EDADEB699F', serialNumber='61BE2F0379D9C02F88BB2F0A226B93C8', certificateKinds='(
    "1.2.840.113635.100.6.1.12",
    "1.2.840.113635.100.6.1.2"
), issueDate='2025-05-15 07:27:09 +0000''>', entitlements='(null)', teamID='LV3WK67YPG', identifier='org.cocoapods.file-picker', executablePath='<DVTFilePath:0x60003f6f2040:'/Users/citlogistics/Library/Developer/Xcode/Archives/2025-06-24/Runner 24-06-2025, 10.53.xcarchive/Products/Applications/Runner.app/Frameworks/file_picker.framework/file_picker'>', hardenedRuntime='0'>'> to: /var/folders/fs/jyprtvb12cv490g4bbpmssyh0000gn/T/XcodeDistPipeline.~~~Eh3jHy/entitlements~~~NURVZh
2025-06-24 07:56:31 +0000  invoking codesign: <NSConcreteTask: 0x600037b49f40; launchPath='/usr/bin/codesign', arguments='(
    "-f",
    "-s",
    82F080B7ED3A11ADB516430728D944EDADEB699F,
    "--entitlements",
    "/var/folders/fs/jyprtvb12cv490g4bbpmssyh0000gn/T/XcodeDistPipeline.~~~Eh3jHy/entitlements~~~NURVZh",
    "--preserve-metadata=identifier,flags,runtime",
    "--generate-entitlement-der",
    "--strip-disallowed-xattrs",
    "-vvv",
    "/var/folders/fs/jyprtvb12cv490g4bbpmssyh0000gn/T/XcodeDistPipeline.~~~Eh3jHy/Root/Payload/Runner.app/Frameworks/file_picker.framework"
)'>
2025-06-24 07:56:31 +0000  codesign output: /var/folders/fs/jyprtvb12cv490g4bbpmssyh0000gn/T/XcodeDistPipeline.~~~Eh3jHy/Root/Payload/Runner.app/Frameworks/file_picker.framework: replacing existing signature
/var/folders/fs/jyprtvb12cv490g4bbpmssyh0000gn/T/XcodeDistPipeline.~~~Eh3jHy/Root/Payload/Runner.app/Frameworks/file_picker.framework: signed bundle with Mach-O thin (arm64) [org.cocoapods.file-picker]
2025-06-24 07:56:31 +0000  Entitlements for <IDEDistributionItem: 0x60003f622520; bundleID='org.cocoapods.flutter-background-service-ios', path='<DVTFilePath:0x6000070c1300:'/Users/citlogistics/Library/Developer/Xcode/Archives/2025-06-24/Runner 24-06-2025, 10.53.xcarchive/Products/Applications/Runner.app/Frameworks/flutter_background_service_ios.framework'>', codeSigningInfo='<_DVTCodeSigningInformation_Path: 0x600037a5d310; isSigned='1', isAdHocSigned='0', signingCertificate='<DVTSigningCertificate: 0x600012687600; name='Apple Development: Benjamin Okwama (S87UA72Y9G)', hash='82F080B7ED3A11ADB516430728D944EDADEB699F', serialNumber='61BE2F0379D9C02F88BB2F0A226B93C8', certificateKinds='(
    "1.2.840.113635.100.6.1.12",
    "1.2.840.113635.100.6.1.2"
), issueDate='2025-05-15 07:27:09 +0000''>', entitlements='(null)', teamID='LV3WK67YPG', identifier='org.cocoapods.flutter-background-service-ios', executablePath='<DVTFilePath:0x6000234a19d0:'/Users/citlogistics/Library/Developer/Xcode/Archives/2025-06-24/Runner 24-06-2025, 10.53.xcarchive/Products/Applications/Runner.app/Frameworks/flutter_background_service_ios.framework/flutter_background_service_ios'>', hardenedRuntime='0'>'>: {
}
2025-06-24 07:56:31 +0000  Associated App Clip Identifiers Filter: Skipping because "com.apple.developer.associated-appclip-app-identifiers" is not present
2025-06-24 07:56:31 +0000  Entitlements for <IDEDistributionItem: 0x60003f622520; bundleID='org.cocoapods.flutter-background-service-ios', path='<DVTFilePath:0x6000070c1300:'/Users/citlogistics/Library/Developer/Xcode/Archives/2025-06-24/Runner 24-06-2025, 10.53.xcarchive/Products/Applications/Runner.app/Frameworks/flutter_background_service_ios.framework'>', codeSigningInfo='<_DVTCodeSigningInformation_Path: 0x600037a5d310; isSigned='1', isAdHocSigned='0', signingCertificate='<DVTSigningCertificate: 0x600012687780; name='Apple Development: Benjamin Okwama (S87UA72Y9G)', hash='82F080B7ED3A11ADB516430728D944EDADEB699F', serialNumber='61BE2F0379D9C02F88BB2F0A226B93C8', certificateKinds='(
    "1.2.840.113635.100.6.1.12",
    "1.2.840.113635.100.6.1.2"
), issueDate='2025-05-15 07:27:09 +0000''>', entitlements='(null)', teamID='LV3WK67YPG', identifier='org.cocoapods.flutter-background-service-ios', executablePath='<DVTFilePath:0x6000234a19d0:'/Users/citlogistics/Library/Developer/Xcode/Archives/2025-06-24/Runner 24-06-2025, 10.53.xcarchive/Products/Applications/Runner.app/Frameworks/flutter_background_service_ios.framework/flutter_background_service_ios'>', hardenedRuntime='0'>'> are: {
}
2025-06-24 07:56:31 +0000  Writing entitlements for <IDEDistributionItem: 0x60003f622520; bundleID='org.cocoapods.flutter-background-service-ios', path='<DVTFilePath:0x6000070c1300:'/Users/citlogistics/Library/Developer/Xcode/Archives/2025-06-24/Runner 24-06-2025, 10.53.xcarchive/Products/Applications/Runner.app/Frameworks/flutter_background_service_ios.framework'>', codeSigningInfo='<_DVTCodeSigningInformation_Path: 0x600037a5d310; isSigned='1', isAdHocSigned='0', signingCertificate='<DVTSigningCertificate: 0x60001691fb40; name='Apple Development: Benjamin Okwama (S87UA72Y9G)', hash='82F080B7ED3A11ADB516430728D944EDADEB699F', serialNumber='61BE2F0379D9C02F88BB2F0A226B93C8', certificateKinds='(
    "1.2.840.113635.100.6.1.12",
    "1.2.840.113635.100.6.1.2"
), issueDate='2025-05-15 07:27:09 +0000''>', entitlements='(null)', teamID='LV3WK67YPG', identifier='org.cocoapods.flutter-background-service-ios', executablePath='<DVTFilePath:0x6000234a19d0:'/Users/citlogistics/Library/Developer/Xcode/Archives/2025-06-24/Runner 24-06-2025, 10.53.xcarchive/Products/Applications/Runner.app/Frameworks/flutter_background_service_ios.framework/flutter_background_service_ios'>', hardenedRuntime='0'>'> to: /var/folders/fs/jyprtvb12cv490g4bbpmssyh0000gn/T/XcodeDistPipeline.~~~Eh3jHy/entitlements~~~4JHDrG
2025-06-24 07:56:31 +0000  invoking codesign: <NSConcreteTask: 0x60003bfb7520; launchPath='/usr/bin/codesign', arguments='(
    "-f",
    "-s",
    82F080B7ED3A11ADB516430728D944EDADEB699F,
    "--entitlements",
    "/var/folders/fs/jyprtvb12cv490g4bbpmssyh0000gn/T/XcodeDistPipeline.~~~Eh3jHy/entitlements~~~4JHDrG",
    "--preserve-metadata=identifier,flags,runtime",
    "--generate-entitlement-der",
    "--strip-disallowed-xattrs",
    "-vvv",
    "/var/folders/fs/jyprtvb12cv490g4bbpmssyh0000gn/T/XcodeDistPipeline.~~~Eh3jHy/Root/Payload/Runner.app/Frameworks/flutter_background_service_ios.framework"
)'>
2025-06-24 07:56:31 +0000  codesign output: /var/folders/fs/jyprtvb12cv490g4bbpmssyh0000gn/T/XcodeDistPipeline.~~~Eh3jHy/Root/Payload/Runner.app/Frameworks/flutter_background_service_ios.framework: replacing existing signature
/var/folders/fs/jyprtvb12cv490g4bbpmssyh0000gn/T/XcodeDistPipeline.~~~Eh3jHy/Root/Payload/Runner.app/Frameworks/flutter_background_service_ios.framework: signed bundle with Mach-O thin (arm64) [org.cocoapods.flutter-background-service-ios]
2025-06-24 07:56:31 +0000  Entitlements for <IDEDistributionItem: 0x60003f625e60; bundleID='org.cocoapods.flutter-local-notifications', path='<DVTFilePath:0x6000070c1680:'/Users/citlogistics/Library/Developer/Xcode/Archives/2025-06-24/Runner 24-06-2025, 10.53.xcarchive/Products/Applications/Runner.app/Frameworks/flutter_local_notifications.framework'>', codeSigningInfo='<_DVTCodeSigningInformation_Path: 0x600037a70000; isSigned='1', isAdHocSigned='0', signingCertificate='<DVTSigningCertificate: 0x60001696cb40; name='Apple Development: Benjamin Okwama (S87UA72Y9G)', hash='82F080B7ED3A11ADB516430728D944EDADEB699F', serialNumber='61BE2F0379D9C02F88BB2F0A226B93C8', certificateKinds='(
    "1.2.840.113635.100.6.1.12",
    "1.2.840.113635.100.6.1.2"
), issueDate='2025-05-15 07:27:09 +0000''>', entitlements='(null)', teamID='LV3WK67YPG', identifier='org.cocoapods.flutter-local-notifications', executablePath='<DVTFilePath:0x600023493b10:'/Users/citlogistics/Library/Developer/Xcode/Archives/2025-06-24/Runner 24-06-2025, 10.53.xcarchive/Products/Applications/Runner.app/Frameworks/flutter_local_notifications.framework/flutter_local_notifications'>', hardenedRuntime='0'>'>: {
}
2025-06-24 07:56:31 +0000  Associated App Clip Identifiers Filter: Skipping because "com.apple.developer.associated-appclip-app-identifiers" is not present
2025-06-24 07:56:31 +0000  Entitlements for <IDEDistributionItem: 0x60003f625e60; bundleID='org.cocoapods.flutter-local-notifications', path='<DVTFilePath:0x6000070c1680:'/Users/citlogistics/Library/Developer/Xcode/Archives/2025-06-24/Runner 24-06-2025, 10.53.xcarchive/Products/Applications/Runner.app/Frameworks/flutter_local_notifications.framework'>', codeSigningInfo='<_DVTCodeSigningInformation_Path: 0x600037a70000; isSigned='1', isAdHocSigned='0', signingCertificate='<DVTSigningCertificate: 0x60001691fb40; name='Apple Development: Benjamin Okwama (S87UA72Y9G)', hash='82F080B7ED3A11ADB516430728D944EDADEB699F', serialNumber='61BE2F0379D9C02F88BB2F0A226B93C8', certificateKinds='(
    "1.2.840.113635.100.6.1.12",
    "1.2.840.113635.100.6.1.2"
), issueDate='2025-05-15 07:27:09 +0000''>', entitlements='(null)', teamID='LV3WK67YPG', identifier='org.cocoapods.flutter-local-notifications', executablePath='<DVTFilePath:0x600023493b10:'/Users/citlogistics/Library/Developer/Xcode/Archives/2025-06-24/Runner 24-06-2025, 10.53.xcarchive/Products/Applications/Runner.app/Frameworks/flutter_local_notifications.framework/flutter_local_notifications'>', hardenedRuntime='0'>'> are: {
}
2025-06-24 07:56:31 +0000  Writing entitlements for <IDEDistributionItem: 0x60003f625e60; bundleID='org.cocoapods.flutter-local-notifications', path='<DVTFilePath:0x6000070c1680:'/Users/citlogistics/Library/Developer/Xcode/Archives/2025-06-24/Runner 24-06-2025, 10.53.xcarchive/Products/Applications/Runner.app/Frameworks/flutter_local_notifications.framework'>', codeSigningInfo='<_DVTCodeSigningInformation_Path: 0x600037a70000; isSigned='1', isAdHocSigned='0', signingCertificate='<DVTSigningCertificate: 0x60001691ff00; name='Apple Development: Benjamin Okwama (S87UA72Y9G)', hash='82F080B7ED3A11ADB516430728D944EDADEB699F', serialNumber='61BE2F0379D9C02F88BB2F0A226B93C8', certificateKinds='(
    "1.2.840.113635.100.6.1.12",
    "1.2.840.113635.100.6.1.2"
), issueDate='2025-05-15 07:27:09 +0000''>', entitlements='(null)', teamID='LV3WK67YPG', identifier='org.cocoapods.flutter-local-notifications', executablePath='<DVTFilePath:0x600023493b10:'/Users/citlogistics/Library/Developer/Xcode/Archives/2025-06-24/Runner 24-06-2025, 10.53.xcarchive/Products/Applications/Runner.app/Frameworks/flutter_local_notifications.framework/flutter_local_notifications'>', hardenedRuntime='0'>'> to: /var/folders/fs/jyprtvb12cv490g4bbpmssyh0000gn/T/XcodeDistPipeline.~~~Eh3jHy/entitlements~~~kUYRzs
2025-06-24 07:56:31 +0000  invoking codesign: <NSConcreteTask: 0x60003bfb7890; launchPath='/usr/bin/codesign', arguments='(
    "-f",
    "-s",
    82F080B7ED3A11ADB516430728D944EDADEB699F,
    "--entitlements",
    "/var/folders/fs/jyprtvb12cv490g4bbpmssyh0000gn/T/XcodeDistPipeline.~~~Eh3jHy/entitlements~~~kUYRzs",
    "--preserve-metadata=identifier,flags,runtime",
    "--generate-entitlement-der",
    "--strip-disallowed-xattrs",
    "-vvv",
    "/var/folders/fs/jyprtvb12cv490g4bbpmssyh0000gn/T/XcodeDistPipeline.~~~Eh3jHy/Root/Payload/Runner.app/Frameworks/flutter_local_notifications.framework"
)'>
2025-06-24 07:56:32 +0000  codesign output: /var/folders/fs/jyprtvb12cv490g4bbpmssyh0000gn/T/XcodeDistPipeline.~~~Eh3jHy/Root/Payload/Runner.app/Frameworks/flutter_local_notifications.framework: replacing existing signature
/var/folders/fs/jyprtvb12cv490g4bbpmssyh0000gn/T/XcodeDistPipeline.~~~Eh3jHy/Root/Payload/Runner.app/Frameworks/flutter_local_notifications.framework: signed bundle with Mach-O thin (arm64) [org.cocoapods.flutter-local-notifications]
2025-06-24 07:56:32 +0000  Entitlements for <IDEDistributionItem: 0x60003f637900; bundleID='org.cocoapods.flutter-native-splash', path='<DVTFilePath:0x6000234a3640:'/Users/citlogistics/Library/Developer/Xcode/Archives/2025-06-24/Runner 24-06-2025, 10.53.xcarchive/Products/Applications/Runner.app/Frameworks/flutter_native_splash.framework'>', codeSigningInfo='<_DVTCodeSigningInformation_Path: 0x600037a1d540; isSigned='1', isAdHocSigned='0', signingCertificate='<DVTSigningCertificate: 0x60001695c600; name='Apple Development: Benjamin Okwama (S87UA72Y9G)', hash='82F080B7ED3A11ADB516430728D944EDADEB699F', serialNumber='61BE2F0379D9C02F88BB2F0A226B93C8', certificateKinds='(
    "1.2.840.113635.100.6.1.12",
    "1.2.840.113635.100.6.1.2"
), issueDate='2025-05-15 07:27:09 +0000''>', entitlements='(null)', teamID='LV3WK67YPG', identifier='org.cocoapods.flutter-native-splash', executablePath='<DVTFilePath:0x6000234aeae0:'/Users/citlogistics/Library/Developer/Xcode/Archives/2025-06-24/Runner 24-06-2025, 10.53.xcarchive/Products/Applications/Runner.app/Frameworks/flutter_native_splash.framework/flutter_native_splash'>', hardenedRuntime='0'>'>: {
}
2025-06-24 07:56:32 +0000  Associated App Clip Identifiers Filter: Skipping because "com.apple.developer.associated-appclip-app-identifiers" is not present
2025-06-24 07:56:32 +0000  Entitlements for <IDEDistributionItem: 0x60003f637900; bundleID='org.cocoapods.flutter-native-splash', path='<DVTFilePath:0x6000234a3640:'/Users/citlogistics/Library/Developer/Xcode/Archives/2025-06-24/Runner 24-06-2025, 10.53.xcarchive/Products/Applications/Runner.app/Frameworks/flutter_native_splash.framework'>', codeSigningInfo='<_DVTCodeSigningInformation_Path: 0x600037a1d540; isSigned='1', isAdHocSigned='0', signingCertificate='<DVTSigningCertificate: 0x60001695cc00; name='Apple Development: Benjamin Okwama (S87UA72Y9G)', hash='82F080B7ED3A11ADB516430728D944EDADEB699F', serialNumber='61BE2F0379D9C02F88BB2F0A226B93C8', certificateKinds='(
    "1.2.840.113635.100.6.1.12",
    "1.2.840.113635.100.6.1.2"
), issueDate='2025-05-15 07:27:09 +0000''>', entitlements='(null)', teamID='LV3WK67YPG', identifier='org.cocoapods.flutter-native-splash', executablePath='<DVTFilePath:0x6000234aeae0:'/Users/citlogistics/Library/Developer/Xcode/Archives/2025-06-24/Runner 24-06-2025, 10.53.xcarchive/Products/Applications/Runner.app/Frameworks/flutter_native_splash.framework/flutter_native_splash'>', hardenedRuntime='0'>'> are: {
}
2025-06-24 07:56:32 +0000  Writing entitlements for <IDEDistributionItem: 0x60003f637900; bundleID='org.cocoapods.flutter-native-splash', path='<DVTFilePath:0x6000234a3640:'/Users/citlogistics/Library/Developer/Xcode/Archives/2025-06-24/Runner 24-06-2025, 10.53.xcarchive/Products/Applications/Runner.app/Frameworks/flutter_native_splash.framework'>', codeSigningInfo='<_DVTCodeSigningInformation_Path: 0x600037a1d540; isSigned='1', isAdHocSigned='0', signingCertificate='<DVTSigningCertificate: 0x6000126879c0; name='Apple Development: Benjamin Okwama (S87UA72Y9G)', hash='82F080B7ED3A11ADB516430728D944EDADEB699F', serialNumber='61BE2F0379D9C02F88BB2F0A226B93C8', certificateKinds='(
    "1.2.840.113635.100.6.1.12",
    "1.2.840.113635.100.6.1.2"
), issueDate='2025-05-15 07:27:09 +0000''>', entitlements='(null)', teamID='LV3WK67YPG', identifier='org.cocoapods.flutter-native-splash', executablePath='<DVTFilePath:0x6000234aeae0:'/Users/citlogistics/Library/Developer/Xcode/Archives/2025-06-24/Runner 24-06-2025, 10.53.xcarchive/Products/Applications/Runner.app/Frameworks/flutter_native_splash.framework/flutter_native_splash'>', hardenedRuntime='0'>'> to: /var/folders/fs/jyprtvb12cv490g4bbpmssyh0000gn/T/XcodeDistPipeline.~~~Eh3jHy/entitlements~~~JFGftI
2025-06-24 07:56:32 +0000  invoking codesign: <NSConcreteTask: 0x600037b7b480; launchPath='/usr/bin/codesign', arguments='(
    "-f",
    "-s",
    82F080B7ED3A11ADB516430728D944EDADEB699F,
    "--entitlements",
    "/var/folders/fs/jyprtvb12cv490g4bbpmssyh0000gn/T/XcodeDistPipeline.~~~Eh3jHy/entitlements~~~JFGftI",
    "--preserve-metadata=identifier,flags,runtime",
    "--generate-entitlement-der",
    "--strip-disallowed-xattrs",
    "-vvv",
    "/var/folders/fs/jyprtvb12cv490g4bbpmssyh0000gn/T/XcodeDistPipeline.~~~Eh3jHy/Root/Payload/Runner.app/Frameworks/flutter_native_splash.framework"
)'>
2025-06-24 07:56:32 +0000  codesign output: /var/folders/fs/jyprtvb12cv490g4bbpmssyh0000gn/T/XcodeDistPipeline.~~~Eh3jHy/Root/Payload/Runner.app/Frameworks/flutter_native_splash.framework: replacing existing signature
/var/folders/fs/jyprtvb12cv490g4bbpmssyh0000gn/T/XcodeDistPipeline.~~~Eh3jHy/Root/Payload/Runner.app/Frameworks/flutter_native_splash.framework: signed bundle with Mach-O thin (arm64) [org.cocoapods.flutter-native-splash]
2025-06-24 07:56:32 +0000  Entitlements for <IDEDistributionItem: 0x60003f637240; bundleID='org.cocoapods.fluttertoast', path='<DVTFilePath:0x6000234a7aa0:'/Users/citlogistics/Library/Developer/Xcode/Archives/2025-06-24/Runner 24-06-2025, 10.53.xcarchive/Products/Applications/Runner.app/Frameworks/fluttertoast.framework'>', codeSigningInfo='<_DVTCodeSigningInformation_Path: 0x600037a05540; isSigned='1', isAdHocSigned='0', signingCertificate='<DVTSigningCertificate: 0x60001695c600; name='Apple Development: Benjamin Okwama (S87UA72Y9G)', hash='82F080B7ED3A11ADB516430728D944EDADEB699F', serialNumber='61BE2F0379D9C02F88BB2F0A226B93C8', certificateKinds='(
    "1.2.840.113635.100.6.1.12",
    "1.2.840.113635.100.6.1.2"
), issueDate='2025-05-15 07:27:09 +0000''>', entitlements='(null)', teamID='LV3WK67YPG', identifier='org.cocoapods.fluttertoast', executablePath='<DVTFilePath:0x60003f6f3720:'/Users/citlogistics/Library/Developer/Xcode/Archives/2025-06-24/Runner 24-06-2025, 10.53.xcarchive/Products/Applications/Runner.app/Frameworks/fluttertoast.framework/fluttertoast'>', hardenedRuntime='0'>'>: {
}
2025-06-24 07:56:32 +0000  Associated App Clip Identifiers Filter: Skipping because "com.apple.developer.associated-appclip-app-identifiers" is not present
2025-06-24 07:56:32 +0000  Entitlements for <IDEDistributionItem: 0x60003f637240; bundleID='org.cocoapods.fluttertoast', path='<DVTFilePath:0x6000234a7aa0:'/Users/citlogistics/Library/Developer/Xcode/Archives/2025-06-24/Runner 24-06-2025, 10.53.xcarchive/Products/Applications/Runner.app/Frameworks/fluttertoast.framework'>', codeSigningInfo='<_DVTCodeSigningInformation_Path: 0x600037a05540; isSigned='1', isAdHocSigned='0', signingCertificate='<DVTSigningCertificate: 0x6000126879c0; name='Apple Development: Benjamin Okwama (S87UA72Y9G)', hash='82F080B7ED3A11ADB516430728D944EDADEB699F', serialNumber='61BE2F0379D9C02F88BB2F0A226B93C8', certificateKinds='(
    "1.2.840.113635.100.6.1.12",
    "1.2.840.113635.100.6.1.2"
), issueDate='2025-05-15 07:27:09 +0000''>', entitlements='(null)', teamID='LV3WK67YPG', identifier='org.cocoapods.fluttertoast', executablePath='<DVTFilePath:0x60003f6f3720:'/Users/citlogistics/Library/Developer/Xcode/Archives/2025-06-24/Runner 24-06-2025, 10.53.xcarchive/Products/Applications/Runner.app/Frameworks/fluttertoast.framework/fluttertoast'>', hardenedRuntime='0'>'> are: {
}
2025-06-24 07:56:32 +0000  Writing entitlements for <IDEDistributionItem: 0x60003f637240; bundleID='org.cocoapods.fluttertoast', path='<DVTFilePath:0x6000234a7aa0:'/Users/citlogistics/Library/Developer/Xcode/Archives/2025-06-24/Runner 24-06-2025, 10.53.xcarchive/Products/Applications/Runner.app/Frameworks/fluttertoast.framework'>', codeSigningInfo='<_DVTCodeSigningInformation_Path: 0x600037a05540; isSigned='1', isAdHocSigned='0', signingCertificate='<DVTSigningCertificate: 0x60001695cc00; name='Apple Development: Benjamin Okwama (S87UA72Y9G)', hash='82F080B7ED3A11ADB516430728D944EDADEB699F', serialNumber='61BE2F0379D9C02F88BB2F0A226B93C8', certificateKinds='(
    "1.2.840.113635.100.6.1.12",
    "1.2.840.113635.100.6.1.2"
), issueDate='2025-05-15 07:27:09 +0000''>', entitlements='(null)', teamID='LV3WK67YPG', identifier='org.cocoapods.fluttertoast', executablePath='<DVTFilePath:0x60003f6f3720:'/Users/citlogistics/Library/Developer/Xcode/Archives/2025-06-24/Runner 24-06-2025, 10.53.xcarchive/Products/Applications/Runner.app/Frameworks/fluttertoast.framework/fluttertoast'>', hardenedRuntime='0'>'> to: /var/folders/fs/jyprtvb12cv490g4bbpmssyh0000gn/T/XcodeDistPipeline.~~~Eh3jHy/entitlements~~~qAyHpN
2025-06-24 07:56:32 +0000  invoking codesign: <NSConcreteTask: 0x600037b7ad00; launchPath='/usr/bin/codesign', arguments='(
    "-f",
    "-s",
    82F080B7ED3A11ADB516430728D944EDADEB699F,
    "--entitlements",
    "/var/folders/fs/jyprtvb12cv490g4bbpmssyh0000gn/T/XcodeDistPipeline.~~~Eh3jHy/entitlements~~~qAyHpN",
    "--preserve-metadata=identifier,flags,runtime",
    "--generate-entitlement-der",
    "--strip-disallowed-xattrs",
    "-vvv",
    "/var/folders/fs/jyprtvb12cv490g4bbpmssyh0000gn/T/XcodeDistPipeline.~~~Eh3jHy/Root/Payload/Runner.app/Frameworks/fluttertoast.framework"
)'>
2025-06-24 07:56:32 +0000  codesign output: /var/folders/fs/jyprtvb12cv490g4bbpmssyh0000gn/T/XcodeDistPipeline.~~~Eh3jHy/Root/Payload/Runner.app/Frameworks/fluttertoast.framework: replacing existing signature
/var/folders/fs/jyprtvb12cv490g4bbpmssyh0000gn/T/XcodeDistPipeline.~~~Eh3jHy/Root/Payload/Runner.app/Frameworks/fluttertoast.framework: signed bundle with Mach-O thin (arm64) [org.cocoapods.fluttertoast]
2025-06-24 07:56:32 +0000  Entitlements for <IDEDistributionItem: 0x60003f636be0; bundleID='org.cocoapods.geocoding-ios', path='<DVTFilePath:0x600023496300:'/Users/citlogistics/Library/Developer/Xcode/Archives/2025-06-24/Runner 24-06-2025, 10.53.xcarchive/Products/Applications/Runner.app/Frameworks/geocoding_ios.framework'>', codeSigningInfo='<_DVTCodeSigningInformation_Path: 0x600037a04640; isSigned='1', isAdHocSigned='0', signingCertificate='<DVTSigningCertificate: 0x60001695c600; name='Apple Development: Benjamin Okwama (S87UA72Y9G)', hash='82F080B7ED3A11ADB516430728D944EDADEB699F', serialNumber='61BE2F0379D9C02F88BB2F0A226B93C8', certificateKinds='(
    "1.2.840.113635.100.6.1.12",
    "1.2.840.113635.100.6.1.2"
), issueDate='2025-05-15 07:27:09 +0000''>', entitlements='(null)', teamID='LV3WK67YPG', identifier='org.cocoapods.geocoding-ios', executablePath='<DVTFilePath:0x60003f6f4a80:'/Users/citlogistics/Library/Developer/Xcode/Archives/2025-06-24/Runner 24-06-2025, 10.53.xcarchive/Products/Applications/Runner.app/Frameworks/geocoding_ios.framework/geocoding_ios'>', hardenedRuntime='0'>'>: {
}
2025-06-24 07:56:32 +0000  Associated App Clip Identifiers Filter: Skipping because "com.apple.developer.associated-appclip-app-identifiers" is not present
2025-06-24 07:56:32 +0000  Entitlements for <IDEDistributionItem: 0x60003f636be0; bundleID='org.cocoapods.geocoding-ios', path='<DVTFilePath:0x600023496300:'/Users/citlogistics/Library/Developer/Xcode/Archives/2025-06-24/Runner 24-06-2025, 10.53.xcarchive/Products/Applications/Runner.app/Frameworks/geocoding_ios.framework'>', codeSigningInfo='<_DVTCodeSigningInformation_Path: 0x600037a04640; isSigned='1', isAdHocSigned='0', signingCertificate='<DVTSigningCertificate: 0x60001691eb80; name='Apple Development: Benjamin Okwama (S87UA72Y9G)', hash='82F080B7ED3A11ADB516430728D944EDADEB699F', serialNumber='61BE2F0379D9C02F88BB2F0A226B93C8', certificateKinds='(
    "1.2.840.113635.100.6.1.12",
    "1.2.840.113635.100.6.1.2"
), issueDate='2025-05-15 07:27:09 +0000''>', entitlements='(null)', teamID='LV3WK67YPG', identifier='org.cocoapods.geocoding-ios', executablePath='<DVTFilePath:0x60003f6f4a80:'/Users/citlogistics/Library/Developer/Xcode/Archives/2025-06-24/Runner 24-06-2025, 10.53.xcarchive/Products/Applications/Runner.app/Frameworks/geocoding_ios.framework/geocoding_ios'>', hardenedRuntime='0'>'> are: {
}
2025-06-24 07:56:32 +0000  Writing entitlements for <IDEDistributionItem: 0x60003f636be0; bundleID='org.cocoapods.geocoding-ios', path='<DVTFilePath:0x600023496300:'/Users/citlogistics/Library/Developer/Xcode/Archives/2025-06-24/Runner 24-06-2025, 10.53.xcarchive/Products/Applications/Runner.app/Frameworks/geocoding_ios.framework'>', codeSigningInfo='<_DVTCodeSigningInformation_Path: 0x600037a04640; isSigned='1', isAdHocSigned='0', signingCertificate='<DVTSigningCertificate: 0x60001696c600; name='Apple Development: Benjamin Okwama (S87UA72Y9G)', hash='82F080B7ED3A11ADB516430728D944EDADEB699F', serialNumber='61BE2F0379D9C02F88BB2F0A226B93C8', certificateKinds='(
    "1.2.840.113635.100.6.1.12",
    "1.2.840.113635.100.6.1.2"
), issueDate='2025-05-15 07:27:09 +0000''>', entitlements='(null)', teamID='LV3WK67YPG', identifier='org.cocoapods.geocoding-ios', executablePath='<DVTFilePath:0x60003f6f4a80:'/Users/citlogistics/Library/Developer/Xcode/Archives/2025-06-24/Runner 24-06-2025, 10.53.xcarchive/Products/Applications/Runner.app/Frameworks/geocoding_ios.framework/geocoding_ios'>', hardenedRuntime='0'>'> to: /var/folders/fs/jyprtvb12cv490g4bbpmssyh0000gn/T/XcodeDistPipeline.~~~Eh3jHy/entitlements~~~LRcZvi
2025-06-24 07:56:32 +0000  invoking codesign: <NSConcreteTask: 0x600037b48a50; launchPath='/usr/bin/codesign', arguments='(
    "-f",
    "-s",
    82F080B7ED3A11ADB516430728D944EDADEB699F,
    "--entitlements",
    "/var/folders/fs/jyprtvb12cv490g4bbpmssyh0000gn/T/XcodeDistPipeline.~~~Eh3jHy/entitlements~~~LRcZvi",
    "--preserve-metadata=identifier,flags,runtime",
    "--generate-entitlement-der",
    "--strip-disallowed-xattrs",
    "-vvv",
    "/var/folders/fs/jyprtvb12cv490g4bbpmssyh0000gn/T/XcodeDistPipeline.~~~Eh3jHy/Root/Payload/Runner.app/Frameworks/geocoding_ios.framework"
)'>
2025-06-24 07:56:32 +0000  codesign output: /var/folders/fs/jyprtvb12cv490g4bbpmssyh0000gn/T/XcodeDistPipeline.~~~Eh3jHy/Root/Payload/Runner.app/Frameworks/geocoding_ios.framework: replacing existing signature
/var/folders/fs/jyprtvb12cv490g4bbpmssyh0000gn/T/XcodeDistPipeline.~~~Eh3jHy/Root/Payload/Runner.app/Frameworks/geocoding_ios.framework: signed bundle with Mach-O thin (arm64) [org.cocoapods.geocoding-ios]
2025-06-24 07:56:32 +0000  Entitlements for <IDEDistributionItem: 0x60003f637a20; bundleID='org.cocoapods.geolocator-apple', path='<DVTFilePath:0x6000234b3790:'/Users/citlogistics/Library/Developer/Xcode/Archives/2025-06-24/Runner 24-06-2025, 10.53.xcarchive/Products/Applications/Runner.app/Frameworks/geolocator_apple.framework'>', codeSigningInfo='<_DVTCodeSigningInformation_Path: 0x600037a07660; isSigned='1', isAdHocSigned='0', signingCertificate='<DVTSigningCertificate: 0x600012687780; name='Apple Development: Benjamin Okwama (S87UA72Y9G)', hash='82F080B7ED3A11ADB516430728D944EDADEB699F', serialNumber='61BE2F0379D9C02F88BB2F0A226B93C8', certificateKinds='(
    "1.2.840.113635.100.6.1.12",
    "1.2.840.113635.100.6.1.2"
), issueDate='2025-05-15 07:27:09 +0000''>', entitlements='(null)', teamID='LV3WK67YPG', identifier='org.cocoapods.geolocator-apple', executablePath='<DVTFilePath:0x6000234b3720:'/Users/citlogistics/Library/Developer/Xcode/Archives/2025-06-24/Runner 24-06-2025, 10.53.xcarchive/Products/Applications/Runner.app/Frameworks/geolocator_apple.framework/geolocator_apple'>', hardenedRuntime='0'>'>: {
}
2025-06-24 07:56:32 +0000  Associated App Clip Identifiers Filter: Skipping because "com.apple.developer.associated-appclip-app-identifiers" is not present
2025-06-24 07:56:32 +0000  Entitlements for <IDEDistributionItem: 0x60003f637a20; bundleID='org.cocoapods.geolocator-apple', path='<DVTFilePath:0x6000234b3790:'/Users/citlogistics/Library/Developer/Xcode/Archives/2025-06-24/Runner 24-06-2025, 10.53.xcarchive/Products/Applications/Runner.app/Frameworks/geolocator_apple.framework'>', codeSigningInfo='<_DVTCodeSigningInformation_Path: 0x600037a07660; isSigned='1', isAdHocSigned='0', signingCertificate='<DVTSigningCertificate: 0x6000126879c0; name='Apple Development: Benjamin Okwama (S87UA72Y9G)', hash='82F080B7ED3A11ADB516430728D944EDADEB699F', serialNumber='61BE2F0379D9C02F88BB2F0A226B93C8', certificateKinds='(
    "1.2.840.113635.100.6.1.12",
    "1.2.840.113635.100.6.1.2"
), issueDate='2025-05-15 07:27:09 +0000''>', entitlements='(null)', teamID='LV3WK67YPG', identifier='org.cocoapods.geolocator-apple', executablePath='<DVTFilePath:0x6000234b3720:'/Users/citlogistics/Library/Developer/Xcode/Archives/2025-06-24/Runner 24-06-2025, 10.53.xcarchive/Products/Applications/Runner.app/Frameworks/geolocator_apple.framework/geolocator_apple'>', hardenedRuntime='0'>'> are: {
}
2025-06-24 07:56:32 +0000  Writing entitlements for <IDEDistributionItem: 0x60003f637a20; bundleID='org.cocoapods.geolocator-apple', path='<DVTFilePath:0x6000234b3790:'/Users/citlogistics/Library/Developer/Xcode/Archives/2025-06-24/Runner 24-06-2025, 10.53.xcarchive/Products/Applications/Runner.app/Frameworks/geolocator_apple.framework'>', codeSigningInfo='<_DVTCodeSigningInformation_Path: 0x600037a07660; isSigned='1', isAdHocSigned='0', signingCertificate='<DVTSigningCertificate: 0x60001691eb80; name='Apple Development: Benjamin Okwama (S87UA72Y9G)', hash='82F080B7ED3A11ADB516430728D944EDADEB699F', serialNumber='61BE2F0379D9C02F88BB2F0A226B93C8', certificateKinds='(
    "1.2.840.113635.100.6.1.12",
    "1.2.840.113635.100.6.1.2"
), issueDate='2025-05-15 07:27:09 +0000''>', entitlements='(null)', teamID='LV3WK67YPG', identifier='org.cocoapods.geolocator-apple', executablePath='<DVTFilePath:0x6000234b3720:'/Users/citlogistics/Library/Developer/Xcode/Archives/2025-06-24/Runner 24-06-2025, 10.53.xcarchive/Products/Applications/Runner.app/Frameworks/geolocator_apple.framework/geolocator_apple'>', hardenedRuntime='0'>'> to: /var/folders/fs/jyprtvb12cv490g4bbpmssyh0000gn/T/XcodeDistPipeline.~~~Eh3jHy/entitlements~~~TOSIVn
2025-06-24 07:56:32 +0000  invoking codesign: <NSConcreteTask: 0x60003bfb75c0; launchPath='/usr/bin/codesign', arguments='(
    "-f",
    "-s",
    82F080B7ED3A11ADB516430728D944EDADEB699F,
    "--entitlements",
    "/var/folders/fs/jyprtvb12cv490g4bbpmssyh0000gn/T/XcodeDistPipeline.~~~Eh3jHy/entitlements~~~TOSIVn",
    "--preserve-metadata=identifier,flags,runtime",
    "--generate-entitlement-der",
    "--strip-disallowed-xattrs",
    "-vvv",
    "/var/folders/fs/jyprtvb12cv490g4bbpmssyh0000gn/T/XcodeDistPipeline.~~~Eh3jHy/Root/Payload/Runner.app/Frameworks/geolocator_apple.framework"
)'>
2025-06-24 07:56:32 +0000  codesign output: /var/folders/fs/jyprtvb12cv490g4bbpmssyh0000gn/T/XcodeDistPipeline.~~~Eh3jHy/Root/Payload/Runner.app/Frameworks/geolocator_apple.framework: replacing existing signature
/var/folders/fs/jyprtvb12cv490g4bbpmssyh0000gn/T/XcodeDistPipeline.~~~Eh3jHy/Root/Payload/Runner.app/Frameworks/geolocator_apple.framework: signed bundle with Mach-O thin (arm64) [org.cocoapods.geolocator-apple]
2025-06-24 07:56:32 +0000  Entitlements for <IDEDistributionItem: 0x60003f637480; bundleID='org.cocoapods.image-picker-ios', path='<DVTFilePath:0x6000234b1340:'/Users/citlogistics/Library/Developer/Xcode/Archives/2025-06-24/Runner 24-06-2025, 10.53.xcarchive/Products/Applications/Runner.app/Frameworks/image_picker_ios.framework'>', codeSigningInfo='<_DVTCodeSigningInformation_Path: 0x600037a06170; isSigned='1', isAdHocSigned='0', signingCertificate='<DVTSigningCertificate: 0x600012687780; name='Apple Development: Benjamin Okwama (S87UA72Y9G)', hash='82F080B7ED3A11ADB516430728D944EDADEB699F', serialNumber='61BE2F0379D9C02F88BB2F0A226B93C8', certificateKinds='(
    "1.2.840.113635.100.6.1.12",
    "1.2.840.113635.100.6.1.2"
), issueDate='2025-05-15 07:27:09 +0000''>', entitlements='(null)', teamID='LV3WK67YPG', identifier='org.cocoapods.image-picker-ios', executablePath='<DVTFilePath:0x600023496450:'/Users/citlogistics/Library/Developer/Xcode/Archives/2025-06-24/Runner 24-06-2025, 10.53.xcarchive/Products/Applications/Runner.app/Frameworks/image_picker_ios.framework/image_picker_ios'>', hardenedRuntime='0'>'>: {
}
2025-06-24 07:56:32 +0000  Associated App Clip Identifiers Filter: Skipping because "com.apple.developer.associated-appclip-app-identifiers" is not present
2025-06-24 07:56:32 +0000  Entitlements for <IDEDistributionItem: 0x60003f637480; bundleID='org.cocoapods.image-picker-ios', path='<DVTFilePath:0x6000234b1340:'/Users/citlogistics/Library/Developer/Xcode/Archives/2025-06-24/Runner 24-06-2025, 10.53.xcarchive/Products/Applications/Runner.app/Frameworks/image_picker_ios.framework'>', codeSigningInfo='<_DVTCodeSigningInformation_Path: 0x600037a06170; isSigned='1', isAdHocSigned='0', signingCertificate='<DVTSigningCertificate: 0x6000126879c0; name='Apple Development: Benjamin Okwama (S87UA72Y9G)', hash='82F080B7ED3A11ADB516430728D944EDADEB699F', serialNumber='61BE2F0379D9C02F88BB2F0A226B93C8', certificateKinds='(
    "1.2.840.113635.100.6.1.12",
    "1.2.840.113635.100.6.1.2"
), issueDate='2025-05-15 07:27:09 +0000''>', entitlements='(null)', teamID='LV3WK67YPG', identifier='org.cocoapods.image-picker-ios', executablePath='<DVTFilePath:0x600023496450:'/Users/citlogistics/Library/Developer/Xcode/Archives/2025-06-24/Runner 24-06-2025, 10.53.xcarchive/Products/Applications/Runner.app/Frameworks/image_picker_ios.framework/image_picker_ios'>', hardenedRuntime='0'>'> are: {
}
2025-06-24 07:56:32 +0000  Writing entitlements for <IDEDistributionItem: 0x60003f637480; bundleID='org.cocoapods.image-picker-ios', path='<DVTFilePath:0x6000234b1340:'/Users/citlogistics/Library/Developer/Xcode/Archives/2025-06-24/Runner 24-06-2025, 10.53.xcarchive/Products/Applications/Runner.app/Frameworks/image_picker_ios.framework'>', codeSigningInfo='<_DVTCodeSigningInformation_Path: 0x600037a06170; isSigned='1', isAdHocSigned='0', signingCertificate='<DVTSigningCertificate: 0x60001691ef40; name='Apple Development: Benjamin Okwama (S87UA72Y9G)', hash='82F080B7ED3A11ADB516430728D944EDADEB699F', serialNumber='61BE2F0379D9C02F88BB2F0A226B93C8', certificateKinds='(
    "1.2.840.113635.100.6.1.12",
    "1.2.840.113635.100.6.1.2"
), issueDate='2025-05-15 07:27:09 +0000''>', entitlements='(null)', teamID='LV3WK67YPG', identifier='org.cocoapods.image-picker-ios', executablePath='<DVTFilePath:0x600023496450:'/Users/citlogistics/Library/Developer/Xcode/Archives/2025-06-24/Runner 24-06-2025, 10.53.xcarchive/Products/Applications/Runner.app/Frameworks/image_picker_ios.framework/image_picker_ios'>', hardenedRuntime='0'>'> to: /var/folders/fs/jyprtvb12cv490g4bbpmssyh0000gn/T/XcodeDistPipeline.~~~Eh3jHy/entitlements~~~z6fxs9
2025-06-24 07:56:32 +0000  invoking codesign: <NSConcreteTask: 0x60003bfb7b10; launchPath='/usr/bin/codesign', arguments='(
    "-f",
    "-s",
    82F080B7ED3A11ADB516430728D944EDADEB699F,
    "--entitlements",
    "/var/folders/fs/jyprtvb12cv490g4bbpmssyh0000gn/T/XcodeDistPipeline.~~~Eh3jHy/entitlements~~~z6fxs9",
    "--preserve-metadata=identifier,flags,runtime",
    "--generate-entitlement-der",
    "--strip-disallowed-xattrs",
    "-vvv",
    "/var/folders/fs/jyprtvb12cv490g4bbpmssyh0000gn/T/XcodeDistPipeline.~~~Eh3jHy/Root/Payload/Runner.app/Frameworks/image_picker_ios.framework"
)'>
2025-06-24 07:56:32 +0000  codesign output: /var/folders/fs/jyprtvb12cv490g4bbpmssyh0000gn/T/XcodeDistPipeline.~~~Eh3jHy/Root/Payload/Runner.app/Frameworks/image_picker_ios.framework: replacing existing signature
/var/folders/fs/jyprtvb12cv490g4bbpmssyh0000gn/T/XcodeDistPipeline.~~~Eh3jHy/Root/Payload/Runner.app/Frameworks/image_picker_ios.framework: signed bundle with Mach-O thin (arm64) [org.cocoapods.image-picker-ios]
2025-06-24 07:56:32 +0000  Entitlements for <IDEDistributionItem: 0x60003f635ec0; bundleID='com.apple.dt.runtime.swiftAVFoundation', path='<DVTFilePath:0x6000234966f0:'/Users/citlogistics/Library/Developer/Xcode/Archives/2025-06-24/Runner 24-06-2025, 10.53.xcarchive/Products/Applications/Runner.app/Frameworks/libswiftAVFoundation.dylib'>', codeSigningInfo='<_DVTCodeSigningInformation_Path: 0x600037a53570; isSigned='1', isAdHocSigned='0', signingCertificate='<DVTSigningCertificate: 0x600012687780; name='Apple Development: Benjamin Okwama (S87UA72Y9G)', hash='82F080B7ED3A11ADB516430728D944EDADEB699F', serialNumber='61BE2F0379D9C02F88BB2F0A226B93C8', certificateKinds='(
    "1.2.840.113635.100.6.1.12",
    "1.2.840.113635.100.6.1.2"
), issueDate='2025-05-15 07:27:09 +0000''>', entitlements='(null)', teamID='LV3WK67YPG', identifier='com.apple.dt.runtime.swiftAVFoundation', executablePath='<DVTFilePath:0x6000234966f0:'/Users/citlogistics/Library/Developer/Xcode/Archives/2025-06-24/Runner 24-06-2025, 10.53.xcarchive/Products/Applications/Runner.app/Frameworks/libswiftAVFoundation.dylib'>', hardenedRuntime='0'>'>: {
}
2025-06-24 07:56:32 +0000  Associated App Clip Identifiers Filter: Skipping because "com.apple.developer.associated-appclip-app-identifiers" is not present
2025-06-24 07:56:32 +0000  Entitlements for <IDEDistributionItem: 0x60003f635ec0; bundleID='com.apple.dt.runtime.swiftAVFoundation', path='<DVTFilePath:0x6000234966f0:'/Users/citlogistics/Library/Developer/Xcode/Archives/2025-06-24/Runner 24-06-2025, 10.53.xcarchive/Products/Applications/Runner.app/Frameworks/libswiftAVFoundation.dylib'>', codeSigningInfo='<_DVTCodeSigningInformation_Path: 0x600037a53570; isSigned='1', isAdHocSigned='0', signingCertificate='<DVTSigningCertificate: 0x6000126879c0; name='Apple Development: Benjamin Okwama (S87UA72Y9G)', hash='82F080B7ED3A11ADB516430728D944EDADEB699F', serialNumber='61BE2F0379D9C02F88BB2F0A226B93C8', certificateKinds='(
    "1.2.840.113635.100.6.1.12",
    "1.2.840.113635.100.6.1.2"
), issueDate='2025-05-15 07:27:09 +0000''>', entitlements='(null)', teamID='LV3WK67YPG', identifier='com.apple.dt.runtime.swiftAVFoundation', executablePath='<DVTFilePath:0x6000234966f0:'/Users/citlogistics/Library/Developer/Xcode/Archives/2025-06-24/Runner 24-06-2025, 10.53.xcarchive/Products/Applications/Runner.app/Frameworks/libswiftAVFoundation.dylib'>', hardenedRuntime='0'>'> are: {
}
2025-06-24 07:56:32 +0000  Writing entitlements for <IDEDistributionItem: 0x60003f635ec0; bundleID='com.apple.dt.runtime.swiftAVFoundation', path='<DVTFilePath:0x6000234966f0:'/Users/citlogistics/Library/Developer/Xcode/Archives/2025-06-24/Runner 24-06-2025, 10.53.xcarchive/Products/Applications/Runner.app/Frameworks/libswiftAVFoundation.dylib'>', codeSigningInfo='<_DVTCodeSigningInformation_Path: 0x600037a53570; isSigned='1', isAdHocSigned='0', signingCertificate='<DVTSigningCertificate: 0x60001691ef40; name='Apple Development: Benjamin Okwama (S87UA72Y9G)', hash='82F080B7ED3A11ADB516430728D944EDADEB699F', serialNumber='61BE2F0379D9C02F88BB2F0A226B93C8', certificateKinds='(
    "1.2.840.113635.100.6.1.12",
    "1.2.840.113635.100.6.1.2"
), issueDate='2025-05-15 07:27:09 +0000''>', entitlements='(null)', teamID='LV3WK67YPG', identifier='com.apple.dt.runtime.swiftAVFoundation', executablePath='<DVTFilePath:0x6000234966f0:'/Users/citlogistics/Library/Developer/Xcode/Archives/2025-06-24/Runner 24-06-2025, 10.53.xcarchive/Products/Applications/Runner.app/Frameworks/libswiftAVFoundation.dylib'>', hardenedRuntime='0'>'> to: /var/folders/fs/jyprtvb12cv490g4bbpmssyh0000gn/T/XcodeDistPipeline.~~~Eh3jHy/entitlements~~~q7XT0t
2025-06-24 07:56:32 +0000  invoking codesign: <NSConcreteTask: 0x600037b7b520; launchPath='/usr/bin/codesign', arguments='(
    "-f",
    "-s",
    82F080B7ED3A11ADB516430728D944EDADEB699F,
    "--entitlements",
    "/var/folders/fs/jyprtvb12cv490g4bbpmssyh0000gn/T/XcodeDistPipeline.~~~Eh3jHy/entitlements~~~q7XT0t",
    "--preserve-metadata=identifier,flags,runtime",
    "--generate-entitlement-der",
    "--strip-disallowed-xattrs",
    "-vvv",
    "/var/folders/fs/jyprtvb12cv490g4bbpmssyh0000gn/T/XcodeDistPipeline.~~~Eh3jHy/Root/Payload/Runner.app/Frameworks/libswiftAVFoundation.dylib"
)'>
2025-06-24 07:56:32 +0000  codesign output: /var/folders/fs/jyprtvb12cv490g4bbpmssyh0000gn/T/XcodeDistPipeline.~~~Eh3jHy/Root/Payload/Runner.app/Frameworks/libswiftAVFoundation.dylib: replacing existing signature
/var/folders/fs/jyprtvb12cv490g4bbpmssyh0000gn/T/XcodeDistPipeline.~~~Eh3jHy/Root/Payload/Runner.app/Frameworks/libswiftAVFoundation.dylib: signed Mach-O thin (arm64) [com.apple.dt.runtime.swiftAVFoundation]
2025-06-24 07:56:32 +0000  Entitlements for <IDEDistributionItem: 0x60003f6cf8a0; bundleID='com.apple.dt.runtime.swiftCore', path='<DVTFilePath:0x600023496bc0:'/Users/citlogistics/Library/Developer/Xcode/Archives/2025-06-24/Runner 24-06-2025, 10.53.xcarchive/Products/Applications/Runner.app/Frameworks/libswiftCore.dylib'>', codeSigningInfo='<_DVTCodeSigningInformation_Path: 0x600037a06580; isSigned='1', isAdHocSigned='0', signingCertificate='<DVTSigningCertificate: 0x60001696c180; name='Apple Development: Benjamin Okwama (S87UA72Y9G)', hash='82F080B7ED3A11ADB516430728D944EDADEB699F', serialNumber='61BE2F0379D9C02F88BB2F0A226B93C8', certificateKinds='(
    "1.2.840.113635.100.6.1.12",
    "1.2.840.113635.100.6.1.2"
), issueDate='2025-05-15 07:27:09 +0000''>', entitlements='(null)', teamID='LV3WK67YPG', identifier='com.apple.dt.runtime.swiftCore', executablePath='<DVTFilePath:0x600023496bc0:'/Users/citlogistics/Library/Developer/Xcode/Archives/2025-06-24/Runner 24-06-2025, 10.53.xcarchive/Products/Applications/Runner.app/Frameworks/libswiftCore.dylib'>', hardenedRuntime='0'>'>: {
}
2025-06-24 07:56:32 +0000  Associated App Clip Identifiers Filter: Skipping because "com.apple.developer.associated-appclip-app-identifiers" is not present
2025-06-24 07:56:32 +0000  Entitlements for <IDEDistributionItem: 0x60003f6cf8a0; bundleID='com.apple.dt.runtime.swiftCore', path='<DVTFilePath:0x600023496bc0:'/Users/citlogistics/Library/Developer/Xcode/Archives/2025-06-24/Runner 24-06-2025, 10.53.xcarchive/Products/Applications/Runner.app/Frameworks/libswiftCore.dylib'>', codeSigningInfo='<_DVTCodeSigningInformation_Path: 0x600037a06580; isSigned='1', isAdHocSigned='0', signingCertificate='<DVTSigningCertificate: 0x600012687780; name='Apple Development: Benjamin Okwama (S87UA72Y9G)', hash='82F080B7ED3A11ADB516430728D944EDADEB699F', serialNumber='61BE2F0379D9C02F88BB2F0A226B93C8', certificateKinds='(
    "1.2.840.113635.100.6.1.12",
    "1.2.840.113635.100.6.1.2"
), issueDate='2025-05-15 07:27:09 +0000''>', entitlements='(null)', teamID='LV3WK67YPG', identifier='com.apple.dt.runtime.swiftCore', executablePath='<DVTFilePath:0x600023496bc0:'/Users/citlogistics/Library/Developer/Xcode/Archives/2025-06-24/Runner 24-06-2025, 10.53.xcarchive/Products/Applications/Runner.app/Frameworks/libswiftCore.dylib'>', hardenedRuntime='0'>'> are: {
}
2025-06-24 07:56:32 +0000  Writing entitlements for <IDEDistributionItem: 0x60003f6cf8a0; bundleID='com.apple.dt.runtime.swiftCore', path='<DVTFilePath:0x600023496bc0:'/Users/citlogistics/Library/Developer/Xcode/Archives/2025-06-24/Runner 24-06-2025, 10.53.xcarchive/Products/Applications/Runner.app/Frameworks/libswiftCore.dylib'>', codeSigningInfo='<_DVTCodeSigningInformation_Path: 0x600037a06580; isSigned='1', isAdHocSigned='0', signingCertificate='<DVTSigningCertificate: 0x60001696cb40; name='Apple Development: Benjamin Okwama (S87UA72Y9G)', hash='82F080B7ED3A11ADB516430728D944EDADEB699F', serialNumber='61BE2F0379D9C02F88BB2F0A226B93C8', certificateKinds='(
    "1.2.840.113635.100.6.1.12",
    "1.2.840.113635.100.6.1.2"
), issueDate='2025-05-15 07:27:09 +0000''>', entitlements='(null)', teamID='LV3WK67YPG', identifier='com.apple.dt.runtime.swiftCore', executablePath='<DVTFilePath:0x600023496bc0:'/Users/citlogistics/Library/Developer/Xcode/Archives/2025-06-24/Runner 24-06-2025, 10.53.xcarchive/Products/Applications/Runner.app/Frameworks/libswiftCore.dylib'>', hardenedRuntime='0'>'> to: /var/folders/fs/jyprtvb12cv490g4bbpmssyh0000gn/T/XcodeDistPipeline.~~~Eh3jHy/entitlements~~~n5siAn
2025-06-24 07:56:32 +0000  invoking codesign: <NSConcreteTask: 0x60003bfb7430; launchPath='/usr/bin/codesign', arguments='(
    "-f",
    "-s",
    82F080B7ED3A11ADB516430728D944EDADEB699F,
    "--entitlements",
    "/var/folders/fs/jyprtvb12cv490g4bbpmssyh0000gn/T/XcodeDistPipeline.~~~Eh3jHy/entitlements~~~n5siAn",
    "--preserve-metadata=identifier,flags,runtime",
    "--generate-entitlement-der",
    "--strip-disallowed-xattrs",
    "-vvv",
    "/var/folders/fs/jyprtvb12cv490g4bbpmssyh0000gn/T/XcodeDistPipeline.~~~Eh3jHy/Root/Payload/Runner.app/Frameworks/libswiftCore.dylib"
)'>
2025-06-24 07:56:32 +0000  codesign output: /var/folders/fs/jyprtvb12cv490g4bbpmssyh0000gn/T/XcodeDistPipeline.~~~Eh3jHy/Root/Payload/Runner.app/Frameworks/libswiftCore.dylib: replacing existing signature
/var/folders/fs/jyprtvb12cv490g4bbpmssyh0000gn/T/XcodeDistPipeline.~~~Eh3jHy/Root/Payload/Runner.app/Frameworks/libswiftCore.dylib: signed Mach-O thin (arm64) [com.apple.dt.runtime.swiftCore]
2025-06-24 07:56:32 +0000  Entitlements for <IDEDistributionItem: 0x60003f634c60; bundleID='com.apple.dt.runtime.swiftCoreAudio', path='<DVTFilePath:0x600023496ae0:'/Users/citlogistics/Library/Developer/Xcode/Archives/2025-06-24/Runner 24-06-2025, 10.53.xcarchive/Products/Applications/Runner.app/Frameworks/libswiftCoreAudio.dylib'>', codeSigningInfo='<_DVTCodeSigningInformation_Path: 0x600037a531b0; isSigned='1', isAdHocSigned='0', signingCertificate='<DVTSigningCertificate: 0x600012687780; name='Apple Development: Benjamin Okwama (S87UA72Y9G)', hash='82F080B7ED3A11ADB516430728D944EDADEB699F', serialNumber='61BE2F0379D9C02F88BB2F0A226B93C8', certificateKinds='(
    "1.2.840.113635.100.6.1.12",
    "1.2.840.113635.100.6.1.2"
), issueDate='2025-05-15 07:27:09 +0000''>', entitlements='(null)', teamID='LV3WK67YPG', identifier='com.apple.dt.runtime.swiftCoreAudio', executablePath='<DVTFilePath:0x600023496ae0:'/Users/citlogistics/Library/Developer/Xcode/Archives/2025-06-24/Runner 24-06-2025, 10.53.xcarchive/Products/Applications/Runner.app/Frameworks/libswiftCoreAudio.dylib'>', hardenedRuntime='0'>'>: {
}
2025-06-24 07:56:32 +0000  Associated App Clip Identifiers Filter: Skipping because "com.apple.developer.associated-appclip-app-identifiers" is not present
2025-06-24 07:56:32 +0000  Entitlements for <IDEDistributionItem: 0x60003f634c60; bundleID='com.apple.dt.runtime.swiftCoreAudio', path='<DVTFilePath:0x600023496ae0:'/Users/citlogistics/Library/Developer/Xcode/Archives/2025-06-24/Runner 24-06-2025, 10.53.xcarchive/Products/Applications/Runner.app/Frameworks/libswiftCoreAudio.dylib'>', codeSigningInfo='<_DVTCodeSigningInformation_Path: 0x600037a531b0; isSigned='1', isAdHocSigned='0', signingCertificate='<DVTSigningCertificate: 0x60001695c6c0; name='Apple Development: Benjamin Okwama (S87UA72Y9G)', hash='82F080B7ED3A11ADB516430728D944EDADEB699F', serialNumber='61BE2F0379D9C02F88BB2F0A226B93C8', certificateKinds='(
    "1.2.840.113635.100.6.1.12",
    "1.2.840.113635.100.6.1.2"
), issueDate='2025-05-15 07:27:09 +0000''>', entitlements='(null)', teamID='LV3WK67YPG', identifier='com.apple.dt.runtime.swiftCoreAudio', executablePath='<DVTFilePath:0x600023496ae0:'/Users/citlogistics/Library/Developer/Xcode/Archives/2025-06-24/Runner 24-06-2025, 10.53.xcarchive/Products/Applications/Runner.app/Frameworks/libswiftCoreAudio.dylib'>', hardenedRuntime='0'>'> are: {
}
2025-06-24 07:56:32 +0000  Writing entitlements for <IDEDistributionItem: 0x60003f634c60; bundleID='com.apple.dt.runtime.swiftCoreAudio', path='<DVTFilePath:0x600023496ae0:'/Users/citlogistics/Library/Developer/Xcode/Archives/2025-06-24/Runner 24-06-2025, 10.53.xcarchive/Products/Applications/Runner.app/Frameworks/libswiftCoreAudio.dylib'>', codeSigningInfo='<_DVTCodeSigningInformation_Path: 0x600037a531b0; isSigned='1', isAdHocSigned='0', signingCertificate='<DVTSigningCertificate: 0x600012684540; name='Apple Development: Benjamin Okwama (S87UA72Y9G)', hash='82F080B7ED3A11ADB516430728D944EDADEB699F', serialNumber='61BE2F0379D9C02F88BB2F0A226B93C8', certificateKinds='(
    "1.2.840.113635.100.6.1.12",
    "1.2.840.113635.100.6.1.2"
), issueDate='2025-05-15 07:27:09 +0000''>', entitlements='(null)', teamID='LV3WK67YPG', identifier='com.apple.dt.runtime.swiftCoreAudio', executablePath='<DVTFilePath:0x600023496ae0:'/Users/citlogistics/Library/Developer/Xcode/Archives/2025-06-24/Runner 24-06-2025, 10.53.xcarchive/Products/Applications/Runner.app/Frameworks/libswiftCoreAudio.dylib'>', hardenedRuntime='0'>'> to: /var/folders/fs/jyprtvb12cv490g4bbpmssyh0000gn/T/XcodeDistPipeline.~~~Eh3jHy/entitlements~~~y85Gtb
2025-06-24 07:56:32 +0000  invoking codesign: <NSConcreteTask: 0x600037b783c0; launchPath='/usr/bin/codesign', arguments='(
    "-f",
    "-s",
    82F080B7ED3A11ADB516430728D944EDADEB699F,
    "--entitlements",
    "/var/folders/fs/jyprtvb12cv490g4bbpmssyh0000gn/T/XcodeDistPipeline.~~~Eh3jHy/entitlements~~~y85Gtb",
    "--preserve-metadata=identifier,flags,runtime",
    "--generate-entitlement-der",
    "--strip-disallowed-xattrs",
    "-vvv",
    "/var/folders/fs/jyprtvb12cv490g4bbpmssyh0000gn/T/XcodeDistPipeline.~~~Eh3jHy/Root/Payload/Runner.app/Frameworks/libswiftCoreAudio.dylib"
)'>
2025-06-24 07:56:32 +0000  codesign output: /var/folders/fs/jyprtvb12cv490g4bbpmssyh0000gn/T/XcodeDistPipeline.~~~Eh3jHy/Root/Payload/Runner.app/Frameworks/libswiftCoreAudio.dylib: replacing existing signature
/var/folders/fs/jyprtvb12cv490g4bbpmssyh0000gn/T/XcodeDistPipeline.~~~Eh3jHy/Root/Payload/Runner.app/Frameworks/libswiftCoreAudio.dylib: signed Mach-O thin (arm64) [com.apple.dt.runtime.swiftCoreAudio]
2025-06-24 07:56:32 +0000  Entitlements for <IDEDistributionItem: 0x60003f6371e0; bundleID='com.apple.dt.runtime.swiftCoreData', path='<DVTFilePath:0x600023496c30:'/Users/citlogistics/Library/Developer/Xcode/Archives/2025-06-24/Runner 24-06-2025, 10.53.xcarchive/Products/Applications/Runner.app/Frameworks/libswiftCoreData.dylib'>', codeSigningInfo='<_DVTCodeSigningInformation_Path: 0x600037a54820; isSigned='1', isAdHocSigned='0', signingCertificate='<DVTSigningCertificate: 0x60001691fb40; name='Apple Development: Benjamin Okwama (S87UA72Y9G)', hash='82F080B7ED3A11ADB516430728D944EDADEB699F', serialNumber='61BE2F0379D9C02F88BB2F0A226B93C8', certificateKinds='(
    "1.2.840.113635.100.6.1.12",
    "1.2.840.113635.100.6.1.2"
), issueDate='2025-05-15 07:27:09 +0000''>', entitlements='(null)', teamID='LV3WK67YPG', identifier='com.apple.dt.runtime.swiftCoreData', executablePath='<DVTFilePath:0x600023496c30:'/Users/citlogistics/Library/Developer/Xcode/Archives/2025-06-24/Runner 24-06-2025, 10.53.xcarchive/Products/Applications/Runner.app/Frameworks/libswiftCoreData.dylib'>', hardenedRuntime='0'>'>: {
}
2025-06-24 07:56:32 +0000  Associated App Clip Identifiers Filter: Skipping because "com.apple.developer.associated-appclip-app-identifiers" is not present
2025-06-24 07:56:32 +0000  Entitlements for <IDEDistributionItem: 0x60003f6371e0; bundleID='com.apple.dt.runtime.swiftCoreData', path='<DVTFilePath:0x600023496c30:'/Users/citlogistics/Library/Developer/Xcode/Archives/2025-06-24/Runner 24-06-2025, 10.53.xcarchive/Products/Applications/Runner.app/Frameworks/libswiftCoreData.dylib'>', codeSigningInfo='<_DVTCodeSigningInformation_Path: 0x600037a54820; isSigned='1', isAdHocSigned='0', signingCertificate='<DVTSigningCertificate: 0x60001691ef40; name='Apple Development: Benjamin Okwama (S87UA72Y9G)', hash='82F080B7ED3A11ADB516430728D944EDADEB699F', serialNumber='61BE2F0379D9C02F88BB2F0A226B93C8', certificateKinds='(
    "1.2.840.113635.100.6.1.12",
    "1.2.840.113635.100.6.1.2"
), issueDate='2025-05-15 07:27:09 +0000''>', entitlements='(null)', teamID='LV3WK67YPG', identifier='com.apple.dt.runtime.swiftCoreData', executablePath='<DVTFilePath:0x600023496c30:'/Users/citlogistics/Library/Developer/Xcode/Archives/2025-06-24/Runner 24-06-2025, 10.53.xcarchive/Products/Applications/Runner.app/Frameworks/libswiftCoreData.dylib'>', hardenedRuntime='0'>'> are: {
}
2025-06-24 07:56:32 +0000  Writing entitlements for <IDEDistributionItem: 0x60003f6371e0; bundleID='com.apple.dt.runtime.swiftCoreData', path='<DVTFilePath:0x600023496c30:'/Users/citlogistics/Library/Developer/Xcode/Archives/2025-06-24/Runner 24-06-2025, 10.53.xcarchive/Products/Applications/Runner.app/Frameworks/libswiftCoreData.dylib'>', codeSigningInfo='<_DVTCodeSigningInformation_Path: 0x600037a54820; isSigned='1', isAdHocSigned='0', signingCertificate='<DVTSigningCertificate: 0x600012687780; name='Apple Development: Benjamin Okwama (S87UA72Y9G)', hash='82F080B7ED3A11ADB516430728D944EDADEB699F', serialNumber='61BE2F0379D9C02F88BB2F0A226B93C8', certificateKinds='(
    "1.2.840.113635.100.6.1.12",
    "1.2.840.113635.100.6.1.2"
), issueDate='2025-05-15 07:27:09 +0000''>', entitlements='(null)', teamID='LV3WK67YPG', identifier='com.apple.dt.runtime.swiftCoreData', executablePath='<DVTFilePath:0x600023496c30:'/Users/citlogistics/Library/Developer/Xcode/Archives/2025-06-24/Runner 24-06-2025, 10.53.xcarchive/Products/Applications/Runner.app/Frameworks/libswiftCoreData.dylib'>', hardenedRuntime='0'>'> to: /var/folders/fs/jyprtvb12cv490g4bbpmssyh0000gn/T/XcodeDistPipeline.~~~Eh3jHy/entitlements~~~DhfFFm
2025-06-24 07:56:32 +0000  invoking codesign: <NSConcreteTask: 0x60003bfa2f80; launchPath='/usr/bin/codesign', arguments='(
    "-f",
    "-s",
    82F080B7ED3A11ADB516430728D944EDADEB699F,
    "--entitlements",
    "/var/folders/fs/jyprtvb12cv490g4bbpmssyh0000gn/T/XcodeDistPipeline.~~~Eh3jHy/entitlements~~~DhfFFm",
    "--preserve-metadata=identifier,flags,runtime",
    "--generate-entitlement-der",
    "--strip-disallowed-xattrs",
    "-vvv",
    "/var/folders/fs/jyprtvb12cv490g4bbpmssyh0000gn/T/XcodeDistPipeline.~~~Eh3jHy/Root/Payload/Runner.app/Frameworks/libswiftCoreData.dylib"
)'>
2025-06-24 07:56:33 +0000  codesign output: /var/folders/fs/jyprtvb12cv490g4bbpmssyh0000gn/T/XcodeDistPipeline.~~~Eh3jHy/Root/Payload/Runner.app/Frameworks/libswiftCoreData.dylib: replacing existing signature
/var/folders/fs/jyprtvb12cv490g4bbpmssyh0000gn/T/XcodeDistPipeline.~~~Eh3jHy/Root/Payload/Runner.app/Frameworks/libswiftCoreData.dylib: signed Mach-O thin (arm64) [com.apple.dt.runtime.swiftCoreData]
2025-06-24 07:56:33 +0000  Entitlements for <IDEDistributionItem: 0x60003f623180; bundleID='com.apple.dt.runtime.swiftCoreFoundation', path='<DVTFilePath:0x600023496d10:'/Users/citlogistics/Library/Developer/Xcode/Archives/2025-06-24/Runner 24-06-2025, 10.53.xcarchive/Products/Applications/Runner.app/Frameworks/libswiftCoreFoundation.dylib'>', codeSigningInfo='<_DVTCodeSigningInformation_Path: 0x600037a055e0; isSigned='1', isAdHocSigned='0', signingCertificate='<DVTSigningCertificate: 0x600012687780; name='Apple Development: Benjamin Okwama (S87UA72Y9G)', hash='82F080B7ED3A11ADB516430728D944EDADEB699F', serialNumber='61BE2F0379D9C02F88BB2F0A226B93C8', certificateKinds='(
    "1.2.840.113635.100.6.1.12",
    "1.2.840.113635.100.6.1.2"
), issueDate='2025-05-15 07:27:09 +0000''>', entitlements='(null)', teamID='LV3WK67YPG', identifier='com.apple.dt.runtime.swiftCoreFoundation', executablePath='<DVTFilePath:0x600023496d10:'/Users/citlogistics/Library/Developer/Xcode/Archives/2025-06-24/Runner 24-06-2025, 10.53.xcarchive/Products/Applications/Runner.app/Frameworks/libswiftCoreFoundation.dylib'>', hardenedRuntime='0'>'>: {
}
2025-06-24 07:56:33 +0000  Associated App Clip Identifiers Filter: Skipping because "com.apple.developer.associated-appclip-app-identifiers" is not present
2025-06-24 07:56:33 +0000  Entitlements for <IDEDistributionItem: 0x60003f623180; bundleID='com.apple.dt.runtime.swiftCoreFoundation', path='<DVTFilePath:0x600023496d10:'/Users/citlogistics/Library/Developer/Xcode/Archives/2025-06-24/Runner 24-06-2025, 10.53.xcarchive/Products/Applications/Runner.app/Frameworks/libswiftCoreFoundation.dylib'>', codeSigningInfo='<_DVTCodeSigningInformation_Path: 0x600037a055e0; isSigned='1', isAdHocSigned='0', signingCertificate='<DVTSigningCertificate: 0x600012684540; name='Apple Development: Benjamin Okwama (S87UA72Y9G)', hash='82F080B7ED3A11ADB516430728D944EDADEB699F', serialNumber='61BE2F0379D9C02F88BB2F0A226B93C8', certificateKinds='(
    "1.2.840.113635.100.6.1.12",
    "1.2.840.113635.100.6.1.2"
), issueDate='2025-05-15 07:27:09 +0000''>', entitlements='(null)', teamID='LV3WK67YPG', identifier='com.apple.dt.runtime.swiftCoreFoundation', executablePath='<DVTFilePath:0x600023496d10:'/Users/citlogistics/Library/Developer/Xcode/Archives/2025-06-24/Runner 24-06-2025, 10.53.xcarchive/Products/Applications/Runner.app/Frameworks/libswiftCoreFoundation.dylib'>', hardenedRuntime='0'>'> are: {
}
2025-06-24 07:56:33 +0000  Writing entitlements for <IDEDistributionItem: 0x60003f623180; bundleID='com.apple.dt.runtime.swiftCoreFoundation', path='<DVTFilePath:0x600023496d10:'/Users/citlogistics/Library/Developer/Xcode/Archives/2025-06-24/Runner 24-06-2025, 10.53.xcarchive/Products/Applications/Runner.app/Frameworks/libswiftCoreFoundation.dylib'>', codeSigningInfo='<_DVTCodeSigningInformation_Path: 0x600037a055e0; isSigned='1', isAdHocSigned='0', signingCertificate='<DVTSigningCertificate: 0x60001691fb40; name='Apple Development: Benjamin Okwama (S87UA72Y9G)', hash='82F080B7ED3A11ADB516430728D944EDADEB699F', serialNumber='61BE2F0379D9C02F88BB2F0A226B93C8', certificateKinds='(
    "1.2.840.113635.100.6.1.12",
    "1.2.840.113635.100.6.1.2"
), issueDate='2025-05-15 07:27:09 +0000''>', entitlements='(null)', teamID='LV3WK67YPG', identifier='com.apple.dt.runtime.swiftCoreFoundation', executablePath='<DVTFilePath:0x600023496d10:'/Users/citlogistics/Library/Developer/Xcode/Archives/2025-06-24/Runner 24-06-2025, 10.53.xcarchive/Products/Applications/Runner.app/Frameworks/libswiftCoreFoundation.dylib'>', hardenedRuntime='0'>'> to: /var/folders/fs/jyprtvb12cv490g4bbpmssyh0000gn/T/XcodeDistPipeline.~~~Eh3jHy/entitlements~~~fKyfsZ
2025-06-24 07:56:33 +0000  invoking codesign: <NSConcreteTask: 0x600037b493b0; launchPath='/usr/bin/codesign', arguments='(
    "-f",
    "-s",
    82F080B7ED3A11ADB516430728D944EDADEB699F,
    "--entitlements",
    "/var/folders/fs/jyprtvb12cv490g4bbpmssyh0000gn/T/XcodeDistPipeline.~~~Eh3jHy/entitlements~~~fKyfsZ",
    "--preserve-metadata=identifier,flags,runtime",
    "--generate-entitlement-der",
    "--strip-disallowed-xattrs",
    "-vvv",
    "/var/folders/fs/jyprtvb12cv490g4bbpmssyh0000gn/T/XcodeDistPipeline.~~~Eh3jHy/Root/Payload/Runner.app/Frameworks/libswiftCoreFoundation.dylib"
)'>
2025-06-24 07:56:33 +0000  codesign output: /var/folders/fs/jyprtvb12cv490g4bbpmssyh0000gn/T/XcodeDistPipeline.~~~Eh3jHy/Root/Payload/Runner.app/Frameworks/libswiftCoreFoundation.dylib: replacing existing signature
/var/folders/fs/jyprtvb12cv490g4bbpmssyh0000gn/T/XcodeDistPipeline.~~~Eh3jHy/Root/Payload/Runner.app/Frameworks/libswiftCoreFoundation.dylib: signed Mach-O thin (arm64) [com.apple.dt.runtime.swiftCoreFoundation]
2025-06-24 07:56:33 +0000  Entitlements for <IDEDistributionItem: 0x60003f6379c0; bundleID='com.apple.dt.runtime.swiftCoreGraphics', path='<DVTFilePath:0x600023496df0:'/Users/citlogistics/Library/Developer/Xcode/Archives/2025-06-24/Runner 24-06-2025, 10.53.xcarchive/Products/Applications/Runner.app/Frameworks/libswiftCoreGraphics.dylib'>', codeSigningInfo='<_DVTCodeSigningInformation_Path: 0x600037a54b40; isSigned='1', isAdHocSigned='0', signingCertificate='<DVTSigningCertificate: 0x600012687780; name='Apple Development: Benjamin Okwama (S87UA72Y9G)', hash='82F080B7ED3A11ADB516430728D944EDADEB699F', serialNumber='61BE2F0379D9C02F88BB2F0A226B93C8', certificateKinds='(
    "1.2.840.113635.100.6.1.12",
    "1.2.840.113635.100.6.1.2"
), issueDate='2025-05-15 07:27:09 +0000''>', entitlements='(null)', teamID='LV3WK67YPG', identifier='com.apple.dt.runtime.swiftCoreGraphics', executablePath='<DVTFilePath:0x600023496df0:'/Users/citlogistics/Library/Developer/Xcode/Archives/2025-06-24/Runner 24-06-2025, 10.53.xcarchive/Products/Applications/Runner.app/Frameworks/libswiftCoreGraphics.dylib'>', hardenedRuntime='0'>'>: {
}
2025-06-24 07:56:33 +0000  Associated App Clip Identifiers Filter: Skipping because "com.apple.developer.associated-appclip-app-identifiers" is not present
2025-06-24 07:56:33 +0000  Entitlements for <IDEDistributionItem: 0x60003f6379c0; bundleID='com.apple.dt.runtime.swiftCoreGraphics', path='<DVTFilePath:0x600023496df0:'/Users/citlogistics/Library/Developer/Xcode/Archives/2025-06-24/Runner 24-06-2025, 10.53.xcarchive/Products/Applications/Runner.app/Frameworks/libswiftCoreGraphics.dylib'>', codeSigningInfo='<_DVTCodeSigningInformation_Path: 0x600037a54b40; isSigned='1', isAdHocSigned='0', signingCertificate='<DVTSigningCertificate: 0x600012684540; name='Apple Development: Benjamin Okwama (S87UA72Y9G)', hash='82F080B7ED3A11ADB516430728D944EDADEB699F', serialNumber='61BE2F0379D9C02F88BB2F0A226B93C8', certificateKinds='(
    "1.2.840.113635.100.6.1.12",
    "1.2.840.113635.100.6.1.2"
), issueDate='2025-05-15 07:27:09 +0000''>', entitlements='(null)', teamID='LV3WK67YPG', identifier='com.apple.dt.runtime.swiftCoreGraphics', executablePath='<DVTFilePath:0x600023496df0:'/Users/citlogistics/Library/Developer/Xcode/Archives/2025-06-24/Runner 24-06-2025, 10.53.xcarchive/Products/Applications/Runner.app/Frameworks/libswiftCoreGraphics.dylib'>', hardenedRuntime='0'>'> are: {
}
2025-06-24 07:56:33 +0000  Writing entitlements for <IDEDistributionItem: 0x60003f6379c0; bundleID='com.apple.dt.runtime.swiftCoreGraphics', path='<DVTFilePath:0x600023496df0:'/Users/citlogistics/Library/Developer/Xcode/Archives/2025-06-24/Runner 24-06-2025, 10.53.xcarchive/Products/Applications/Runner.app/Frameworks/libswiftCoreGraphics.dylib'>', codeSigningInfo='<_DVTCodeSigningInformation_Path: 0x600037a54b40; isSigned='1', isAdHocSigned='0', signingCertificate='<DVTSigningCertificate: 0x60001691eac0; name='Apple Development: Benjamin Okwama (S87UA72Y9G)', hash='82F080B7ED3A11ADB516430728D944EDADEB699F', serialNumber='61BE2F0379D9C02F88BB2F0A226B93C8', certificateKinds='(
    "1.2.840.113635.100.6.1.12",
    "1.2.840.113635.100.6.1.2"
), issueDate='2025-05-15 07:27:09 +0000''>', entitlements='(null)', teamID='LV3WK67YPG', identifier='com.apple.dt.runtime.swiftCoreGraphics', executablePath='<DVTFilePath:0x600023496df0:'/Users/citlogistics/Library/Developer/Xcode/Archives/2025-06-24/Runner 24-06-2025, 10.53.xcarchive/Products/Applications/Runner.app/Frameworks/libswiftCoreGraphics.dylib'>', hardenedRuntime='0'>'> to: /var/folders/fs/jyprtvb12cv490g4bbpmssyh0000gn/T/XcodeDistPipeline.~~~Eh3jHy/entitlements~~~M5ZsX1
2025-06-24 07:56:33 +0000  invoking codesign: <NSConcreteTask: 0x60003bfb7610; launchPath='/usr/bin/codesign', arguments='(
    "-f",
    "-s",
    82F080B7ED3A11ADB516430728D944EDADEB699F,
    "--entitlements",
    "/var/folders/fs/jyprtvb12cv490g4bbpmssyh0000gn/T/XcodeDistPipeline.~~~Eh3jHy/entitlements~~~M5ZsX1",
    "--preserve-metadata=identifier,flags,runtime",
    "--generate-entitlement-der",
    "--strip-disallowed-xattrs",
    "-vvv",
    "/var/folders/fs/jyprtvb12cv490g4bbpmssyh0000gn/T/XcodeDistPipeline.~~~Eh3jHy/Root/Payload/Runner.app/Frameworks/libswiftCoreGraphics.dylib"
)'>
2025-06-24 07:56:33 +0000  codesign output: /var/folders/fs/jyprtvb12cv490g4bbpmssyh0000gn/T/XcodeDistPipeline.~~~Eh3jHy/Root/Payload/Runner.app/Frameworks/libswiftCoreGraphics.dylib: replacing existing signature
/var/folders/fs/jyprtvb12cv490g4bbpmssyh0000gn/T/XcodeDistPipeline.~~~Eh3jHy/Root/Payload/Runner.app/Frameworks/libswiftCoreGraphics.dylib: signed Mach-O thin (arm64) [com.apple.dt.runtime.swiftCoreGraphics]
2025-06-24 07:56:33 +0000  Entitlements for <IDEDistributionItem: 0x60003f620360; bundleID='com.apple.dt.runtime.swiftCoreImage', path='<DVTFilePath:0x600023496ed0:'/Users/citlogistics/Library/Developer/Xcode/Archives/2025-06-24/Runner 24-06-2025, 10.53.xcarchive/Products/Applications/Runner.app/Frameworks/libswiftCoreImage.dylib'>', codeSigningInfo='<_DVTCodeSigningInformation_Path: 0x600037a1e620; isSigned='1', isAdHocSigned='0', signingCertificate='<DVTSigningCertificate: 0x60001695cb40; name='Apple Development: Benjamin Okwama (S87UA72Y9G)', hash='82F080B7ED3A11ADB516430728D944EDADEB699F', serialNumber='61BE2F0379D9C02F88BB2F0A226B93C8', certificateKinds='(
    "1.2.840.113635.100.6.1.12",
    "1.2.840.113635.100.6.1.2"
), issueDate='2025-05-15 07:27:09 +0000''>', entitlements='(null)', teamID='LV3WK67YPG', identifier='com.apple.dt.runtime.swiftCoreImage', executablePath='<DVTFilePath:0x600023496ed0:'/Users/citlogistics/Library/Developer/Xcode/Archives/2025-06-24/Runner 24-06-2025, 10.53.xcarchive/Products/Applications/Runner.app/Frameworks/libswiftCoreImage.dylib'>', hardenedRuntime='0'>'>: {
}
2025-06-24 07:56:33 +0000  Associated App Clip Identifiers Filter: Skipping because "com.apple.developer.associated-appclip-app-identifiers" is not present
2025-06-24 07:56:33 +0000  Entitlements for <IDEDistributionItem: 0x60003f620360; bundleID='com.apple.dt.runtime.swiftCoreImage', path='<DVTFilePath:0x600023496ed0:'/Users/citlogistics/Library/Developer/Xcode/Archives/2025-06-24/Runner 24-06-2025, 10.53.xcarchive/Products/Applications/Runner.app/Frameworks/libswiftCoreImage.dylib'>', codeSigningInfo='<_DVTCodeSigningInformation_Path: 0x600037a1e620; isSigned='1', isAdHocSigned='0', signingCertificate='<DVTSigningCertificate: 0x60001695c6c0; name='Apple Development: Benjamin Okwama (S87UA72Y9G)', hash='82F080B7ED3A11ADB516430728D944EDADEB699F', serialNumber='61BE2F0379D9C02F88BB2F0A226B93C8', certificateKinds='(
    "1.2.840.113635.100.6.1.12",
    "1.2.840.113635.100.6.1.2"
), issueDate='2025-05-15 07:27:09 +0000''>', entitlements='(null)', teamID='LV3WK67YPG', identifier='com.apple.dt.runtime.swiftCoreImage', executablePath='<DVTFilePath:0x600023496ed0:'/Users/citlogistics/Library/Developer/Xcode/Archives/2025-06-24/Runner 24-06-2025, 10.53.xcarchive/Products/Applications/Runner.app/Frameworks/libswiftCoreImage.dylib'>', hardenedRuntime='0'>'> are: {
}
2025-06-24 07:56:33 +0000  Writing entitlements for <IDEDistributionItem: 0x60003f620360; bundleID='com.apple.dt.runtime.swiftCoreImage', path='<DVTFilePath:0x600023496ed0:'/Users/citlogistics/Library/Developer/Xcode/Archives/2025-06-24/Runner 24-06-2025, 10.53.xcarchive/Products/Applications/Runner.app/Frameworks/libswiftCoreImage.dylib'>', codeSigningInfo='<_DVTCodeSigningInformation_Path: 0x600037a1e620; isSigned='1', isAdHocSigned='0', signingCertificate='<DVTSigningCertificate: 0x60001696c600; name='Apple Development: Benjamin Okwama (S87UA72Y9G)', hash='82F080B7ED3A11ADB516430728D944EDADEB699F', serialNumber='61BE2F0379D9C02F88BB2F0A226B93C8', certificateKinds='(
    "1.2.840.113635.100.6.1.12",
    "1.2.840.113635.100.6.1.2"
), issueDate='2025-05-15 07:27:09 +0000''>', entitlements='(null)', teamID='LV3WK67YPG', identifier='com.apple.dt.runtime.swiftCoreImage', executablePath='<DVTFilePath:0x600023496ed0:'/Users/citlogistics/Library/Developer/Xcode/Archives/2025-06-24/Runner 24-06-2025, 10.53.xcarchive/Products/Applications/Runner.app/Frameworks/libswiftCoreImage.dylib'>', hardenedRuntime='0'>'> to: /var/folders/fs/jyprtvb12cv490g4bbpmssyh0000gn/T/XcodeDistPipeline.~~~Eh3jHy/entitlements~~~CIaCo5
2025-06-24 07:56:33 +0000  invoking codesign: <NSConcreteTask: 0x600037b7b390; launchPath='/usr/bin/codesign', arguments='(
    "-f",
    "-s",
    82F080B7ED3A11ADB516430728D944EDADEB699F,
    "--entitlements",
    "/var/folders/fs/jyprtvb12cv490g4bbpmssyh0000gn/T/XcodeDistPipeline.~~~Eh3jHy/entitlements~~~CIaCo5",
    "--preserve-metadata=identifier,flags,runtime",
    "--generate-entitlement-der",
    "--strip-disallowed-xattrs",
    "-vvv",
    "/var/folders/fs/jyprtvb12cv490g4bbpmssyh0000gn/T/XcodeDistPipeline.~~~Eh3jHy/Root/Payload/Runner.app/Frameworks/libswiftCoreImage.dylib"
)'>
2025-06-24 07:56:33 +0000  codesign output: /var/folders/fs/jyprtvb12cv490g4bbpmssyh0000gn/T/XcodeDistPipeline.~~~Eh3jHy/Root/Payload/Runner.app/Frameworks/libswiftCoreImage.dylib: replacing existing signature
/var/folders/fs/jyprtvb12cv490g4bbpmssyh0000gn/T/XcodeDistPipeline.~~~Eh3jHy/Root/Payload/Runner.app/Frameworks/libswiftCoreImage.dylib: signed Mach-O thin (arm64) [com.apple.dt.runtime.swiftCoreImage]
2025-06-24 07:56:33 +0000  Entitlements for <IDEDistributionItem: 0x60003f6c2880; bundleID='com.apple.dt.runtime.swiftCoreLocation', path='<DVTFilePath:0x6000234b4070:'/Users/citlogistics/Library/Developer/Xcode/Archives/2025-06-24/Runner 24-06-2025, 10.53.xcarchive/Products/Applications/Runner.app/Frameworks/libswiftCoreLocation.dylib'>', codeSigningInfo='<_DVTCodeSigningInformation_Path: 0x600037a05680; isSigned='1', isAdHocSigned='0', signingCertificate='<DVTSigningCertificate: 0x60001695cb40; name='Apple Development: Benjamin Okwama (S87UA72Y9G)', hash='82F080B7ED3A11ADB516430728D944EDADEB699F', serialNumber='61BE2F0379D9C02F88BB2F0A226B93C8', certificateKinds='(
    "1.2.840.113635.100.6.1.12",
    "1.2.840.113635.100.6.1.2"
), issueDate='2025-05-15 07:27:09 +0000''>', entitlements='(null)', teamID='LV3WK67YPG', identifier='com.apple.dt.runtime.swiftCoreLocation', executablePath='<DVTFilePath:0x6000234b4070:'/Users/citlogistics/Library/Developer/Xcode/Archives/2025-06-24/Runner 24-06-2025, 10.53.xcarchive/Products/Applications/Runner.app/Frameworks/libswiftCoreLocation.dylib'>', hardenedRuntime='0'>'>: {
}
2025-06-24 07:56:33 +0000  Associated App Clip Identifiers Filter: Skipping because "com.apple.developer.associated-appclip-app-identifiers" is not present
2025-06-24 07:56:33 +0000  Entitlements for <IDEDistributionItem: 0x60003f6c2880; bundleID='com.apple.dt.runtime.swiftCoreLocation', path='<DVTFilePath:0x6000234b4070:'/Users/citlogistics/Library/Developer/Xcode/Archives/2025-06-24/Runner 24-06-2025, 10.53.xcarchive/Products/Applications/Runner.app/Frameworks/libswiftCoreLocation.dylib'>', codeSigningInfo='<_DVTCodeSigningInformation_Path: 0x600037a05680; isSigned='1', isAdHocSigned='0', signingCertificate='<DVTSigningCertificate: 0x60001691eb80; name='Apple Development: Benjamin Okwama (S87UA72Y9G)', hash='82F080B7ED3A11ADB516430728D944EDADEB699F', serialNumber='61BE2F0379D9C02F88BB2F0A226B93C8', certificateKinds='(
    "1.2.840.113635.100.6.1.12",
    "1.2.840.113635.100.6.1.2"
), issueDate='2025-05-15 07:27:09 +0000''>', entitlements='(null)', teamID='LV3WK67YPG', identifier='com.apple.dt.runtime.swiftCoreLocation', executablePath='<DVTFilePath:0x6000234b4070:'/Users/citlogistics/Library/Developer/Xcode/Archives/2025-06-24/Runner 24-06-2025, 10.53.xcarchive/Products/Applications/Runner.app/Frameworks/libswiftCoreLocation.dylib'>', hardenedRuntime='0'>'> are: {
}
2025-06-24 07:56:33 +0000  Writing entitlements for <IDEDistributionItem: 0x60003f6c2880; bundleID='com.apple.dt.runtime.swiftCoreLocation', path='<DVTFilePath:0x6000234b4070:'/Users/citlogistics/Library/Developer/Xcode/Archives/2025-06-24/Runner 24-06-2025, 10.53.xcarchive/Products/Applications/Runner.app/Frameworks/libswiftCoreLocation.dylib'>', codeSigningInfo='<_DVTCodeSigningInformation_Path: 0x600037a05680; isSigned='1', isAdHocSigned='0', signingCertificate='<DVTSigningCertificate: 0x600012687780; name='Apple Development: Benjamin Okwama (S87UA72Y9G)', hash='82F080B7ED3A11ADB516430728D944EDADEB699F', serialNumber='61BE2F0379D9C02F88BB2F0A226B93C8', certificateKinds='(
    "1.2.840.113635.100.6.1.12",
    "1.2.840.113635.100.6.1.2"
), issueDate='2025-05-15 07:27:09 +0000''>', entitlements='(null)', teamID='LV3WK67YPG', identifier='com.apple.dt.runtime.swiftCoreLocation', executablePath='<DVTFilePath:0x6000234b4070:'/Users/citlogistics/Library/Developer/Xcode/Archives/2025-06-24/Runner 24-06-2025, 10.53.xcarchive/Products/Applications/Runner.app/Frameworks/libswiftCoreLocation.dylib'>', hardenedRuntime='0'>'> to: /var/folders/fs/jyprtvb12cv490g4bbpmssyh0000gn/T/XcodeDistPipeline.~~~Eh3jHy/entitlements~~~MNUN96
2025-06-24 07:56:33 +0000  invoking codesign: <NSConcreteTask: 0x60003bfa2fd0; launchPath='/usr/bin/codesign', arguments='(
    "-f",
    "-s",
    82F080B7ED3A11ADB516430728D944EDADEB699F,
    "--entitlements",
    "/var/folders/fs/jyprtvb12cv490g4bbpmssyh0000gn/T/XcodeDistPipeline.~~~Eh3jHy/entitlements~~~MNUN96",
    "--preserve-metadata=identifier,flags,runtime",
    "--generate-entitlement-der",
    "--strip-disallowed-xattrs",
    "-vvv",
    "/var/folders/fs/jyprtvb12cv490g4bbpmssyh0000gn/T/XcodeDistPipeline.~~~Eh3jHy/Root/Payload/Runner.app/Frameworks/libswiftCoreLocation.dylib"
)'>
2025-06-24 07:56:33 +0000  codesign output: /var/folders/fs/jyprtvb12cv490g4bbpmssyh0000gn/T/XcodeDistPipeline.~~~Eh3jHy/Root/Payload/Runner.app/Frameworks/libswiftCoreLocation.dylib: replacing existing signature
/var/folders/fs/jyprtvb12cv490g4bbpmssyh0000gn/T/XcodeDistPipeline.~~~Eh3jHy/Root/Payload/Runner.app/Frameworks/libswiftCoreLocation.dylib: signed Mach-O thin (arm64) [com.apple.dt.runtime.swiftCoreLocation]
2025-06-24 07:56:33 +0000  Entitlements for <IDEDistributionItem: 0x60003f637600; bundleID='com.apple.dt.runtime.swiftCoreMedia', path='<DVTFilePath:0x6000234b5110:'/Users/citlogistics/Library/Developer/Xcode/Archives/2025-06-24/Runner 24-06-2025, 10.53.xcarchive/Products/Applications/Runner.app/Frameworks/libswiftCoreMedia.dylib'>', codeSigningInfo='<_DVTCodeSigningInformation_Path: 0x600037a5c1e0; isSigned='1', isAdHocSigned='0', signingCertificate='<DVTSigningCertificate: 0x60001691eb80; name='Apple Development: Benjamin Okwama (S87UA72Y9G)', hash='82F080B7ED3A11ADB516430728D944EDADEB699F', serialNumber='61BE2F0379D9C02F88BB2F0A226B93C8', certificateKinds='(
    "1.2.840.113635.100.6.1.12",
    "1.2.840.113635.100.6.1.2"
), issueDate='2025-05-15 07:27:09 +0000''>', entitlements='(null)', teamID='LV3WK67YPG', identifier='com.apple.dt.runtime.swiftCoreMedia', executablePath='<DVTFilePath:0x6000234b5110:'/Users/citlogistics/Library/Developer/Xcode/Archives/2025-06-24/Runner 24-06-2025, 10.53.xcarchive/Products/Applications/Runner.app/Frameworks/libswiftCoreMedia.dylib'>', hardenedRuntime='0'>'>: {
}
2025-06-24 07:56:33 +0000  Associated App Clip Identifiers Filter: Skipping because "com.apple.developer.associated-appclip-app-identifiers" is not present
2025-06-24 07:56:33 +0000  Entitlements for <IDEDistributionItem: 0x60003f637600; bundleID='com.apple.dt.runtime.swiftCoreMedia', path='<DVTFilePath:0x6000234b5110:'/Users/citlogistics/Library/Developer/Xcode/Archives/2025-06-24/Runner 24-06-2025, 10.53.xcarchive/Products/Applications/Runner.app/Frameworks/libswiftCoreMedia.dylib'>', codeSigningInfo='<_DVTCodeSigningInformation_Path: 0x600037a5c1e0; isSigned='1', isAdHocSigned='0', signingCertificate='<DVTSigningCertificate: 0x600012687780; name='Apple Development: Benjamin Okwama (S87UA72Y9G)', hash='82F080B7ED3A11ADB516430728D944EDADEB699F', serialNumber='61BE2F0379D9C02F88BB2F0A226B93C8', certificateKinds='(
    "1.2.840.113635.100.6.1.12",
    "1.2.840.113635.100.6.1.2"
), issueDate='2025-05-15 07:27:09 +0000''>', entitlements='(null)', teamID='LV3WK67YPG', identifier='com.apple.dt.runtime.swiftCoreMedia', executablePath='<DVTFilePath:0x6000234b5110:'/Users/citlogistics/Library/Developer/Xcode/Archives/2025-06-24/Runner 24-06-2025, 10.53.xcarchive/Products/Applications/Runner.app/Frameworks/libswiftCoreMedia.dylib'>', hardenedRuntime='0'>'> are: {
}
2025-06-24 07:56:33 +0000  Writing entitlements for <IDEDistributionItem: 0x60003f637600; bundleID='com.apple.dt.runtime.swiftCoreMedia', path='<DVTFilePath:0x6000234b5110:'/Users/citlogistics/Library/Developer/Xcode/Archives/2025-06-24/Runner 24-06-2025, 10.53.xcarchive/Products/Applications/Runner.app/Frameworks/libswiftCoreMedia.dylib'>', codeSigningInfo='<_DVTCodeSigningInformation_Path: 0x600037a5c1e0; isSigned='1', isAdHocSigned='0', signingCertificate='<DVTSigningCertificate: 0x60001691eac0; name='Apple Development: Benjamin Okwama (S87UA72Y9G)', hash='82F080B7ED3A11ADB516430728D944EDADEB699F', serialNumber='61BE2F0379D9C02F88BB2F0A226B93C8', certificateKinds='(
    "1.2.840.113635.100.6.1.12",
    "1.2.840.113635.100.6.1.2"
), issueDate='2025-05-15 07:27:09 +0000''>', entitlements='(null)', teamID='LV3WK67YPG', identifier='com.apple.dt.runtime.swiftCoreMedia', executablePath='<DVTFilePath:0x6000234b5110:'/Users/citlogistics/Library/Developer/Xcode/Archives/2025-06-24/Runner 24-06-2025, 10.53.xcarchive/Products/Applications/Runner.app/Frameworks/libswiftCoreMedia.dylib'>', hardenedRuntime='0'>'> to: /var/folders/fs/jyprtvb12cv490g4bbpmssyh0000gn/T/XcodeDistPipeline.~~~Eh3jHy/entitlements~~~HjFcmi
2025-06-24 07:56:33 +0000  invoking codesign: <NSConcreteTask: 0x60003bfb7570; launchPath='/usr/bin/codesign', arguments='(
    "-f",
    "-s",
    82F080B7ED3A11ADB516430728D944EDADEB699F,
    "--entitlements",
    "/var/folders/fs/jyprtvb12cv490g4bbpmssyh0000gn/T/XcodeDistPipeline.~~~Eh3jHy/entitlements~~~HjFcmi",
    "--preserve-metadata=identifier,flags,runtime",
    "--generate-entitlement-der",
    "--strip-disallowed-xattrs",
    "-vvv",
    "/var/folders/fs/jyprtvb12cv490g4bbpmssyh0000gn/T/XcodeDistPipeline.~~~Eh3jHy/Root/Payload/Runner.app/Frameworks/libswiftCoreMedia.dylib"
)'>
2025-06-24 07:56:33 +0000  codesign output: /var/folders/fs/jyprtvb12cv490g4bbpmssyh0000gn/T/XcodeDistPipeline.~~~Eh3jHy/Root/Payload/Runner.app/Frameworks/libswiftCoreMedia.dylib: replacing existing signature
/var/folders/fs/jyprtvb12cv490g4bbpmssyh0000gn/T/XcodeDistPipeline.~~~Eh3jHy/Root/Payload/Runner.app/Frameworks/libswiftCoreMedia.dylib: signed Mach-O thin (arm64) [com.apple.dt.runtime.swiftCoreMedia]
2025-06-24 07:56:33 +0000  Entitlements for <IDEDistributionItem: 0x60003f636400; bundleID='com.apple.dt.runtime.swiftDarwin', path='<DVTFilePath:0x60002374a1b0:'/Users/citlogistics/Library/Developer/Xcode/Archives/2025-06-24/Runner 24-06-2025, 10.53.xcarchive/Products/Applications/Runner.app/Frameworks/libswiftDarwin.dylib'>', codeSigningInfo='<_DVTCodeSigningInformation_Path: 0x600037a55770; isSigned='1', isAdHocSigned='0', signingCertificate='<DVTSigningCertificate: 0x600012687780; name='Apple Development: Benjamin Okwama (S87UA72Y9G)', hash='82F080B7ED3A11ADB516430728D944EDADEB699F', serialNumber='61BE2F0379D9C02F88BB2F0A226B93C8', certificateKinds='(
    "1.2.840.113635.100.6.1.12",
    "1.2.840.113635.100.6.1.2"
), issueDate='2025-05-15 07:27:09 +0000''>', entitlements='(null)', teamID='LV3WK67YPG', identifier='com.apple.dt.runtime.swiftDarwin', executablePath='<DVTFilePath:0x60002374a1b0:'/Users/citlogistics/Library/Developer/Xcode/Archives/2025-06-24/Runner 24-06-2025, 10.53.xcarchive/Products/Applications/Runner.app/Frameworks/libswiftDarwin.dylib'>', hardenedRuntime='0'>'>: {
}
2025-06-24 07:56:33 +0000  Associated App Clip Identifiers Filter: Skipping because "com.apple.developer.associated-appclip-app-identifiers" is not present
2025-06-24 07:56:33 +0000  Entitlements for <IDEDistributionItem: 0x60003f636400; bundleID='com.apple.dt.runtime.swiftDarwin', path='<DVTFilePath:0x60002374a1b0:'/Users/citlogistics/Library/Developer/Xcode/Archives/2025-06-24/Runner 24-06-2025, 10.53.xcarchive/Products/Applications/Runner.app/Frameworks/libswiftDarwin.dylib'>', codeSigningInfo='<_DVTCodeSigningInformation_Path: 0x600037a55770; isSigned='1', isAdHocSigned='0', signingCertificate='<DVTSigningCertificate: 0x600012684540; name='Apple Development: Benjamin Okwama (S87UA72Y9G)', hash='82F080B7ED3A11ADB516430728D944EDADEB699F', serialNumber='61BE2F0379D9C02F88BB2F0A226B93C8', certificateKinds='(
    "1.2.840.113635.100.6.1.12",
    "1.2.840.113635.100.6.1.2"
), issueDate='2025-05-15 07:27:09 +0000''>', entitlements='(null)', teamID='LV3WK67YPG', identifier='com.apple.dt.runtime.swiftDarwin', executablePath='<DVTFilePath:0x60002374a1b0:'/Users/citlogistics/Library/Developer/Xcode/Archives/2025-06-24/Runner 24-06-2025, 10.53.xcarchive/Products/Applications/Runner.app/Frameworks/libswiftDarwin.dylib'>', hardenedRuntime='0'>'> are: {
}
2025-06-24 07:56:33 +0000  Writing entitlements for <IDEDistributionItem: 0x60003f636400; bundleID='com.apple.dt.runtime.swiftDarwin', path='<DVTFilePath:0x60002374a1b0:'/Users/citlogistics/Library/Developer/Xcode/Archives/2025-06-24/Runner 24-06-2025, 10.53.xcarchive/Products/Applications/Runner.app/Frameworks/libswiftDarwin.dylib'>', codeSigningInfo='<_DVTCodeSigningInformation_Path: 0x600037a55770; isSigned='1', isAdHocSigned='0', signingCertificate='<DVTSigningCertificate: 0x60001691eb80; name='Apple Development: Benjamin Okwama (S87UA72Y9G)', hash='82F080B7ED3A11ADB516430728D944EDADEB699F', serialNumber='61BE2F0379D9C02F88BB2F0A226B93C8', certificateKinds='(
    "1.2.840.113635.100.6.1.12",
    "1.2.840.113635.100.6.1.2"
), issueDate='2025-05-15 07:27:09 +0000''>', entitlements='(null)', teamID='LV3WK67YPG', identifier='com.apple.dt.runtime.swiftDarwin', executablePath='<DVTFilePath:0x60002374a1b0:'/Users/citlogistics/Library/Developer/Xcode/Archives/2025-06-24/Runner 24-06-2025, 10.53.xcarchive/Products/Applications/Runner.app/Frameworks/libswiftDarwin.dylib'>', hardenedRuntime='0'>'> to: /var/folders/fs/jyprtvb12cv490g4bbpmssyh0000gn/T/XcodeDistPipeline.~~~Eh3jHy/entitlements~~~Vk5Wz0
2025-06-24 07:56:33 +0000  invoking codesign: <NSConcreteTask: 0x60003bfb77f0; launchPath='/usr/bin/codesign', arguments='(
    "-f",
    "-s",
    82F080B7ED3A11ADB516430728D944EDADEB699F,
    "--entitlements",
    "/var/folders/fs/jyprtvb12cv490g4bbpmssyh0000gn/T/XcodeDistPipeline.~~~Eh3jHy/entitlements~~~Vk5Wz0",
    "--preserve-metadata=identifier,flags,runtime",
    "--generate-entitlement-der",
    "--strip-disallowed-xattrs",
    "-vvv",
    "/var/folders/fs/jyprtvb12cv490g4bbpmssyh0000gn/T/XcodeDistPipeline.~~~Eh3jHy/Root/Payload/Runner.app/Frameworks/libswiftDarwin.dylib"
)'>
2025-06-24 07:56:33 +0000  codesign output: /var/folders/fs/jyprtvb12cv490g4bbpmssyh0000gn/T/XcodeDistPipeline.~~~Eh3jHy/Root/Payload/Runner.app/Frameworks/libswiftDarwin.dylib: replacing existing signature
/var/folders/fs/jyprtvb12cv490g4bbpmssyh0000gn/T/XcodeDistPipeline.~~~Eh3jHy/Root/Payload/Runner.app/Frameworks/libswiftDarwin.dylib: signed Mach-O thin (arm64) [com.apple.dt.runtime.swiftDarwin]
2025-06-24 07:56:33 +0000  Entitlements for <IDEDistributionItem: 0x60003f637360; bundleID='com.apple.dt.runtime.swiftDispatch', path='<DVTFilePath:0x60002374b790:'/Users/citlogistics/Library/Developer/Xcode/Archives/2025-06-24/Runner 24-06-2025, 10.53.xcarchive/Products/Applications/Runner.app/Frameworks/libswiftDispatch.dylib'>', codeSigningInfo='<_DVTCodeSigningInformation_Path: 0x600037a72b70; isSigned='1', isAdHocSigned='0', signingCertificate='<DVTSigningCertificate: 0x60001691eb80; name='Apple Development: Benjamin Okwama (S87UA72Y9G)', hash='82F080B7ED3A11ADB516430728D944EDADEB699F', serialNumber='61BE2F0379D9C02F88BB2F0A226B93C8', certificateKinds='(
    "1.2.840.113635.100.6.1.12",
    "1.2.840.113635.100.6.1.2"
), issueDate='2025-05-15 07:27:09 +0000''>', entitlements='(null)', teamID='LV3WK67YPG', identifier='com.apple.dt.runtime.swiftDispatch', executablePath='<DVTFilePath:0x60002374b790:'/Users/citlogistics/Library/Developer/Xcode/Archives/2025-06-24/Runner 24-06-2025, 10.53.xcarchive/Products/Applications/Runner.app/Frameworks/libswiftDispatch.dylib'>', hardenedRuntime='0'>'>: {
}
2025-06-24 07:56:33 +0000  Associated App Clip Identifiers Filter: Skipping because "com.apple.developer.associated-appclip-app-identifiers" is not present
2025-06-24 07:56:33 +0000  Entitlements for <IDEDistributionItem: 0x60003f637360; bundleID='com.apple.dt.runtime.swiftDispatch', path='<DVTFilePath:0x60002374b790:'/Users/citlogistics/Library/Developer/Xcode/Archives/2025-06-24/Runner 24-06-2025, 10.53.xcarchive/Products/Applications/Runner.app/Frameworks/libswiftDispatch.dylib'>', codeSigningInfo='<_DVTCodeSigningInformation_Path: 0x600037a72b70; isSigned='1', isAdHocSigned='0', signingCertificate='<DVTSigningCertificate: 0x600012684540; name='Apple Development: Benjamin Okwama (S87UA72Y9G)', hash='82F080B7ED3A11ADB516430728D944EDADEB699F', serialNumber='61BE2F0379D9C02F88BB2F0A226B93C8', certificateKinds='(
    "1.2.840.113635.100.6.1.12",
    "1.2.840.113635.100.6.1.2"
), issueDate='2025-05-15 07:27:09 +0000''>', entitlements='(null)', teamID='LV3WK67YPG', identifier='com.apple.dt.runtime.swiftDispatch', executablePath='<DVTFilePath:0x60002374b790:'/Users/citlogistics/Library/Developer/Xcode/Archives/2025-06-24/Runner 24-06-2025, 10.53.xcarchive/Products/Applications/Runner.app/Frameworks/libswiftDispatch.dylib'>', hardenedRuntime='0'>'> are: {
}
2025-06-24 07:56:33 +0000  Writing entitlements for <IDEDistributionItem: 0x60003f637360; bundleID='com.apple.dt.runtime.swiftDispatch', path='<DVTFilePath:0x60002374b790:'/Users/citlogistics/Library/Developer/Xcode/Archives/2025-06-24/Runner 24-06-2025, 10.53.xcarchive/Products/Applications/Runner.app/Frameworks/libswiftDispatch.dylib'>', codeSigningInfo='<_DVTCodeSigningInformation_Path: 0x600037a72b70; isSigned='1', isAdHocSigned='0', signingCertificate='<DVTSigningCertificate: 0x60001691f9c0; name='Apple Development: Benjamin Okwama (S87UA72Y9G)', hash='82F080B7ED3A11ADB516430728D944EDADEB699F', serialNumber='61BE2F0379D9C02F88BB2F0A226B93C8', certificateKinds='(
    "1.2.840.113635.100.6.1.12",
    "1.2.840.113635.100.6.1.2"
), issueDate='2025-05-15 07:27:09 +0000''>', entitlements='(null)', teamID='LV3WK67YPG', identifier='com.apple.dt.runtime.swiftDispatch', executablePath='<DVTFilePath:0x60002374b790:'/Users/citlogistics/Library/Developer/Xcode/Archives/2025-06-24/Runner 24-06-2025, 10.53.xcarchive/Products/Applications/Runner.app/Frameworks/libswiftDispatch.dylib'>', hardenedRuntime='0'>'> to: /var/folders/fs/jyprtvb12cv490g4bbpmssyh0000gn/T/XcodeDistPipeline.~~~Eh3jHy/entitlements~~~YO1GD9
2025-06-24 07:56:33 +0000  invoking codesign: <NSConcreteTask: 0x60003bfa2bc0; launchPath='/usr/bin/codesign', arguments='(
    "-f",
    "-s",
    82F080B7ED3A11ADB516430728D944EDADEB699F,
    "--entitlements",
    "/var/folders/fs/jyprtvb12cv490g4bbpmssyh0000gn/T/XcodeDistPipeline.~~~Eh3jHy/entitlements~~~YO1GD9",
    "--preserve-metadata=identifier,flags,runtime",
    "--generate-entitlement-der",
    "--strip-disallowed-xattrs",
    "-vvv",
    "/var/folders/fs/jyprtvb12cv490g4bbpmssyh0000gn/T/XcodeDistPipeline.~~~Eh3jHy/Root/Payload/Runner.app/Frameworks/libswiftDispatch.dylib"
)'>
2025-06-24 07:56:33 +0000  codesign output: /var/folders/fs/jyprtvb12cv490g4bbpmssyh0000gn/T/XcodeDistPipeline.~~~Eh3jHy/Root/Payload/Runner.app/Frameworks/libswiftDispatch.dylib: replacing existing signature
/var/folders/fs/jyprtvb12cv490g4bbpmssyh0000gn/T/XcodeDistPipeline.~~~Eh3jHy/Root/Payload/Runner.app/Frameworks/libswiftDispatch.dylib: signed Mach-O thin (arm64) [com.apple.dt.runtime.swiftDispatch]
2025-06-24 07:56:33 +0000  Entitlements for <IDEDistributionItem: 0x60003f6c0ea0; bundleID='com.apple.dt.runtime.swiftFoundation', path='<DVTFilePath:0x600023749260:'/Users/citlogistics/Library/Developer/Xcode/Archives/2025-06-24/Runner 24-06-2025, 10.53.xcarchive/Products/Applications/Runner.app/Frameworks/libswiftFoundation.dylib'>', codeSigningInfo='<_DVTCodeSigningInformation_Path: 0x600037a04140; isSigned='1', isAdHocSigned='0', signingCertificate='<DVTSigningCertificate: 0x600012684540; name='Apple Development: Benjamin Okwama (S87UA72Y9G)', hash='82F080B7ED3A11ADB516430728D944EDADEB699F', serialNumber='61BE2F0379D9C02F88BB2F0A226B93C8', certificateKinds='(
    "1.2.840.113635.100.6.1.12",
    "1.2.840.113635.100.6.1.2"
), issueDate='2025-05-15 07:27:09 +0000''>', entitlements='(null)', teamID='LV3WK67YPG', identifier='com.apple.dt.runtime.swiftFoundation', executablePath='<DVTFilePath:0x600023749260:'/Users/citlogistics/Library/Developer/Xcode/Archives/2025-06-24/Runner 24-06-2025, 10.53.xcarchive/Products/Applications/Runner.app/Frameworks/libswiftFoundation.dylib'>', hardenedRuntime='0'>'>: {
}
2025-06-24 07:56:33 +0000  Associated App Clip Identifiers Filter: Skipping because "com.apple.developer.associated-appclip-app-identifiers" is not present
2025-06-24 07:56:33 +0000  Entitlements for <IDEDistributionItem: 0x60003f6c0ea0; bundleID='com.apple.dt.runtime.swiftFoundation', path='<DVTFilePath:0x600023749260:'/Users/citlogistics/Library/Developer/Xcode/Archives/2025-06-24/Runner 24-06-2025, 10.53.xcarchive/Products/Applications/Runner.app/Frameworks/libswiftFoundation.dylib'>', codeSigningInfo='<_DVTCodeSigningInformation_Path: 0x600037a04140; isSigned='1', isAdHocSigned='0', signingCertificate='<DVTSigningCertificate: 0x60001691eb80; name='Apple Development: Benjamin Okwama (S87UA72Y9G)', hash='82F080B7ED3A11ADB516430728D944EDADEB699F', serialNumber='61BE2F0379D9C02F88BB2F0A226B93C8', certificateKinds='(
    "1.2.840.113635.100.6.1.12",
    "1.2.840.113635.100.6.1.2"
), issueDate='2025-05-15 07:27:09 +0000''>', entitlements='(null)', teamID='LV3WK67YPG', identifier='com.apple.dt.runtime.swiftFoundation', executablePath='<DVTFilePath:0x600023749260:'/Users/citlogistics/Library/Developer/Xcode/Archives/2025-06-24/Runner 24-06-2025, 10.53.xcarchive/Products/Applications/Runner.app/Frameworks/libswiftFoundation.dylib'>', hardenedRuntime='0'>'> are: {
}
2025-06-24 07:56:33 +0000  Writing entitlements for <IDEDistributionItem: 0x60003f6c0ea0; bundleID='com.apple.dt.runtime.swiftFoundation', path='<DVTFilePath:0x600023749260:'/Users/citlogistics/Library/Developer/Xcode/Archives/2025-06-24/Runner 24-06-2025, 10.53.xcarchive/Products/Applications/Runner.app/Frameworks/libswiftFoundation.dylib'>', codeSigningInfo='<_DVTCodeSigningInformation_Path: 0x600037a04140; isSigned='1', isAdHocSigned='0', signingCertificate='<DVTSigningCertificate: 0x600012686580; name='Apple Development: Benjamin Okwama (S87UA72Y9G)', hash='82F080B7ED3A11ADB516430728D944EDADEB699F', serialNumber='61BE2F0379D9C02F88BB2F0A226B93C8', certificateKinds='(
    "1.2.840.113635.100.6.1.12",
    "1.2.840.113635.100.6.1.2"
), issueDate='2025-05-15 07:27:09 +0000''>', entitlements='(null)', teamID='LV3WK67YPG', identifier='com.apple.dt.runtime.swiftFoundation', executablePath='<DVTFilePath:0x600023749260:'/Users/citlogistics/Library/Developer/Xcode/Archives/2025-06-24/Runner 24-06-2025, 10.53.xcarchive/Products/Applications/Runner.app/Frameworks/libswiftFoundation.dylib'>', hardenedRuntime='0'>'> to: /var/folders/fs/jyprtvb12cv490g4bbpmssyh0000gn/T/XcodeDistPipeline.~~~Eh3jHy/entitlements~~~m1lTev
2025-06-24 07:56:33 +0000  invoking codesign: <NSConcreteTask: 0x60003bfa33e0; launchPath='/usr/bin/codesign', arguments='(
    "-f",
    "-s",
    82F080B7ED3A11ADB516430728D944EDADEB699F,
    "--entitlements",
    "/var/folders/fs/jyprtvb12cv490g4bbpmssyh0000gn/T/XcodeDistPipeline.~~~Eh3jHy/entitlements~~~m1lTev",
    "--preserve-metadata=identifier,flags,runtime",
    "--generate-entitlement-der",
    "--strip-disallowed-xattrs",
    "-vvv",
    "/var/folders/fs/jyprtvb12cv490g4bbpmssyh0000gn/T/XcodeDistPipeline.~~~Eh3jHy/Root/Payload/Runner.app/Frameworks/libswiftFoundation.dylib"
)'>
2025-06-24 07:56:33 +0000  codesign output: /var/folders/fs/jyprtvb12cv490g4bbpmssyh0000gn/T/XcodeDistPipeline.~~~Eh3jHy/Root/Payload/Runner.app/Frameworks/libswiftFoundation.dylib: replacing existing signature
/var/folders/fs/jyprtvb12cv490g4bbpmssyh0000gn/T/XcodeDistPipeline.~~~Eh3jHy/Root/Payload/Runner.app/Frameworks/libswiftFoundation.dylib: signed Mach-O thin (arm64) [com.apple.dt.runtime.swiftFoundation]
2025-06-24 07:56:33 +0000  Entitlements for <IDEDistributionItem: 0x60003f634900; bundleID='com.apple.dt.runtime.swiftMetal', path='<DVTFilePath:0x60002374b800:'/Users/citlogistics/Library/Developer/Xcode/Archives/2025-06-24/Runner 24-06-2025, 10.53.xcarchive/Products/Applications/Runner.app/Frameworks/libswiftMetal.dylib'>', codeSigningInfo='<_DVTCodeSigningInformation_Path: 0x600037a719f0; isSigned='1', isAdHocSigned='0', signingCertificate='<DVTSigningCertificate: 0x600012684540; name='Apple Development: Benjamin Okwama (S87UA72Y9G)', hash='82F080B7ED3A11ADB516430728D944EDADEB699F', serialNumber='61BE2F0379D9C02F88BB2F0A226B93C8', certificateKinds='(
    "1.2.840.113635.100.6.1.12",
    "1.2.840.113635.100.6.1.2"
), issueDate='2025-05-15 07:27:09 +0000''>', entitlements='(null)', teamID='LV3WK67YPG', identifier='com.apple.dt.runtime.swiftMetal', executablePath='<DVTFilePath:0x60002374b800:'/Users/citlogistics/Library/Developer/Xcode/Archives/2025-06-24/Runner 24-06-2025, 10.53.xcarchive/Products/Applications/Runner.app/Frameworks/libswiftMetal.dylib'>', hardenedRuntime='0'>'>: {
}
2025-06-24 07:56:33 +0000  Associated App Clip Identifiers Filter: Skipping because "com.apple.developer.associated-appclip-app-identifiers" is not present
2025-06-24 07:56:33 +0000  Entitlements for <IDEDistributionItem: 0x60003f634900; bundleID='com.apple.dt.runtime.swiftMetal', path='<DVTFilePath:0x60002374b800:'/Users/citlogistics/Library/Developer/Xcode/Archives/2025-06-24/Runner 24-06-2025, 10.53.xcarchive/Products/Applications/Runner.app/Frameworks/libswiftMetal.dylib'>', codeSigningInfo='<_DVTCodeSigningInformation_Path: 0x600037a719f0; isSigned='1', isAdHocSigned='0', signingCertificate='<DVTSigningCertificate: 0x60001695cc00; name='Apple Development: Benjamin Okwama (S87UA72Y9G)', hash='82F080B7ED3A11ADB516430728D944EDADEB699F', serialNumber='61BE2F0379D9C02F88BB2F0A226B93C8', certificateKinds='(
    "1.2.840.113635.100.6.1.12",
    "1.2.840.113635.100.6.1.2"
), issueDate='2025-05-15 07:27:09 +0000''>', entitlements='(null)', teamID='LV3WK67YPG', identifier='com.apple.dt.runtime.swiftMetal', executablePath='<DVTFilePath:0x60002374b800:'/Users/citlogistics/Library/Developer/Xcode/Archives/2025-06-24/Runner 24-06-2025, 10.53.xcarchive/Products/Applications/Runner.app/Frameworks/libswiftMetal.dylib'>', hardenedRuntime='0'>'> are: {
}
2025-06-24 07:56:33 +0000  Writing entitlements for <IDEDistributionItem: 0x60003f634900; bundleID='com.apple.dt.runtime.swiftMetal', path='<DVTFilePath:0x60002374b800:'/Users/citlogistics/Library/Developer/Xcode/Archives/2025-06-24/Runner 24-06-2025, 10.53.xcarchive/Products/Applications/Runner.app/Frameworks/libswiftMetal.dylib'>', codeSigningInfo='<_DVTCodeSigningInformation_Path: 0x600037a719f0; isSigned='1', isAdHocSigned='0', signingCertificate='<DVTSigningCertificate: 0x60001696c600; name='Apple Development: Benjamin Okwama (S87UA72Y9G)', hash='82F080B7ED3A11ADB516430728D944EDADEB699F', serialNumber='61BE2F0379D9C02F88BB2F0A226B93C8', certificateKinds='(
    "1.2.840.113635.100.6.1.12",
    "1.2.840.113635.100.6.1.2"
), issueDate='2025-05-15 07:27:09 +0000''>', entitlements='(null)', teamID='LV3WK67YPG', identifier='com.apple.dt.runtime.swiftMetal', executablePath='<DVTFilePath:0x60002374b800:'/Users/citlogistics/Library/Developer/Xcode/Archives/2025-06-24/Runner 24-06-2025, 10.53.xcarchive/Products/Applications/Runner.app/Frameworks/libswiftMetal.dylib'>', hardenedRuntime='0'>'> to: /var/folders/fs/jyprtvb12cv490g4bbpmssyh0000gn/T/XcodeDistPipeline.~~~Eh3jHy/entitlements~~~0wYZv5
2025-06-24 07:56:33 +0000  invoking codesign: <NSConcreteTask: 0x60003bfb77a0; launchPath='/usr/bin/codesign', arguments='(
    "-f",
    "-s",
    82F080B7ED3A11ADB516430728D944EDADEB699F,
    "--entitlements",
    "/var/folders/fs/jyprtvb12cv490g4bbpmssyh0000gn/T/XcodeDistPipeline.~~~Eh3jHy/entitlements~~~0wYZv5",
    "--preserve-metadata=identifier,flags,runtime",
    "--generate-entitlement-der",
    "--strip-disallowed-xattrs",
    "-vvv",
    "/var/folders/fs/jyprtvb12cv490g4bbpmssyh0000gn/T/XcodeDistPipeline.~~~Eh3jHy/Root/Payload/Runner.app/Frameworks/libswiftMetal.dylib"
)'>
2025-06-24 07:56:34 +0000  codesign output: /var/folders/fs/jyprtvb12cv490g4bbpmssyh0000gn/T/XcodeDistPipeline.~~~Eh3jHy/Root/Payload/Runner.app/Frameworks/libswiftMetal.dylib: replacing existing signature
/var/folders/fs/jyprtvb12cv490g4bbpmssyh0000gn/T/XcodeDistPipeline.~~~Eh3jHy/Root/Payload/Runner.app/Frameworks/libswiftMetal.dylib: signed Mach-O thin (arm64) [com.apple.dt.runtime.swiftMetal]
2025-06-24 07:56:34 +0000  Entitlements for <IDEDistributionItem: 0x60003f637d20; bundleID='com.apple.dt.runtime.swiftObjectiveC', path='<DVTFilePath:0x600023748b60:'/Users/citlogistics/Library/Developer/Xcode/Archives/2025-06-24/Runner 24-06-2025, 10.53.xcarchive/Products/Applications/Runner.app/Frameworks/libswiftObjectiveC.dylib'>', codeSigningInfo='<_DVTCodeSigningInformation_Path: 0x600037a5f9d0; isSigned='1', isAdHocSigned='0', signingCertificate='<DVTSigningCertificate: 0x60001696c600; name='Apple Development: Benjamin Okwama (S87UA72Y9G)', hash='82F080B7ED3A11ADB516430728D944EDADEB699F', serialNumber='61BE2F0379D9C02F88BB2F0A226B93C8', certificateKinds='(
    "1.2.840.113635.100.6.1.12",
    "1.2.840.113635.100.6.1.2"
), issueDate='2025-05-15 07:27:09 +0000''>', entitlements='(null)', teamID='LV3WK67YPG', identifier='com.apple.dt.runtime.swiftObjectiveC', executablePath='<DVTFilePath:0x600023748b60:'/Users/citlogistics/Library/Developer/Xcode/Archives/2025-06-24/Runner 24-06-2025, 10.53.xcarchive/Products/Applications/Runner.app/Frameworks/libswiftObjectiveC.dylib'>', hardenedRuntime='0'>'>: {
}
2025-06-24 07:56:34 +0000  Associated App Clip Identifiers Filter: Skipping because "com.apple.developer.associated-appclip-app-identifiers" is not present
2025-06-24 07:56:34 +0000  Entitlements for <IDEDistributionItem: 0x60003f637d20; bundleID='com.apple.dt.runtime.swiftObjectiveC', path='<DVTFilePath:0x600023748b60:'/Users/citlogistics/Library/Developer/Xcode/Archives/2025-06-24/Runner 24-06-2025, 10.53.xcarchive/Products/Applications/Runner.app/Frameworks/libswiftObjectiveC.dylib'>', codeSigningInfo='<_DVTCodeSigningInformation_Path: 0x600037a5f9d0; isSigned='1', isAdHocSigned='0', signingCertificate='<DVTSigningCertificate: 0x60001696c180; name='Apple Development: Benjamin Okwama (S87UA72Y9G)', hash='82F080B7ED3A11ADB516430728D944EDADEB699F', serialNumber='61BE2F0379D9C02F88BB2F0A226B93C8', certificateKinds='(
    "1.2.840.113635.100.6.1.12",
    "1.2.840.113635.100.6.1.2"
), issueDate='2025-05-15 07:27:09 +0000''>', entitlements='(null)', teamID='LV3WK67YPG', identifier='com.apple.dt.runtime.swiftObjectiveC', executablePath='<DVTFilePath:0x600023748b60:'/Users/citlogistics/Library/Developer/Xcode/Archives/2025-06-24/Runner 24-06-2025, 10.53.xcarchive/Products/Applications/Runner.app/Frameworks/libswiftObjectiveC.dylib'>', hardenedRuntime='0'>'> are: {
}
2025-06-24 07:56:34 +0000  Writing entitlements for <IDEDistributionItem: 0x60003f637d20; bundleID='com.apple.dt.runtime.swiftObjectiveC', path='<DVTFilePath:0x600023748b60:'/Users/citlogistics/Library/Developer/Xcode/Archives/2025-06-24/Runner 24-06-2025, 10.53.xcarchive/Products/Applications/Runner.app/Frameworks/libswiftObjectiveC.dylib'>', codeSigningInfo='<_DVTCodeSigningInformation_Path: 0x600037a5f9d0; isSigned='1', isAdHocSigned='0', signingCertificate='<DVTSigningCertificate: 0x600012684540; name='Apple Development: Benjamin Okwama (S87UA72Y9G)', hash='82F080B7ED3A11ADB516430728D944EDADEB699F', serialNumber='61BE2F0379D9C02F88BB2F0A226B93C8', certificateKinds='(
    "1.2.840.113635.100.6.1.12",
    "1.2.840.113635.100.6.1.2"
), issueDate='2025-05-15 07:27:09 +0000''>', entitlements='(null)', teamID='LV3WK67YPG', identifier='com.apple.dt.runtime.swiftObjectiveC', executablePath='<DVTFilePath:0x600023748b60:'/Users/citlogistics/Library/Developer/Xcode/Archives/2025-06-24/Runner 24-06-2025, 10.53.xcarchive/Products/Applications/Runner.app/Frameworks/libswiftObjectiveC.dylib'>', hardenedRuntime='0'>'> to: /var/folders/fs/jyprtvb12cv490g4bbpmssyh0000gn/T/XcodeDistPipeline.~~~Eh3jHy/entitlements~~~WuGl1j
2025-06-24 07:56:34 +0000  invoking codesign: <NSConcreteTask: 0x60003bfa2a80; launchPath='/usr/bin/codesign', arguments='(
    "-f",
    "-s",
    82F080B7ED3A11ADB516430728D944EDADEB699F,
    "--entitlements",
    "/var/folders/fs/jyprtvb12cv490g4bbpmssyh0000gn/T/XcodeDistPipeline.~~~Eh3jHy/entitlements~~~WuGl1j",
    "--preserve-metadata=identifier,flags,runtime",
    "--generate-entitlement-der",
    "--strip-disallowed-xattrs",
    "-vvv",
    "/var/folders/fs/jyprtvb12cv490g4bbpmssyh0000gn/T/XcodeDistPipeline.~~~Eh3jHy/Root/Payload/Runner.app/Frameworks/libswiftObjectiveC.dylib"
)'>
2025-06-24 07:56:34 +0000  codesign output: /var/folders/fs/jyprtvb12cv490g4bbpmssyh0000gn/T/XcodeDistPipeline.~~~Eh3jHy/Root/Payload/Runner.app/Frameworks/libswiftObjectiveC.dylib: replacing existing signature
/var/folders/fs/jyprtvb12cv490g4bbpmssyh0000gn/T/XcodeDistPipeline.~~~Eh3jHy/Root/Payload/Runner.app/Frameworks/libswiftObjectiveC.dylib: signed Mach-O thin (arm64) [com.apple.dt.runtime.swiftObjectiveC]
2025-06-24 07:56:34 +0000  Entitlements for <IDEDistributionItem: 0x60003f637300; bundleID='com.apple.dt.runtime.swiftPhotos', path='<DVTFilePath:0x600023748d90:'/Users/citlogistics/Library/Developer/Xcode/Archives/2025-06-24/Runner 24-06-2025, 10.53.xcarchive/Products/Applications/Runner.app/Frameworks/libswiftPhotos.dylib'>', codeSigningInfo='<_DVTCodeSigningInformation_Path: 0x600037a5c280; isSigned='1', isAdHocSigned='0', signingCertificate='<DVTSigningCertificate: 0x60001691ff00; name='Apple Development: Benjamin Okwama (S87UA72Y9G)', hash='82F080B7ED3A11ADB516430728D944EDADEB699F', serialNumber='61BE2F0379D9C02F88BB2F0A226B93C8', certificateKinds='(
    "1.2.840.113635.100.6.1.12",
    "1.2.840.113635.100.6.1.2"
), issueDate='2025-05-15 07:27:09 +0000''>', entitlements='(null)', teamID='LV3WK67YPG', identifier='com.apple.dt.runtime.swiftPhotos', executablePath='<DVTFilePath:0x600023748d90:'/Users/citlogistics/Library/Developer/Xcode/Archives/2025-06-24/Runner 24-06-2025, 10.53.xcarchive/Products/Applications/Runner.app/Frameworks/libswiftPhotos.dylib'>', hardenedRuntime='0'>'>: {
}
2025-06-24 07:56:34 +0000  Associated App Clip Identifiers Filter: Skipping because "com.apple.developer.associated-appclip-app-identifiers" is not present
2025-06-24 07:56:34 +0000  Entitlements for <IDEDistributionItem: 0x60003f637300; bundleID='com.apple.dt.runtime.swiftPhotos', path='<DVTFilePath:0x600023748d90:'/Users/citlogistics/Library/Developer/Xcode/Archives/2025-06-24/Runner 24-06-2025, 10.53.xcarchive/Products/Applications/Runner.app/Frameworks/libswiftPhotos.dylib'>', codeSigningInfo='<_DVTCodeSigningInformation_Path: 0x600037a5c280; isSigned='1', isAdHocSigned='0', signingCertificate='<DVTSigningCertificate: 0x600012684540; name='Apple Development: Benjamin Okwama (S87UA72Y9G)', hash='82F080B7ED3A11ADB516430728D944EDADEB699F', serialNumber='61BE2F0379D9C02F88BB2F0A226B93C8', certificateKinds='(
    "1.2.840.113635.100.6.1.12",
    "1.2.840.113635.100.6.1.2"
), issueDate='2025-05-15 07:27:09 +0000''>', entitlements='(null)', teamID='LV3WK67YPG', identifier='com.apple.dt.runtime.swiftPhotos', executablePath='<DVTFilePath:0x600023748d90:'/Users/citlogistics/Library/Developer/Xcode/Archives/2025-06-24/Runner 24-06-2025, 10.53.xcarchive/Products/Applications/Runner.app/Frameworks/libswiftPhotos.dylib'>', hardenedRuntime='0'>'> are: {
}
2025-06-24 07:56:34 +0000  Writing entitlements for <IDEDistributionItem: 0x60003f637300; bundleID='com.apple.dt.runtime.swiftPhotos', path='<DVTFilePath:0x600023748d90:'/Users/citlogistics/Library/Developer/Xcode/Archives/2025-06-24/Runner 24-06-2025, 10.53.xcarchive/Products/Applications/Runner.app/Frameworks/libswiftPhotos.dylib'>', codeSigningInfo='<_DVTCodeSigningInformation_Path: 0x600037a5c280; isSigned='1', isAdHocSigned='0', signingCertificate='<DVTSigningCertificate: 0x60001691d8c0; name='Apple Development: Benjamin Okwama (S87UA72Y9G)', hash='82F080B7ED3A11ADB516430728D944EDADEB699F', serialNumber='61BE2F0379D9C02F88BB2F0A226B93C8', certificateKinds='(
    "1.2.840.113635.100.6.1.12",
    "1.2.840.113635.100.6.1.2"
), issueDate='2025-05-15 07:27:09 +0000''>', entitlements='(null)', teamID='LV3WK67YPG', identifier='com.apple.dt.runtime.swiftPhotos', executablePath='<DVTFilePath:0x600023748d90:'/Users/citlogistics/Library/Developer/Xcode/Archives/2025-06-24/Runner 24-06-2025, 10.53.xcarchive/Products/Applications/Runner.app/Frameworks/libswiftPhotos.dylib'>', hardenedRuntime='0'>'> to: /var/folders/fs/jyprtvb12cv490g4bbpmssyh0000gn/T/XcodeDistPipeline.~~~Eh3jHy/entitlements~~~Zzt01A
2025-06-24 07:56:34 +0000  invoking codesign: <NSConcreteTask: 0x60003bfb78e0; launchPath='/usr/bin/codesign', arguments='(
    "-f",
    "-s",
    82F080B7ED3A11ADB516430728D944EDADEB699F,
    "--entitlements",
    "/var/folders/fs/jyprtvb12cv490g4bbpmssyh0000gn/T/XcodeDistPipeline.~~~Eh3jHy/entitlements~~~Zzt01A",
    "--preserve-metadata=identifier,flags,runtime",
    "--generate-entitlement-der",
    "--strip-disallowed-xattrs",
    "-vvv",
    "/var/folders/fs/jyprtvb12cv490g4bbpmssyh0000gn/T/XcodeDistPipeline.~~~Eh3jHy/Root/Payload/Runner.app/Frameworks/libswiftPhotos.dylib"
)'>
2025-06-24 07:56:34 +0000  codesign output: /var/folders/fs/jyprtvb12cv490g4bbpmssyh0000gn/T/XcodeDistPipeline.~~~Eh3jHy/Root/Payload/Runner.app/Frameworks/libswiftPhotos.dylib: replacing existing signature
/var/folders/fs/jyprtvb12cv490g4bbpmssyh0000gn/T/XcodeDistPipeline.~~~Eh3jHy/Root/Payload/Runner.app/Frameworks/libswiftPhotos.dylib: signed Mach-O thin (arm64) [com.apple.dt.runtime.swiftPhotos]
2025-06-24 07:56:34 +0000  Entitlements for <IDEDistributionItem: 0x60003f6c2280; bundleID='com.apple.dt.runtime.swiftQuartzCore', path='<DVTFilePath:0x6000234b1500:'/Users/citlogistics/Library/Developer/Xcode/Archives/2025-06-24/Runner 24-06-2025, 10.53.xcarchive/Products/Applications/Runner.app/Frameworks/libswiftQuartzCore.dylib'>', codeSigningInfo='<_DVTCodeSigningInformation_Path: 0x600037a55bd0; isSigned='1', isAdHocSigned='0', signingCertificate='<DVTSigningCertificate: 0x60001691ff00; name='Apple Development: Benjamin Okwama (S87UA72Y9G)', hash='82F080B7ED3A11ADB516430728D944EDADEB699F', serialNumber='61BE2F0379D9C02F88BB2F0A226B93C8', certificateKinds='(
    "1.2.840.113635.100.6.1.12",
    "1.2.840.113635.100.6.1.2"
), issueDate='2025-05-15 07:27:09 +0000''>', entitlements='(null)', teamID='LV3WK67YPG', identifier='com.apple.dt.runtime.swiftQuartzCore', executablePath='<DVTFilePath:0x6000234b1500:'/Users/citlogistics/Library/Developer/Xcode/Archives/2025-06-24/Runner 24-06-2025, 10.53.xcarchive/Products/Applications/Runner.app/Frameworks/libswiftQuartzCore.dylib'>', hardenedRuntime='0'>'>: {
}
2025-06-24 07:56:34 +0000  Associated App Clip Identifiers Filter: Skipping because "com.apple.developer.associated-appclip-app-identifiers" is not present
2025-06-24 07:56:34 +0000  Entitlements for <IDEDistributionItem: 0x60003f6c2280; bundleID='com.apple.dt.runtime.swiftQuartzCore', path='<DVTFilePath:0x6000234b1500:'/Users/citlogistics/Library/Developer/Xcode/Archives/2025-06-24/Runner 24-06-2025, 10.53.xcarchive/Products/Applications/Runner.app/Frameworks/libswiftQuartzCore.dylib'>', codeSigningInfo='<_DVTCodeSigningInformation_Path: 0x600037a55bd0; isSigned='1', isAdHocSigned='0', signingCertificate='<DVTSigningCertificate: 0x600012684540; name='Apple Development: Benjamin Okwama (S87UA72Y9G)', hash='82F080B7ED3A11ADB516430728D944EDADEB699F', serialNumber='61BE2F0379D9C02F88BB2F0A226B93C8', certificateKinds='(
    "1.2.840.113635.100.6.1.12",
    "1.2.840.113635.100.6.1.2"
), issueDate='2025-05-15 07:27:09 +0000''>', entitlements='(null)', teamID='LV3WK67YPG', identifier='com.apple.dt.runtime.swiftQuartzCore', executablePath='<DVTFilePath:0x6000234b1500:'/Users/citlogistics/Library/Developer/Xcode/Archives/2025-06-24/Runner 24-06-2025, 10.53.xcarchive/Products/Applications/Runner.app/Frameworks/libswiftQuartzCore.dylib'>', hardenedRuntime='0'>'> are: {
}
2025-06-24 07:56:34 +0000  Writing entitlements for <IDEDistributionItem: 0x60003f6c2280; bundleID='com.apple.dt.runtime.swiftQuartzCore', path='<DVTFilePath:0x6000234b1500:'/Users/citlogistics/Library/Developer/Xcode/Archives/2025-06-24/Runner 24-06-2025, 10.53.xcarchive/Products/Applications/Runner.app/Frameworks/libswiftQuartzCore.dylib'>', codeSigningInfo='<_DVTCodeSigningInformation_Path: 0x600037a55bd0; isSigned='1', isAdHocSigned='0', signingCertificate='<DVTSigningCertificate: 0x600012687780; name='Apple Development: Benjamin Okwama (S87UA72Y9G)', hash='82F080B7ED3A11ADB516430728D944EDADEB699F', serialNumber='61BE2F0379D9C02F88BB2F0A226B93C8', certificateKinds='(
    "1.2.840.113635.100.6.1.12",
    "1.2.840.113635.100.6.1.2"
), issueDate='2025-05-15 07:27:09 +0000''>', entitlements='(null)', teamID='LV3WK67YPG', identifier='com.apple.dt.runtime.swiftQuartzCore', executablePath='<DVTFilePath:0x6000234b1500:'/Users/citlogistics/Library/Developer/Xcode/Archives/2025-06-24/Runner 24-06-2025, 10.53.xcarchive/Products/Applications/Runner.app/Frameworks/libswiftQuartzCore.dylib'>', hardenedRuntime='0'>'> to: /var/folders/fs/jyprtvb12cv490g4bbpmssyh0000gn/T/XcodeDistPipeline.~~~Eh3jHy/entitlements~~~K38FJa
2025-06-24 07:56:34 +0000  invoking codesign: <NSConcreteTask: 0x600037b4a030; launchPath='/usr/bin/codesign', arguments='(
    "-f",
    "-s",
    82F080B7ED3A11ADB516430728D944EDADEB699F,
    "--entitlements",
    "/var/folders/fs/jyprtvb12cv490g4bbpmssyh0000gn/T/XcodeDistPipeline.~~~Eh3jHy/entitlements~~~K38FJa",
    "--preserve-metadata=identifier,flags,runtime",
    "--generate-entitlement-der",
    "--strip-disallowed-xattrs",
    "-vvv",
    "/var/folders/fs/jyprtvb12cv490g4bbpmssyh0000gn/T/XcodeDistPipeline.~~~Eh3jHy/Root/Payload/Runner.app/Frameworks/libswiftQuartzCore.dylib"
)'>
2025-06-24 07:56:34 +0000  codesign output: /var/folders/fs/jyprtvb12cv490g4bbpmssyh0000gn/T/XcodeDistPipeline.~~~Eh3jHy/Root/Payload/Runner.app/Frameworks/libswiftQuartzCore.dylib: replacing existing signature
/var/folders/fs/jyprtvb12cv490g4bbpmssyh0000gn/T/XcodeDistPipeline.~~~Eh3jHy/Root/Payload/Runner.app/Frameworks/libswiftQuartzCore.dylib: signed Mach-O thin (arm64) [com.apple.dt.runtime.swiftQuartzCore]
2025-06-24 07:56:34 +0000  Entitlements for <IDEDistributionItem: 0x60003f6c1aa0; bundleID='com.apple.dt.runtime.swiftUIKit', path='<DVTFilePath:0x6000234b13b0:'/Users/citlogistics/Library/Developer/Xcode/Archives/2025-06-24/Runner 24-06-2025, 10.53.xcarchive/Products/Applications/Runner.app/Frameworks/libswiftUIKit.dylib'>', codeSigningInfo='<_DVTCodeSigningInformation_Path: 0x600037a06b20; isSigned='1', isAdHocSigned='0', signingCertificate='<DVTSigningCertificate: 0x600012684540; name='Apple Development: Benjamin Okwama (S87UA72Y9G)', hash='82F080B7ED3A11ADB516430728D944EDADEB699F', serialNumber='61BE2F0379D9C02F88BB2F0A226B93C8', certificateKinds='(
    "1.2.840.113635.100.6.1.12",
    "1.2.840.113635.100.6.1.2"
), issueDate='2025-05-15 07:27:09 +0000''>', entitlements='(null)', teamID='LV3WK67YPG', identifier='com.apple.dt.runtime.swiftUIKit', executablePath='<DVTFilePath:0x6000234b13b0:'/Users/citlogistics/Library/Developer/Xcode/Archives/2025-06-24/Runner 24-06-2025, 10.53.xcarchive/Products/Applications/Runner.app/Frameworks/libswiftUIKit.dylib'>', hardenedRuntime='0'>'>: {
}
2025-06-24 07:56:34 +0000  Associated App Clip Identifiers Filter: Skipping because "com.apple.developer.associated-appclip-app-identifiers" is not present
2025-06-24 07:56:34 +0000  Entitlements for <IDEDistributionItem: 0x60003f6c1aa0; bundleID='com.apple.dt.runtime.swiftUIKit', path='<DVTFilePath:0x6000234b13b0:'/Users/citlogistics/Library/Developer/Xcode/Archives/2025-06-24/Runner 24-06-2025, 10.53.xcarchive/Products/Applications/Runner.app/Frameworks/libswiftUIKit.dylib'>', codeSigningInfo='<_DVTCodeSigningInformation_Path: 0x600037a06b20; isSigned='1', isAdHocSigned='0', signingCertificate='<DVTSigningCertificate: 0x60001691ff00; name='Apple Development: Benjamin Okwama (S87UA72Y9G)', hash='82F080B7ED3A11ADB516430728D944EDADEB699F', serialNumber='61BE2F0379D9C02F88BB2F0A226B93C8', certificateKinds='(
    "1.2.840.113635.100.6.1.12",
    "1.2.840.113635.100.6.1.2"
), issueDate='2025-05-15 07:27:09 +0000''>', entitlements='(null)', teamID='LV3WK67YPG', identifier='com.apple.dt.runtime.swiftUIKit', executablePath='<DVTFilePath:0x6000234b13b0:'/Users/citlogistics/Library/Developer/Xcode/Archives/2025-06-24/Runner 24-06-2025, 10.53.xcarchive/Products/Applications/Runner.app/Frameworks/libswiftUIKit.dylib'>', hardenedRuntime='0'>'> are: {
}
2025-06-24 07:56:34 +0000  Writing entitlements for <IDEDistributionItem: 0x60003f6c1aa0; bundleID='com.apple.dt.runtime.swiftUIKit', path='<DVTFilePath:0x6000234b13b0:'/Users/citlogistics/Library/Developer/Xcode/Archives/2025-06-24/Runner 24-06-2025, 10.53.xcarchive/Products/Applications/Runner.app/Frameworks/libswiftUIKit.dylib'>', codeSigningInfo='<_DVTCodeSigningInformation_Path: 0x600037a06b20; isSigned='1', isAdHocSigned='0', signingCertificate='<DVTSigningCertificate: 0x600012687780; name='Apple Development: Benjamin Okwama (S87UA72Y9G)', hash='82F080B7ED3A11ADB516430728D944EDADEB699F', serialNumber='61BE2F0379D9C02F88BB2F0A226B93C8', certificateKinds='(
    "1.2.840.113635.100.6.1.12",
    "1.2.840.113635.100.6.1.2"
), issueDate='2025-05-15 07:27:09 +0000''>', entitlements='(null)', teamID='LV3WK67YPG', identifier='com.apple.dt.runtime.swiftUIKit', executablePath='<DVTFilePath:0x6000234b13b0:'/Users/citlogistics/Library/Developer/Xcode/Archives/2025-06-24/Runner 24-06-2025, 10.53.xcarchive/Products/Applications/Runner.app/Frameworks/libswiftUIKit.dylib'>', hardenedRuntime='0'>'> to: /var/folders/fs/jyprtvb12cv490g4bbpmssyh0000gn/T/XcodeDistPipeline.~~~Eh3jHy/entitlements~~~tbOQMZ
2025-06-24 07:56:34 +0000  invoking codesign: <NSConcreteTask: 0x600037b7b200; launchPath='/usr/bin/codesign', arguments='(
    "-f",
    "-s",
    82F080B7ED3A11ADB516430728D944EDADEB699F,
    "--entitlements",
    "/var/folders/fs/jyprtvb12cv490g4bbpmssyh0000gn/T/XcodeDistPipeline.~~~Eh3jHy/entitlements~~~tbOQMZ",
    "--preserve-metadata=identifier,flags,runtime",
    "--generate-entitlement-der",
    "--strip-disallowed-xattrs",
    "-vvv",
    "/var/folders/fs/jyprtvb12cv490g4bbpmssyh0000gn/T/XcodeDistPipeline.~~~Eh3jHy/Root/Payload/Runner.app/Frameworks/libswiftUIKit.dylib"
)'>
2025-06-24 07:56:34 +0000  codesign output: /var/folders/fs/jyprtvb12cv490g4bbpmssyh0000gn/T/XcodeDistPipeline.~~~Eh3jHy/Root/Payload/Runner.app/Frameworks/libswiftUIKit.dylib: replacing existing signature
/var/folders/fs/jyprtvb12cv490g4bbpmssyh0000gn/T/XcodeDistPipeline.~~~Eh3jHy/Root/Payload/Runner.app/Frameworks/libswiftUIKit.dylib: signed Mach-O thin (arm64) [com.apple.dt.runtime.swiftUIKit]
2025-06-24 07:56:34 +0000  Entitlements for <IDEDistributionItem: 0x60003f6c11a0; bundleID='com.apple.dt.runtime.swiftos', path='<DVTFilePath:0x600023748540:'/Users/citlogistics/Library/Developer/Xcode/Archives/2025-06-24/Runner 24-06-2025, 10.53.xcarchive/Products/Applications/Runner.app/Frameworks/libswiftos.dylib'>', codeSigningInfo='<_DVTCodeSigningInformation_Path: 0x600037a54a50; isSigned='1', isAdHocSigned='0', signingCertificate='<DVTSigningCertificate: 0x600012684540; name='Apple Development: Benjamin Okwama (S87UA72Y9G)', hash='82F080B7ED3A11ADB516430728D944EDADEB699F', serialNumber='61BE2F0379D9C02F88BB2F0A226B93C8', certificateKinds='(
    "1.2.840.113635.100.6.1.12",
    "1.2.840.113635.100.6.1.2"
), issueDate='2025-05-15 07:27:09 +0000''>', entitlements='(null)', teamID='LV3WK67YPG', identifier='com.apple.dt.runtime.swiftos', executablePath='<DVTFilePath:0x600023748540:'/Users/citlogistics/Library/Developer/Xcode/Archives/2025-06-24/Runner 24-06-2025, 10.53.xcarchive/Products/Applications/Runner.app/Frameworks/libswiftos.dylib'>', hardenedRuntime='0'>'>: {
}
2025-06-24 07:56:34 +0000  Associated App Clip Identifiers Filter: Skipping because "com.apple.developer.associated-appclip-app-identifiers" is not present
2025-06-24 07:56:34 +0000  Entitlements for <IDEDistributionItem: 0x60003f6c11a0; bundleID='com.apple.dt.runtime.swiftos', path='<DVTFilePath:0x600023748540:'/Users/citlogistics/Library/Developer/Xcode/Archives/2025-06-24/Runner 24-06-2025, 10.53.xcarchive/Products/Applications/Runner.app/Frameworks/libswiftos.dylib'>', codeSigningInfo='<_DVTCodeSigningInformation_Path: 0x600037a54a50; isSigned='1', isAdHocSigned='0', signingCertificate='<DVTSigningCertificate: 0x600012687780; name='Apple Development: Benjamin Okwama (S87UA72Y9G)', hash='82F080B7ED3A11ADB516430728D944EDADEB699F', serialNumber='61BE2F0379D9C02F88BB2F0A226B93C8', certificateKinds='(
    "1.2.840.113635.100.6.1.12",
    "1.2.840.113635.100.6.1.2"
), issueDate='2025-05-15 07:27:09 +0000''>', entitlements='(null)', teamID='LV3WK67YPG', identifier='com.apple.dt.runtime.swiftos', executablePath='<DVTFilePath:0x600023748540:'/Users/citlogistics/Library/Developer/Xcode/Archives/2025-06-24/Runner 24-06-2025, 10.53.xcarchive/Products/Applications/Runner.app/Frameworks/libswiftos.dylib'>', hardenedRuntime='0'>'> are: {
}
2025-06-24 07:56:34 +0000  Writing entitlements for <IDEDistributionItem: 0x60003f6c11a0; bundleID='com.apple.dt.runtime.swiftos', path='<DVTFilePath:0x600023748540:'/Users/citlogistics/Library/Developer/Xcode/Archives/2025-06-24/Runner 24-06-2025, 10.53.xcarchive/Products/Applications/Runner.app/Frameworks/libswiftos.dylib'>', codeSigningInfo='<_DVTCodeSigningInformation_Path: 0x600037a54a50; isSigned='1', isAdHocSigned='0', signingCertificate='<DVTSigningCertificate: 0x60001696c600; name='Apple Development: Benjamin Okwama (S87UA72Y9G)', hash='82F080B7ED3A11ADB516430728D944EDADEB699F', serialNumber='61BE2F0379D9C02F88BB2F0A226B93C8', certificateKinds='(
    "1.2.840.113635.100.6.1.12",
    "1.2.840.113635.100.6.1.2"
), issueDate='2025-05-15 07:27:09 +0000''>', entitlements='(null)', teamID='LV3WK67YPG', identifier='com.apple.dt.runtime.swiftos', executablePath='<DVTFilePath:0x600023748540:'/Users/citlogistics/Library/Developer/Xcode/Archives/2025-06-24/Runner 24-06-2025, 10.53.xcarchive/Products/Applications/Runner.app/Frameworks/libswiftos.dylib'>', hardenedRuntime='0'>'> to: /var/folders/fs/jyprtvb12cv490g4bbpmssyh0000gn/T/XcodeDistPipeline.~~~Eh3jHy/entitlements~~~uaGhSH
2025-06-24 07:56:34 +0000  invoking codesign: <NSConcreteTask: 0x600037b4a030; launchPath='/usr/bin/codesign', arguments='(
    "-f",
    "-s",
    82F080B7ED3A11ADB516430728D944EDADEB699F,
    "--entitlements",
    "/var/folders/fs/jyprtvb12cv490g4bbpmssyh0000gn/T/XcodeDistPipeline.~~~Eh3jHy/entitlements~~~uaGhSH",
    "--preserve-metadata=identifier,flags,runtime",
    "--generate-entitlement-der",
    "--strip-disallowed-xattrs",
    "-vvv",
    "/var/folders/fs/jyprtvb12cv490g4bbpmssyh0000gn/T/XcodeDistPipeline.~~~Eh3jHy/Root/Payload/Runner.app/Frameworks/libswiftos.dylib"
)'>
2025-06-24 07:56:34 +0000  codesign output: /var/folders/fs/jyprtvb12cv490g4bbpmssyh0000gn/T/XcodeDistPipeline.~~~Eh3jHy/Root/Payload/Runner.app/Frameworks/libswiftos.dylib: replacing existing signature
/var/folders/fs/jyprtvb12cv490g4bbpmssyh0000gn/T/XcodeDistPipeline.~~~Eh3jHy/Root/Payload/Runner.app/Frameworks/libswiftos.dylib: signed Mach-O thin (arm64) [com.apple.dt.runtime.swiftos]
2025-06-24 07:56:34 +0000  Entitlements for <IDEDistributionItem: 0x60003f6c10e0; bundleID='com.apple.dt.runtime.swiftsimd', path='<DVTFilePath:0x6000234b05b0:'/Users/citlogistics/Library/Developer/Xcode/Archives/2025-06-24/Runner 24-06-2025, 10.53.xcarchive/Products/Applications/Runner.app/Frameworks/libswiftsimd.dylib'>', codeSigningInfo='<_DVTCodeSigningInformation_Path: 0x600037a04050; isSigned='1', isAdHocSigned='0', signingCertificate='<DVTSigningCertificate: 0x60001695cb40; name='Apple Development: Benjamin Okwama (S87UA72Y9G)', hash='82F080B7ED3A11ADB516430728D944EDADEB699F', serialNumber='61BE2F0379D9C02F88BB2F0A226B93C8', certificateKinds='(
    "1.2.840.113635.100.6.1.12",
    "1.2.840.113635.100.6.1.2"
), issueDate='2025-05-15 07:27:09 +0000''>', entitlements='(null)', teamID='LV3WK67YPG', identifier='com.apple.dt.runtime.swiftsimd', executablePath='<DVTFilePath:0x6000234b05b0:'/Users/citlogistics/Library/Developer/Xcode/Archives/2025-06-24/Runner 24-06-2025, 10.53.xcarchive/Products/Applications/Runner.app/Frameworks/libswiftsimd.dylib'>', hardenedRuntime='0'>'>: {
}
2025-06-24 07:56:34 +0000  Associated App Clip Identifiers Filter: Skipping because "com.apple.developer.associated-appclip-app-identifiers" is not present
2025-06-24 07:56:34 +0000  Entitlements for <IDEDistributionItem: 0x60003f6c10e0; bundleID='com.apple.dt.runtime.swiftsimd', path='<DVTFilePath:0x6000234b05b0:'/Users/citlogistics/Library/Developer/Xcode/Archives/2025-06-24/Runner 24-06-2025, 10.53.xcarchive/Products/Applications/Runner.app/Frameworks/libswiftsimd.dylib'>', codeSigningInfo='<_DVTCodeSigningInformation_Path: 0x600037a04050; isSigned='1', isAdHocSigned='0', signingCertificate='<DVTSigningCertificate: 0x60001696c180; name='Apple Development: Benjamin Okwama (S87UA72Y9G)', hash='82F080B7ED3A11ADB516430728D944EDADEB699F', serialNumber='61BE2F0379D9C02F88BB2F0A226B93C8', certificateKinds='(
    "1.2.840.113635.100.6.1.12",
    "1.2.840.113635.100.6.1.2"
), issueDate='2025-05-15 07:27:09 +0000''>', entitlements='(null)', teamID='LV3WK67YPG', identifier='com.apple.dt.runtime.swiftsimd', executablePath='<DVTFilePath:0x6000234b05b0:'/Users/citlogistics/Library/Developer/Xcode/Archives/2025-06-24/Runner 24-06-2025, 10.53.xcarchive/Products/Applications/Runner.app/Frameworks/libswiftsimd.dylib'>', hardenedRuntime='0'>'> are: {
}
2025-06-24 07:56:34 +0000  Writing entitlements for <IDEDistributionItem: 0x60003f6c10e0; bundleID='com.apple.dt.runtime.swiftsimd', path='<DVTFilePath:0x6000234b05b0:'/Users/citlogistics/Library/Developer/Xcode/Archives/2025-06-24/Runner 24-06-2025, 10.53.xcarchive/Products/Applications/Runner.app/Frameworks/libswiftsimd.dylib'>', codeSigningInfo='<_DVTCodeSigningInformation_Path: 0x600037a04050; isSigned='1', isAdHocSigned='0', signingCertificate='<DVTSigningCertificate: 0x60001691d8c0; name='Apple Development: Benjamin Okwama (S87UA72Y9G)', hash='82F080B7ED3A11ADB516430728D944EDADEB699F', serialNumber='61BE2F0379D9C02F88BB2F0A226B93C8', certificateKinds='(
    "1.2.840.113635.100.6.1.12",
    "1.2.840.113635.100.6.1.2"
), issueDate='2025-05-15 07:27:09 +0000''>', entitlements='(null)', teamID='LV3WK67YPG', identifier='com.apple.dt.runtime.swiftsimd', executablePath='<DVTFilePath:0x6000234b05b0:'/Users/citlogistics/Library/Developer/Xcode/Archives/2025-06-24/Runner 24-06-2025, 10.53.xcarchive/Products/Applications/Runner.app/Frameworks/libswiftsimd.dylib'>', hardenedRuntime='0'>'> to: /var/folders/fs/jyprtvb12cv490g4bbpmssyh0000gn/T/XcodeDistPipeline.~~~Eh3jHy/entitlements~~~2acAzm
2025-06-24 07:56:34 +0000  invoking codesign: <NSConcreteTask: 0x600037b7b5c0; launchPath='/usr/bin/codesign', arguments='(
    "-f",
    "-s",
    82F080B7ED3A11ADB516430728D944EDADEB699F,
    "--entitlements",
    "/var/folders/fs/jyprtvb12cv490g4bbpmssyh0000gn/T/XcodeDistPipeline.~~~Eh3jHy/entitlements~~~2acAzm",
    "--preserve-metadata=identifier,flags,runtime",
    "--generate-entitlement-der",
    "--strip-disallowed-xattrs",
    "-vvv",
    "/var/folders/fs/jyprtvb12cv490g4bbpmssyh0000gn/T/XcodeDistPipeline.~~~Eh3jHy/Root/Payload/Runner.app/Frameworks/libswiftsimd.dylib"
)'>
2025-06-24 07:56:34 +0000  codesign output: /var/folders/fs/jyprtvb12cv490g4bbpmssyh0000gn/T/XcodeDistPipeline.~~~Eh3jHy/Root/Payload/Runner.app/Frameworks/libswiftsimd.dylib: replacing existing signature
/var/folders/fs/jyprtvb12cv490g4bbpmssyh0000gn/T/XcodeDistPipeline.~~~Eh3jHy/Root/Payload/Runner.app/Frameworks/libswiftsimd.dylib: signed Mach-O thin (arm64) [com.apple.dt.runtime.swiftsimd]
2025-06-24 07:56:34 +0000  Entitlements for <IDEDistributionItem: 0x60003f6c02a0; bundleID='org.cocoapods.path-provider-foundation', path='<DVTFilePath:0x600013014680:'/Users/citlogistics/Library/Developer/Xcode/Archives/2025-06-24/Runner 24-06-2025, 10.53.xcarchive/Products/Applications/Runner.app/Frameworks/path_provider_foundation.framework'>', codeSigningInfo='<_DVTCodeSigningInformation_Path: 0x600037a04b90; isSigned='1', isAdHocSigned='0', signingCertificate='<DVTSigningCertificate: 0x600012687780; name='Apple Development: Benjamin Okwama (S87UA72Y9G)', hash='82F080B7ED3A11ADB516430728D944EDADEB699F', serialNumber='61BE2F0379D9C02F88BB2F0A226B93C8', certificateKinds='(
    "1.2.840.113635.100.6.1.12",
    "1.2.840.113635.100.6.1.2"
), issueDate='2025-05-15 07:27:09 +0000''>', entitlements='(null)', teamID='LV3WK67YPG', identifier='org.cocoapods.path-provider-foundation', executablePath='<DVTFilePath:0x60002374c460:'/Users/citlogistics/Library/Developer/Xcode/Archives/2025-06-24/Runner 24-06-2025, 10.53.xcarchive/Products/Applications/Runner.app/Frameworks/path_provider_foundation.framework/path_provider_foundation'>', hardenedRuntime='0'>'>: {
}
2025-06-24 07:56:34 +0000  Associated App Clip Identifiers Filter: Skipping because "com.apple.developer.associated-appclip-app-identifiers" is not present
2025-06-24 07:56:34 +0000  Entitlements for <IDEDistributionItem: 0x60003f6c02a0; bundleID='org.cocoapods.path-provider-foundation', path='<DVTFilePath:0x600013014680:'/Users/citlogistics/Library/Developer/Xcode/Archives/2025-06-24/Runner 24-06-2025, 10.53.xcarchive/Products/Applications/Runner.app/Frameworks/path_provider_foundation.framework'>', codeSigningInfo='<_DVTCodeSigningInformation_Path: 0x600037a04b90; isSigned='1', isAdHocSigned='0', signingCertificate='<DVTSigningCertificate: 0x600012684540; name='Apple Development: Benjamin Okwama (S87UA72Y9G)', hash='82F080B7ED3A11ADB516430728D944EDADEB699F', serialNumber='61BE2F0379D9C02F88BB2F0A226B93C8', certificateKinds='(
    "1.2.840.113635.100.6.1.12",
    "1.2.840.113635.100.6.1.2"
), issueDate='2025-05-15 07:27:09 +0000''>', entitlements='(null)', teamID='LV3WK67YPG', identifier='org.cocoapods.path-provider-foundation', executablePath='<DVTFilePath:0x60002374c460:'/Users/citlogistics/Library/Developer/Xcode/Archives/2025-06-24/Runner 24-06-2025, 10.53.xcarchive/Products/Applications/Runner.app/Frameworks/path_provider_foundation.framework/path_provider_foundation'>', hardenedRuntime='0'>'> are: {
}
2025-06-24 07:56:34 +0000  Writing entitlements for <IDEDistributionItem: 0x60003f6c02a0; bundleID='org.cocoapods.path-provider-foundation', path='<DVTFilePath:0x600013014680:'/Users/citlogistics/Library/Developer/Xcode/Archives/2025-06-24/Runner 24-06-2025, 10.53.xcarchive/Products/Applications/Runner.app/Frameworks/path_provider_foundation.framework'>', codeSigningInfo='<_DVTCodeSigningInformation_Path: 0x600037a04b90; isSigned='1', isAdHocSigned='0', signingCertificate='<DVTSigningCertificate: 0x600012685b00; name='Apple Development: Benjamin Okwama (S87UA72Y9G)', hash='82F080B7ED3A11ADB516430728D944EDADEB699F', serialNumber='61BE2F0379D9C02F88BB2F0A226B93C8', certificateKinds='(
    "1.2.840.113635.100.6.1.12",
    "1.2.840.113635.100.6.1.2"
), issueDate='2025-05-15 07:27:09 +0000''>', entitlements='(null)', teamID='LV3WK67YPG', identifier='org.cocoapods.path-provider-foundation', executablePath='<DVTFilePath:0x60002374c460:'/Users/citlogistics/Library/Developer/Xcode/Archives/2025-06-24/Runner 24-06-2025, 10.53.xcarchive/Products/Applications/Runner.app/Frameworks/path_provider_foundation.framework/path_provider_foundation'>', hardenedRuntime='0'>'> to: /var/folders/fs/jyprtvb12cv490g4bbpmssyh0000gn/T/XcodeDistPipeline.~~~Eh3jHy/entitlements~~~3Jxf6I
2025-06-24 07:56:34 +0000  invoking codesign: <NSConcreteTask: 0x600037b7ab70; launchPath='/usr/bin/codesign', arguments='(
    "-f",
    "-s",
    82F080B7ED3A11ADB516430728D944EDADEB699F,
    "--entitlements",
    "/var/folders/fs/jyprtvb12cv490g4bbpmssyh0000gn/T/XcodeDistPipeline.~~~Eh3jHy/entitlements~~~3Jxf6I",
    "--preserve-metadata=identifier,flags,runtime",
    "--generate-entitlement-der",
    "--strip-disallowed-xattrs",
    "-vvv",
    "/var/folders/fs/jyprtvb12cv490g4bbpmssyh0000gn/T/XcodeDistPipeline.~~~Eh3jHy/Root/Payload/Runner.app/Frameworks/path_provider_foundation.framework"
)'>
2025-06-24 07:56:35 +0000  codesign output: /var/folders/fs/jyprtvb12cv490g4bbpmssyh0000gn/T/XcodeDistPipeline.~~~Eh3jHy/Root/Payload/Runner.app/Frameworks/path_provider_foundation.framework: replacing existing signature
/var/folders/fs/jyprtvb12cv490g4bbpmssyh0000gn/T/XcodeDistPipeline.~~~Eh3jHy/Root/Payload/Runner.app/Frameworks/path_provider_foundation.framework: signed bundle with Mach-O thin (arm64) [org.cocoapods.path-provider-foundation]
2025-06-24 07:56:35 +0000  Entitlements for <IDEDistributionItem: 0x60003f636e20; bundleID='org.cocoapods.shared-preferences-foundation', path='<DVTFilePath:0x60001302a180:'/Users/citlogistics/Library/Developer/Xcode/Archives/2025-06-24/Runner 24-06-2025, 10.53.xcarchive/Products/Applications/Runner.app/Frameworks/shared_preferences_foundation.framework'>', codeSigningInfo='<_DVTCodeSigningInformation_Path: 0x600037a5c780; isSigned='1', isAdHocSigned='0', signingCertificate='<DVTSigningCertificate: 0x60001695cb40; name='Apple Development: Benjamin Okwama (S87UA72Y9G)', hash='82F080B7ED3A11ADB516430728D944EDADEB699F', serialNumber='61BE2F0379D9C02F88BB2F0A226B93C8', certificateKinds='(
    "1.2.840.113635.100.6.1.12",
    "1.2.840.113635.100.6.1.2"
), issueDate='2025-05-15 07:27:09 +0000''>', entitlements='(null)', teamID='LV3WK67YPG', identifier='org.cocoapods.shared-preferences-foundation', executablePath='<DVTFilePath:0x60002349c070:'/Users/citlogistics/Library/Developer/Xcode/Archives/2025-06-24/Runner 24-06-2025, 10.53.xcarchive/Products/Applications/Runner.app/Frameworks/shared_preferences_foundation.framework/shared_preferences_foundation'>', hardenedRuntime='0'>'>: {
}
2025-06-24 07:56:35 +0000  Associated App Clip Identifiers Filter: Skipping because "com.apple.developer.associated-appclip-app-identifiers" is not present
2025-06-24 07:56:35 +0000  Entitlements for <IDEDistributionItem: 0x60003f636e20; bundleID='org.cocoapods.shared-preferences-foundation', path='<DVTFilePath:0x60001302a180:'/Users/citlogistics/Library/Developer/Xcode/Archives/2025-06-24/Runner 24-06-2025, 10.53.xcarchive/Products/Applications/Runner.app/Frameworks/shared_preferences_foundation.framework'>', codeSigningInfo='<_DVTCodeSigningInformation_Path: 0x600037a5c780; isSigned='1', isAdHocSigned='0', signingCertificate='<DVTSigningCertificate: 0x600012687780; name='Apple Development: Benjamin Okwama (S87UA72Y9G)', hash='82F080B7ED3A11ADB516430728D944EDADEB699F', serialNumber='61BE2F0379D9C02F88BB2F0A226B93C8', certificateKinds='(
    "1.2.840.113635.100.6.1.12",
    "1.2.840.113635.100.6.1.2"
), issueDate='2025-05-15 07:27:09 +0000''>', entitlements='(null)', teamID='LV3WK67YPG', identifier='org.cocoapods.shared-preferences-foundation', executablePath='<DVTFilePath:0x60002349c070:'/Users/citlogistics/Library/Developer/Xcode/Archives/2025-06-24/Runner 24-06-2025, 10.53.xcarchive/Products/Applications/Runner.app/Frameworks/shared_preferences_foundation.framework/shared_preferences_foundation'>', hardenedRuntime='0'>'> are: {
}
2025-06-24 07:56:35 +0000  Writing entitlements for <IDEDistributionItem: 0x60003f636e20; bundleID='org.cocoapods.shared-preferences-foundation', path='<DVTFilePath:0x60001302a180:'/Users/citlogistics/Library/Developer/Xcode/Archives/2025-06-24/Runner 24-06-2025, 10.53.xcarchive/Products/Applications/Runner.app/Frameworks/shared_preferences_foundation.framework'>', codeSigningInfo='<_DVTCodeSigningInformation_Path: 0x600037a5c780; isSigned='1', isAdHocSigned='0', signingCertificate='<DVTSigningCertificate: 0x60001691fb40; name='Apple Development: Benjamin Okwama (S87UA72Y9G)', hash='82F080B7ED3A11ADB516430728D944EDADEB699F', serialNumber='61BE2F0379D9C02F88BB2F0A226B93C8', certificateKinds='(
    "1.2.840.113635.100.6.1.12",
    "1.2.840.113635.100.6.1.2"
), issueDate='2025-05-15 07:27:09 +0000''>', entitlements='(null)', teamID='LV3WK67YPG', identifier='org.cocoapods.shared-preferences-foundation', executablePath='<DVTFilePath:0x60002349c070:'/Users/citlogistics/Library/Developer/Xcode/Archives/2025-06-24/Runner 24-06-2025, 10.53.xcarchive/Products/Applications/Runner.app/Frameworks/shared_preferences_foundation.framework/shared_preferences_foundation'>', hardenedRuntime='0'>'> to: /var/folders/fs/jyprtvb12cv490g4bbpmssyh0000gn/T/XcodeDistPipeline.~~~Eh3jHy/entitlements~~~YIGeSx
2025-06-24 07:56:35 +0000  invoking codesign: <NSConcreteTask: 0x60003bfb7610; launchPath='/usr/bin/codesign', arguments='(
    "-f",
    "-s",
    82F080B7ED3A11ADB516430728D944EDADEB699F,
    "--entitlements",
    "/var/folders/fs/jyprtvb12cv490g4bbpmssyh0000gn/T/XcodeDistPipeline.~~~Eh3jHy/entitlements~~~YIGeSx",
    "--preserve-metadata=identifier,flags,runtime",
    "--generate-entitlement-der",
    "--strip-disallowed-xattrs",
    "-vvv",
    "/var/folders/fs/jyprtvb12cv490g4bbpmssyh0000gn/T/XcodeDistPipeline.~~~Eh3jHy/Root/Payload/Runner.app/Frameworks/shared_preferences_foundation.framework"
)'>
2025-06-24 07:56:35 +0000  codesign output: /var/folders/fs/jyprtvb12cv490g4bbpmssyh0000gn/T/XcodeDistPipeline.~~~Eh3jHy/Root/Payload/Runner.app/Frameworks/shared_preferences_foundation.framework: replacing existing signature
/var/folders/fs/jyprtvb12cv490g4bbpmssyh0000gn/T/XcodeDistPipeline.~~~Eh3jHy/Root/Payload/Runner.app/Frameworks/shared_preferences_foundation.framework: signed bundle with Mach-O thin (arm64) [org.cocoapods.shared-preferences-foundation]
2025-06-24 07:56:35 +0000  Entitlements for <IDEDistributionItem: 0x60003f6c1b00; bundleID='org.cocoapods.sqflite-darwin', path='<DVTFilePath:0x60002349c2a0:'/Users/citlogistics/Library/Developer/Xcode/Archives/2025-06-24/Runner 24-06-2025, 10.53.xcarchive/Products/Applications/Runner.app/Frameworks/sqflite_darwin.framework'>', codeSigningInfo='<_DVTCodeSigningInformation_Path: 0x600037a5e580; isSigned='1', isAdHocSigned='0', signingCertificate='<DVTSigningCertificate: 0x60001691fb40; name='Apple Development: Benjamin Okwama (S87UA72Y9G)', hash='82F080B7ED3A11ADB516430728D944EDADEB699F', serialNumber='61BE2F0379D9C02F88BB2F0A226B93C8', certificateKinds='(
    "1.2.840.113635.100.6.1.12",
    "1.2.840.113635.100.6.1.2"
), issueDate='2025-05-15 07:27:09 +0000''>', entitlements='(null)', teamID='LV3WK67YPG', identifier='org.cocoapods.sqflite-darwin', executablePath='<DVTFilePath:0x60003f6f9560:'/Users/citlogistics/Library/Developer/Xcode/Archives/2025-06-24/Runner 24-06-2025, 10.53.xcarchive/Products/Applications/Runner.app/Frameworks/sqflite_darwin.framework/sqflite_darwin'>', hardenedRuntime='0'>'>: {
}
2025-06-24 07:56:35 +0000  Associated App Clip Identifiers Filter: Skipping because "com.apple.developer.associated-appclip-app-identifiers" is not present
2025-06-24 07:56:35 +0000  Entitlements for <IDEDistributionItem: 0x60003f6c1b00; bundleID='org.cocoapods.sqflite-darwin', path='<DVTFilePath:0x60002349c2a0:'/Users/citlogistics/Library/Developer/Xcode/Archives/2025-06-24/Runner 24-06-2025, 10.53.xcarchive/Products/Applications/Runner.app/Frameworks/sqflite_darwin.framework'>', codeSigningInfo='<_DVTCodeSigningInformation_Path: 0x600037a5e580; isSigned='1', isAdHocSigned='0', signingCertificate='<DVTSigningCertificate: 0x60001691ff00; name='Apple Development: Benjamin Okwama (S87UA72Y9G)', hash='82F080B7ED3A11ADB516430728D944EDADEB699F', serialNumber='61BE2F0379D9C02F88BB2F0A226B93C8', certificateKinds='(
    "1.2.840.113635.100.6.1.12",
    "1.2.840.113635.100.6.1.2"
), issueDate='2025-05-15 07:27:09 +0000''>', entitlements='(null)', teamID='LV3WK67YPG', identifier='org.cocoapods.sqflite-darwin', executablePath='<DVTFilePath:0x60003f6f9560:'/Users/citlogistics/Library/Developer/Xcode/Archives/2025-06-24/Runner 24-06-2025, 10.53.xcarchive/Products/Applications/Runner.app/Frameworks/sqflite_darwin.framework/sqflite_darwin'>', hardenedRuntime='0'>'> are: {
}
2025-06-24 07:56:35 +0000  Writing entitlements for <IDEDistributionItem: 0x60003f6c1b00; bundleID='org.cocoapods.sqflite-darwin', path='<DVTFilePath:0x60002349c2a0:'/Users/citlogistics/Library/Developer/Xcode/Archives/2025-06-24/Runner 24-06-2025, 10.53.xcarchive/Products/Applications/Runner.app/Frameworks/sqflite_darwin.framework'>', codeSigningInfo='<_DVTCodeSigningInformation_Path: 0x600037a5e580; isSigned='1', isAdHocSigned='0', signingCertificate='<DVTSigningCertificate: 0x60001691d8c0; name='Apple Development: Benjamin Okwama (S87UA72Y9G)', hash='82F080B7ED3A11ADB516430728D944EDADEB699F', serialNumber='61BE2F0379D9C02F88BB2F0A226B93C8', certificateKinds='(
    "1.2.840.113635.100.6.1.12",
    "1.2.840.113635.100.6.1.2"
), issueDate='2025-05-15 07:27:09 +0000''>', entitlements='(null)', teamID='LV3WK67YPG', identifier='org.cocoapods.sqflite-darwin', executablePath='<DVTFilePath:0x60003f6f9560:'/Users/citlogistics/Library/Developer/Xcode/Archives/2025-06-24/Runner 24-06-2025, 10.53.xcarchive/Products/Applications/Runner.app/Frameworks/sqflite_darwin.framework/sqflite_darwin'>', hardenedRuntime='0'>'> to: /var/folders/fs/jyprtvb12cv490g4bbpmssyh0000gn/T/XcodeDistPipeline.~~~Eh3jHy/entitlements~~~iObFfZ
2025-06-24 07:56:35 +0000  invoking codesign: <NSConcreteTask: 0x60003bfb3b60; launchPath='/usr/bin/codesign', arguments='(
    "-f",
    "-s",
    82F080B7ED3A11ADB516430728D944EDADEB699F,
    "--entitlements",
    "/var/folders/fs/jyprtvb12cv490g4bbpmssyh0000gn/T/XcodeDistPipeline.~~~Eh3jHy/entitlements~~~iObFfZ",
    "--preserve-metadata=identifier,flags,runtime",
    "--generate-entitlement-der",
    "--strip-disallowed-xattrs",
    "-vvv",
    "/var/folders/fs/jyprtvb12cv490g4bbpmssyh0000gn/T/XcodeDistPipeline.~~~Eh3jHy/Root/Payload/Runner.app/Frameworks/sqflite_darwin.framework"
)'>
2025-06-24 07:56:35 +0000  codesign output: /var/folders/fs/jyprtvb12cv490g4bbpmssyh0000gn/T/XcodeDistPipeline.~~~Eh3jHy/Root/Payload/Runner.app/Frameworks/sqflite_darwin.framework: replacing existing signature
/var/folders/fs/jyprtvb12cv490g4bbpmssyh0000gn/T/XcodeDistPipeline.~~~Eh3jHy/Root/Payload/Runner.app/Frameworks/sqflite_darwin.framework: signed bundle with Mach-O thin (arm64) [org.cocoapods.sqflite-darwin]
2025-06-24 07:56:35 +0000  Entitlements for <IDEDistributionItem: 0x60003f634360; bundleID='org.cocoapods.url-launcher-ios', path='<DVTFilePath:0x6000234981c0:'/Users/citlogistics/Library/Developer/Xcode/Archives/2025-06-24/Runner 24-06-2025, 10.53.xcarchive/Products/Applications/Runner.app/Frameworks/url_launcher_ios.framework'>', codeSigningInfo='<_DVTCodeSigningInformation_Path: 0x600037a1c5a0; isSigned='1', isAdHocSigned='0', signingCertificate='<DVTSigningCertificate: 0x60001696c180; name='Apple Development: Benjamin Okwama (S87UA72Y9G)', hash='82F080B7ED3A11ADB516430728D944EDADEB699F', serialNumber='61BE2F0379D9C02F88BB2F0A226B93C8', certificateKinds='(
    "1.2.840.113635.100.6.1.12",
    "1.2.840.113635.100.6.1.2"
), issueDate='2025-05-15 07:27:09 +0000''>', entitlements='(null)', teamID='LV3WK67YPG', identifier='org.cocoapods.url-launcher-ios', executablePath='<DVTFilePath:0x600023498310:'/Users/citlogistics/Library/Developer/Xcode/Archives/2025-06-24/Runner 24-06-2025, 10.53.xcarchive/Products/Applications/Runner.app/Frameworks/url_launcher_ios.framework/url_launcher_ios'>', hardenedRuntime='0'>'>: {
}
2025-06-24 07:56:35 +0000  Associated App Clip Identifiers Filter: Skipping because "com.apple.developer.associated-appclip-app-identifiers" is not present
2025-06-24 07:56:35 +0000  Entitlements for <IDEDistributionItem: 0x60003f634360; bundleID='org.cocoapods.url-launcher-ios', path='<DVTFilePath:0x6000234981c0:'/Users/citlogistics/Library/Developer/Xcode/Archives/2025-06-24/Runner 24-06-2025, 10.53.xcarchive/Products/Applications/Runner.app/Frameworks/url_launcher_ios.framework'>', codeSigningInfo='<_DVTCodeSigningInformation_Path: 0x600037a1c5a0; isSigned='1', isAdHocSigned='0', signingCertificate='<DVTSigningCertificate: 0x60001691fb40; name='Apple Development: Benjamin Okwama (S87UA72Y9G)', hash='82F080B7ED3A11ADB516430728D944EDADEB699F', serialNumber='61BE2F0379D9C02F88BB2F0A226B93C8', certificateKinds='(
    "1.2.840.113635.100.6.1.12",
    "1.2.840.113635.100.6.1.2"
), issueDate='2025-05-15 07:27:09 +0000''>', entitlements='(null)', teamID='LV3WK67YPG', identifier='org.cocoapods.url-launcher-ios', executablePath='<DVTFilePath:0x600023498310:'/Users/citlogistics/Library/Developer/Xcode/Archives/2025-06-24/Runner 24-06-2025, 10.53.xcarchive/Products/Applications/Runner.app/Frameworks/url_launcher_ios.framework/url_launcher_ios'>', hardenedRuntime='0'>'> are: {
}
2025-06-24 07:56:35 +0000  Writing entitlements for <IDEDistributionItem: 0x60003f634360; bundleID='org.cocoapods.url-launcher-ios', path='<DVTFilePath:0x6000234981c0:'/Users/citlogistics/Library/Developer/Xcode/Archives/2025-06-24/Runner 24-06-2025, 10.53.xcarchive/Products/Applications/Runner.app/Frameworks/url_launcher_ios.framework'>', codeSigningInfo='<_DVTCodeSigningInformation_Path: 0x600037a1c5a0; isSigned='1', isAdHocSigned='0', signingCertificate='<DVTSigningCertificate: 0x600012687780; name='Apple Development: Benjamin Okwama (S87UA72Y9G)', hash='82F080B7ED3A11ADB516430728D944EDADEB699F', serialNumber='61BE2F0379D9C02F88BB2F0A226B93C8', certificateKinds='(
    "1.2.840.113635.100.6.1.12",
    "1.2.840.113635.100.6.1.2"
), issueDate='2025-05-15 07:27:09 +0000''>', entitlements='(null)', teamID='LV3WK67YPG', identifier='org.cocoapods.url-launcher-ios', executablePath='<DVTFilePath:0x600023498310:'/Users/citlogistics/Library/Developer/Xcode/Archives/2025-06-24/Runner 24-06-2025, 10.53.xcarchive/Products/Applications/Runner.app/Frameworks/url_launcher_ios.framework/url_launcher_ios'>', hardenedRuntime='0'>'> to: /var/folders/fs/jyprtvb12cv490g4bbpmssyh0000gn/T/XcodeDistPipeline.~~~Eh3jHy/entitlements~~~Nxenwz
2025-06-24 07:56:35 +0000  invoking codesign: <NSConcreteTask: 0x60003bfb7520; launchPath='/usr/bin/codesign', arguments='(
    "-f",
    "-s",
    82F080B7ED3A11ADB516430728D944EDADEB699F,
    "--entitlements",
    "/var/folders/fs/jyprtvb12cv490g4bbpmssyh0000gn/T/XcodeDistPipeline.~~~Eh3jHy/entitlements~~~Nxenwz",
    "--preserve-metadata=identifier,flags,runtime",
    "--generate-entitlement-der",
    "--strip-disallowed-xattrs",
    "-vvv",
    "/var/folders/fs/jyprtvb12cv490g4bbpmssyh0000gn/T/XcodeDistPipeline.~~~Eh3jHy/Root/Payload/Runner.app/Frameworks/url_launcher_ios.framework"
)'>
2025-06-24 07:56:35 +0000  codesign output: /var/folders/fs/jyprtvb12cv490g4bbpmssyh0000gn/T/XcodeDistPipeline.~~~Eh3jHy/Root/Payload/Runner.app/Frameworks/url_launcher_ios.framework: replacing existing signature
/var/folders/fs/jyprtvb12cv490g4bbpmssyh0000gn/T/XcodeDistPipeline.~~~Eh3jHy/Root/Payload/Runner.app/Frameworks/url_launcher_ios.framework: signed bundle with Mach-O thin (arm64) [org.cocoapods.url-launcher-ios]
2025-06-24 07:56:35 +0000  Entitlements for <IDEDistributionItem: 0x60003f636100; bundleID='org.cocoapods.workmanager', path='<DVTFilePath:0x6000234985b0:'/Users/citlogistics/Library/Developer/Xcode/Archives/2025-06-24/Runner 24-06-2025, 10.53.xcarchive/Products/Applications/Runner.app/Frameworks/workmanager.framework'>', codeSigningInfo='<_DVTCodeSigningInformation_Path: 0x600037a1d220; isSigned='1', isAdHocSigned='0', signingCertificate='<DVTSigningCertificate: 0x60001691fb40; name='Apple Development: Benjamin Okwama (S87UA72Y9G)', hash='82F080B7ED3A11ADB516430728D944EDADEB699F', serialNumber='61BE2F0379D9C02F88BB2F0A226B93C8', certificateKinds='(
    "1.2.840.113635.100.6.1.12",
    "1.2.840.113635.100.6.1.2"
), issueDate='2025-05-15 07:27:09 +0000''>', entitlements='(null)', teamID='LV3WK67YPG', identifier='org.cocoapods.workmanager', executablePath='<DVTFilePath:0x60003f6f96e0:'/Users/citlogistics/Library/Developer/Xcode/Archives/2025-06-24/Runner 24-06-2025, 10.53.xcarchive/Products/Applications/Runner.app/Frameworks/workmanager.framework/workmanager'>', hardenedRuntime='0'>'>: {
}
2025-06-24 07:56:35 +0000  Associated App Clip Identifiers Filter: Skipping because "com.apple.developer.associated-appclip-app-identifiers" is not present
2025-06-24 07:56:35 +0000  Entitlements for <IDEDistributionItem: 0x60003f636100; bundleID='org.cocoapods.workmanager', path='<DVTFilePath:0x6000234985b0:'/Users/citlogistics/Library/Developer/Xcode/Archives/2025-06-24/Runner 24-06-2025, 10.53.xcarchive/Products/Applications/Runner.app/Frameworks/workmanager.framework'>', codeSigningInfo='<_DVTCodeSigningInformation_Path: 0x600037a1d220; isSigned='1', isAdHocSigned='0', signingCertificate='<DVTSigningCertificate: 0x60001695c600; name='Apple Development: Benjamin Okwama (S87UA72Y9G)', hash='82F080B7ED3A11ADB516430728D944EDADEB699F', serialNumber='61BE2F0379D9C02F88BB2F0A226B93C8', certificateKinds='(
    "1.2.840.113635.100.6.1.12",
    "1.2.840.113635.100.6.1.2"
), issueDate='2025-05-15 07:27:09 +0000''>', entitlements='(null)', teamID='LV3WK67YPG', identifier='org.cocoapods.workmanager', executablePath='<DVTFilePath:0x60003f6f96e0:'/Users/citlogistics/Library/Developer/Xcode/Archives/2025-06-24/Runner 24-06-2025, 10.53.xcarchive/Products/Applications/Runner.app/Frameworks/workmanager.framework/workmanager'>', hardenedRuntime='0'>'> are: {
}
2025-06-24 07:56:35 +0000  Writing entitlements for <IDEDistributionItem: 0x60003f636100; bundleID='org.cocoapods.workmanager', path='<DVTFilePath:0x6000234985b0:'/Users/citlogistics/Library/Developer/Xcode/Archives/2025-06-24/Runner 24-06-2025, 10.53.xcarchive/Products/Applications/Runner.app/Frameworks/workmanager.framework'>', codeSigningInfo='<_DVTCodeSigningInformation_Path: 0x600037a1d220; isSigned='1', isAdHocSigned='0', signingCertificate='<DVTSigningCertificate: 0x60001696c180; name='Apple Development: Benjamin Okwama (S87UA72Y9G)', hash='82F080B7ED3A11ADB516430728D944EDADEB699F', serialNumber='61BE2F0379D9C02F88BB2F0A226B93C8', certificateKinds='(
    "1.2.840.113635.100.6.1.12",
    "1.2.840.113635.100.6.1.2"
), issueDate='2025-05-15 07:27:09 +0000''>', entitlements='(null)', teamID='LV3WK67YPG', identifier='org.cocoapods.workmanager', executablePath='<DVTFilePath:0x60003f6f96e0:'/Users/citlogistics/Library/Developer/Xcode/Archives/2025-06-24/Runner 24-06-2025, 10.53.xcarchive/Products/Applications/Runner.app/Frameworks/workmanager.framework/workmanager'>', hardenedRuntime='0'>'> to: /var/folders/fs/jyprtvb12cv490g4bbpmssyh0000gn/T/XcodeDistPipeline.~~~Eh3jHy/entitlements~~~glSEKl
2025-06-24 07:56:35 +0000  invoking codesign: <NSConcreteTask: 0x60003bfa2d00; launchPath='/usr/bin/codesign', arguments='(
    "-f",
    "-s",
    82F080B7ED3A11ADB516430728D944EDADEB699F,
    "--entitlements",
    "/var/folders/fs/jyprtvb12cv490g4bbpmssyh0000gn/T/XcodeDistPipeline.~~~Eh3jHy/entitlements~~~glSEKl",
    "--preserve-metadata=identifier,flags,runtime",
    "--generate-entitlement-der",
    "--strip-disallowed-xattrs",
    "-vvv",
    "/var/folders/fs/jyprtvb12cv490g4bbpmssyh0000gn/T/XcodeDistPipeline.~~~Eh3jHy/Root/Payload/Runner.app/Frameworks/workmanager.framework"
)'>
2025-06-24 07:56:35 +0000  codesign output: /var/folders/fs/jyprtvb12cv490g4bbpmssyh0000gn/T/XcodeDistPipeline.~~~Eh3jHy/Root/Payload/Runner.app/Frameworks/workmanager.framework: replacing existing signature
/var/folders/fs/jyprtvb12cv490g4bbpmssyh0000gn/T/XcodeDistPipeline.~~~Eh3jHy/Root/Payload/Runner.app/Frameworks/workmanager.framework: signed bundle with Mach-O thin (arm64) [org.cocoapods.workmanager]
2025-06-24 07:56:35 +0000  Entitlements for <IDEDistributionItem: 0x60003f6d93e0; bundleID='com.bmsecurity.drivers', path='<DVTFilePath:0x60003f68df20:'/Users/citlogistics/Library/Developer/Xcode/Archives/2025-06-24/Runner 24-06-2025, 10.53.xcarchive/Products/Applications/Runner.app'>', codeSigningInfo='<_DVTCodeSigningInformation_Path: 0x600037a1c550; isSigned='1', isAdHocSigned='0', signingCertificate='<DVTSigningCertificate: 0x60001691ff00; name='Apple Development: Benjamin Okwama (S87UA72Y9G)', hash='82F080B7ED3A11ADB516430728D944EDADEB699F', serialNumber='61BE2F0379D9C02F88BB2F0A226B93C8', certificateKinds='(
    "1.2.840.113635.100.6.1.12",
    "1.2.840.113635.100.6.1.2"
), issueDate='2025-05-15 07:27:09 +0000''>', entitlements='{
    "application-identifier" = "LV3WK67YPG.com.bmsecurity.drivers";
    "com.apple.developer.team-identifier" = LV3WK67YPG;
    "get-task-allow" = 1;
}', teamID='LV3WK67YPG', identifier='com.bmsecurity.drivers', executablePath='<DVTFilePath:0x60003f6e5ce0:'/Users/citlogistics/Library/Developer/Xcode/Archives/2025-06-24/Runner 24-06-2025, 10.53.xcarchive/Products/Applications/Runner.app/Runner'>', hardenedRuntime='0'>'>: {
    "application-identifier" = "LV3WK67YPG.com.bmsecurity.drivers";
    "com.apple.developer.team-identifier" = LV3WK67YPG;
    "get-task-allow" = 1;
}
2025-06-24 07:56:35 +0000  Associated App Clip Identifiers Filter: Skipping because "com.apple.developer.associated-appclip-app-identifiers" is not present
2025-06-24 07:56:35 +0000  Entitlements for <IDEDistributionItem: 0x60003f6d93e0; bundleID='com.bmsecurity.drivers', path='<DVTFilePath:0x60003f68df20:'/Users/citlogistics/Library/Developer/Xcode/Archives/2025-06-24/Runner 24-06-2025, 10.53.xcarchive/Products/Applications/Runner.app'>', codeSigningInfo='<_DVTCodeSigningInformation_Path: 0x600037a1c550; isSigned='1', isAdHocSigned='0', signingCertificate='<DVTSigningCertificate: 0x60001695d440; name='Apple Development: Benjamin Okwama (S87UA72Y9G)', hash='82F080B7ED3A11ADB516430728D944EDADEB699F', serialNumber='61BE2F0379D9C02F88BB2F0A226B93C8', certificateKinds='(
    "1.2.840.113635.100.6.1.12",
    "1.2.840.113635.100.6.1.2"
), issueDate='2025-05-15 07:27:09 +0000''>', entitlements='{
    "application-identifier" = "LV3WK67YPG.com.bmsecurity.drivers";
    "com.apple.developer.team-identifier" = LV3WK67YPG;
    "get-task-allow" = 1;
}', teamID='LV3WK67YPG', identifier='com.bmsecurity.drivers', executablePath='<DVTFilePath:0x60003f6e5ce0:'/Users/citlogistics/Library/Developer/Xcode/Archives/2025-06-24/Runner 24-06-2025, 10.53.xcarchive/Products/Applications/Runner.app/Runner'>', hardenedRuntime='0'>'> are: {
    "application-identifier" = "LV3WK67YPG.com.bmsecurity.drivers";
    "com.apple.developer.team-identifier" = LV3WK67YPG;
    "get-task-allow" = 1;
}
2025-06-24 07:56:35 +0000  Writing entitlements for <IDEDistributionItem: 0x60003f6d93e0; bundleID='com.bmsecurity.drivers', path='<DVTFilePath:0x60003f68df20:'/Users/citlogistics/Library/Developer/Xcode/Archives/2025-06-24/Runner 24-06-2025, 10.53.xcarchive/Products/Applications/Runner.app'>', codeSigningInfo='<_DVTCodeSigningInformation_Path: 0x600037a1c550; isSigned='1', isAdHocSigned='0', signingCertificate='<DVTSigningCertificate: 0x60001691dbc0; name='Apple Development: Benjamin Okwama (S87UA72Y9G)', hash='82F080B7ED3A11ADB516430728D944EDADEB699F', serialNumber='61BE2F0379D9C02F88BB2F0A226B93C8', certificateKinds='(
    "1.2.840.113635.100.6.1.12",
    "1.2.840.113635.100.6.1.2"
), issueDate='2025-05-15 07:27:09 +0000''>', entitlements='{
    "application-identifier" = "LV3WK67YPG.com.bmsecurity.drivers";
    "com.apple.developer.team-identifier" = LV3WK67YPG;
    "get-task-allow" = 1;
}', teamID='LV3WK67YPG', identifier='com.bmsecurity.drivers', executablePath='<DVTFilePath:0x60003f6e5ce0:'/Users/citlogistics/Library/Developer/Xcode/Archives/2025-06-24/Runner 24-06-2025, 10.53.xcarchive/Products/Applications/Runner.app/Runner'>', hardenedRuntime='0'>'> to: /var/folders/fs/jyprtvb12cv490g4bbpmssyh0000gn/T/XcodeDistPipeline.~~~Eh3jHy/entitlements~~~ksLofY
2025-06-24 07:56:35 +0000  invoking codesign: <NSConcreteTask: 0x60003bfb7ed0; launchPath='/usr/bin/codesign', arguments='(
    "-f",
    "-s",
    82F080B7ED3A11ADB516430728D944EDADEB699F,
    "--entitlements",
    "/var/folders/fs/jyprtvb12cv490g4bbpmssyh0000gn/T/XcodeDistPipeline.~~~Eh3jHy/entitlements~~~ksLofY",
    "--preserve-metadata=identifier,flags,runtime",
    "--generate-entitlement-der",
    "--strip-disallowed-xattrs",
    "-vvv",
    "/var/folders/fs/jyprtvb12cv490g4bbpmssyh0000gn/T/XcodeDistPipeline.~~~Eh3jHy/Root/Payload/Runner.app"
)'>
2025-06-24 07:56:36 +0000  codesign output: /var/folders/fs/jyprtvb12cv490g4bbpmssyh0000gn/T/XcodeDistPipeline.~~~Eh3jHy/Root/Payload/Runner.app: replacing existing signature
/var/folders/fs/jyprtvb12cv490g4bbpmssyh0000gn/T/XcodeDistPipeline.~~~Eh3jHy/Root/Payload/Runner.app: signed app bundle with Mach-O thin (arm64) [com.bmsecurity.drivers]
2025-06-24 07:56:36 +0000  Processing step: IDEDistributionZipODRItemStep
2025-06-24 07:56:36 +0000  Skipping step: IDEDistributionZipODRItemStep because it said so
2025-06-24 07:56:36 +0000  Skipping step: IDEDistributionZipODRItemStep because it said so
2025-06-24 07:56:36 +0000  Skipping step: IDEDistributionZipODRItemStep because it said so
2025-06-24 07:56:36 +0000  Skipping step: IDEDistributionZipODRItemStep because it said so
2025-06-24 07:56:36 +0000  Skipping step: IDEDistributionZipODRItemStep because it said so
2025-06-24 07:56:36 +0000  Skipping step: IDEDistributionZipODRItemStep because it said so
2025-06-24 07:56:36 +0000  Skipping step: IDEDistributionZipODRItemStep because it said so
2025-06-24 07:56:36 +0000  Skipping step: IDEDistributionZipODRItemStep because it said so
2025-06-24 07:56:36 +0000  Skipping step: IDEDistributionZipODRItemStep because it said so
2025-06-24 07:56:36 +0000  Skipping step: IDEDistributionZipODRItemStep because it said so
2025-06-24 07:56:36 +0000  Skipping step: IDEDistributionZipODRItemStep because it said so
2025-06-24 07:56:36 +0000  Skipping step: IDEDistributionZipODRItemStep because it said so
2025-06-24 07:56:36 +0000  Skipping step: IDEDistributionZipODRItemStep because it said so
2025-06-24 07:56:36 +0000  Skipping step: IDEDistributionZipODRItemStep because it said so
2025-06-24 07:56:36 +0000  Skipping step: IDEDistributionZipODRItemStep because it said so
2025-06-24 07:56:36 +0000  Skipping step: IDEDistributionZipODRItemStep because it said so
2025-06-24 07:56:36 +0000  Skipping step: IDEDistributionZipODRItemStep because it said so
2025-06-24 07:56:36 +0000  Skipping step: IDEDistributionZipODRItemStep because it said so
2025-06-24 07:56:36 +0000  Skipping step: IDEDistributionZipODRItemStep because it said so
2025-06-24 07:56:36 +0000  Skipping step: IDEDistributionZipODRItemStep because it said so
2025-06-24 07:56:36 +0000  Skipping step: IDEDistributionZipODRItemStep because it said so
2025-06-24 07:56:36 +0000  Skipping step: IDEDistributionZipODRItemStep because it said so
2025-06-24 07:56:36 +0000  Skipping step: IDEDistributionZipODRItemStep because it said so
2025-06-24 07:56:36 +0000  Skipping step: IDEDistributionZipODRItemStep because it said so
2025-06-24 07:56:36 +0000  Skipping step: IDEDistributionZipODRItemStep because it said so
2025-06-24 07:56:36 +0000  Skipping step: IDEDistributionZipODRItemStep because it said so
2025-06-24 07:56:36 +0000  Skipping step: IDEDistributionZipODRItemStep because it said so
2025-06-24 07:56:36 +0000  Skipping step: IDEDistributionZipODRItemStep because it said so
2025-06-24 07:56:36 +0000  Skipping step: IDEDistributionZipODRItemStep because it said so
2025-06-24 07:56:36 +0000  Skipping step: IDEDistributionZipODRItemStep because it said so
2025-06-24 07:56:36 +0000  Skipping step: IDEDistributionZipODRItemStep because it said so
2025-06-24 07:56:36 +0000  Skipping step: IDEDistributionZipODRItemStep because it said so
2025-06-24 07:56:36 +0000  Skipping step: IDEDistributionZipODRItemStep because it said so
2025-06-24 07:56:36 +0000  Skipping step: IDEDistributionZipODRItemStep because it said so
2025-06-24 07:56:36 +0000  Skipping step: IDEDistributionZipODRItemStep because it said so
2025-06-24 07:56:36 +0000  Skipping step: IDEDistributionZipODRItemStep because it said so
2025-06-24 07:56:36 +0000  Skipping step: IDEDistributionZipODRItemStep because it said so
2025-06-24 07:56:36 +0000  Skipping step: IDEDistributionZipODRItemStep because it said so
2025-06-24 07:56:36 +0000  Skipping step: IDEDistributionZipODRItemStep because it said so
2025-06-24 07:56:36 +0000  Skipping step: IDEDistributionZipODRItemStep because it said so
2025-06-24 07:56:36 +0000  Processing step: IDEDistributionCreateIPAStep
2025-06-24 07:56:36 +0000  Running /usr/bin/ditto '-V' '-c' '-k' '--norsrc' '/var/folders/fs/jyprtvb12cv490g4bbpmssyh0000gn/T/XcodeDistPipeline.~~~Eh3jHy/Root' '/var/folders/fs/jyprtvb12cv490g4bbpmssyh0000gn/T/XcodeDistPipeline.~~~Eh3jHy/Packages/BM Security.ipa'
2025-06-24 07:56:36 +0000  >>> Copying /var/folders/fs/jyprtvb12cv490g4bbpmssyh0000gn/T/XcodeDistPipeline.~~~Eh3jHy/Root 
2025-06-24 07:56:36 +0000  copying file ./Payload/Runner.app/_CodeSignature/CodeResources ... 
2025-06-24 07:56:36 +0000  120590 bytes for ./Payload/Runner.app/_CodeSignature/CodeResources
2025-06-24 07:56:36 +0000  copying file ./Payload/Runner.app/permission_handler_apple_privacy.bundle/PrivacyInfo.xcprivacy ... 
2025-06-24 07:56:36 +0000  659 bytes for ./Payload/Runner.app/permission_handler_apple_privacy.bundle/PrivacyInfo.xcprivacy
2025-06-24 07:56:36 +0000  copying file ./Payload/Runner.app/permission_handler_apple_privacy.bundle/Info.plist ... 
2025-06-24 07:56:36 +0000  813 bytes for ./Payload/Runner.app/permission_handler_apple_privacy.bundle/Info.plist
2025-06-24 07:56:36 +0000  copying file ./Payload/Runner.app/AppIcon60x60@2x.png ... 
2025-06-24 07:56:36 +0000  8951 bytes for ./Payload/Runner.app/AppIcon60x60@2x.png
2025-06-24 07:56:36 +0000  copying file ./Payload/Runner.app/Runner ... 
2025-06-24 07:56:36 +0000  10816848 bytes for ./Payload/Runner.app/Runner
2025-06-24 07:56:36 +0000  copying file ./Payload/Runner.app/Base.lproj/Main.storyboardc/UIViewController-BYZ-38-t0r.nib ... 
2025-06-24 07:56:36 +0000  951 bytes for ./Payload/Runner.app/Base.lproj/Main.storyboardc/UIViewController-BYZ-38-t0r.nib
2025-06-24 07:56:36 +0000  copying file ./Payload/Runner.app/Base.lproj/Main.storyboardc/BYZ-38-t0r-view-8bC-Xf-vdC.nib ... 
2025-06-24 07:56:36 +0000  1835 bytes for ./Payload/Runner.app/Base.lproj/Main.storyboardc/BYZ-38-t0r-view-8bC-Xf-vdC.nib
copying file ./Payload/Runner.app/Base.lproj/Main.storyboardc/Info.plist ... 
2025-06-24 07:56:36 +0000  258 bytes for ./Payload/Runner.app/Base.lproj/Main.storyboardc/Info.plist
copying file ./Payload/Runner.app/Base.lproj/LaunchScreen.storyboardc/01J-lp-oVM-view-Ze5-6b-2t3.nib ... 
2025-06-24 07:56:36 +0000  2708 bytes for ./Payload/Runner.app/Base.lproj/LaunchScreen.storyboardc/01J-lp-oVM-view-Ze5-6b-2t3.nib
2025-06-24 07:56:36 +0000  copying file ./Payload/Runner.app/Base.lproj/LaunchScreen.storyboardc/UIViewController-01J-lp-oVM.nib ... 
2025-06-24 07:56:36 +0000  924 bytes for ./Payload/Runner.app/Base.lproj/LaunchScreen.storyboardc/UIViewController-01J-lp-oVM.nib
2025-06-24 07:56:36 +0000  copying file ./Payload/Runner.app/Base.lproj/LaunchScreen.storyboardc/Info.plist ... 
2025-06-24 07:56:36 +0000  258 bytes for ./Payload/Runner.app/Base.lproj/LaunchScreen.storyboardc/Info.plist
2025-06-24 07:56:36 +0000  copying file ./Payload/Runner.app/google_maps_flutter_ios_privacy.bundle/PrivacyInfo.xcprivacy ... 
2025-06-24 07:56:36 +0000  3868 bytes for ./Payload/Runner.app/google_maps_flutter_ios_privacy.bundle/PrivacyInfo.xcprivacy
2025-06-24 07:56:36 +0000  copying file ./Payload/Runner.app/google_maps_flutter_ios_privacy.bundle/Info.plist ... 
2025-06-24 07:56:36 +0000  812 bytes for ./Payload/Runner.app/google_maps_flutter_ios_privacy.bundle/Info.plist
2025-06-24 07:56:36 +0000  copying file ./Payload/Runner.app/Assets.car ... 
2025-06-24 07:56:37 +0000  2686575 bytes for ./Payload/Runner.app/Assets.car
2025-06-24 07:56:37 +0000  copying file ./Payload/Runner.app/AppFrameworkInfo.plist ... 
2025-06-24 07:56:37 +0000  377 bytes for ./Payload/Runner.app/AppFrameworkInfo.plist
copying file ./Payload/Runner.app/AppIcon76x76@2x~ipad.png ... 
2025-06-24 07:56:37 +0000  13322 bytes for ./Payload/Runner.app/AppIcon76x76@2x~ipad.png
2025-06-24 07:56:37 +0000  copying file ./Payload/Runner.app/Frameworks/libswiftPhotos.dylib ... 
2025-06-24 07:56:37 +0000  74928 bytes for ./Payload/Runner.app/Frameworks/libswiftPhotos.dylib
2025-06-24 07:56:37 +0000  copying file ./Payload/Runner.app/Frameworks/libswiftCoreImage.dylib ... 
2025-06-24 07:56:37 +0000  73424 bytes for ./Payload/Runner.app/Frameworks/libswiftCoreImage.dylib
2025-06-24 07:56:37 +0000  copying file ./Payload/Runner.app/Frameworks/libswiftObjectiveC.dylib ... 
2025-06-24 07:56:37 +0000  89648 bytes for ./Payload/Runner.app/Frameworks/libswiftObjectiveC.dylib
2025-06-24 07:56:37 +0000  copying file ./Payload/Runner.app/Frameworks/image_picker_ios.framework/_CodeSignature/CodeResources ... 
2025-06-24 07:56:37 +0000  2368 bytes for ./Payload/Runner.app/Frameworks/image_picker_ios.framework/_CodeSignature/CodeResources
copying file ./Payload/Runner.app/Frameworks/image_picker_ios.framework/image_picker_ios_privacy.bundle/PrivacyInfo.xcprivacy ... 
2025-06-24 07:56:37 +0000  373 bytes for ./Payload/Runner.app/Frameworks/image_picker_ios.framework/image_picker_ios_privacy.bundle/PrivacyInfo.xcprivacy
2025-06-24 07:56:37 +0000  copying file ./Payload/Runner.app/Frameworks/image_picker_ios.framework/image_picker_ios_privacy.bundle/Info.plist ... 
2025-06-24 07:56:37 +0000  798 bytes for ./Payload/Runner.app/Frameworks/image_picker_ios.framework/image_picker_ios_privacy.bundle/Info.plist
copying file ./Payload/Runner.app/Frameworks/image_picker_ios.framework/image_picker_ios ... 
2025-06-24 07:56:37 +0000  200464 bytes for ./Payload/Runner.app/Frameworks/image_picker_ios.framework/image_picker_ios
2025-06-24 07:56:37 +0000  copying file ./Payload/Runner.app/Frameworks/image_picker_ios.framework/Info.plist ... 
807 bytes for ./Payload/Runner.app/Frameworks/image_picker_ios.framework/Info.plist
2025-06-24 07:56:37 +0000  copying file ./Payload/Runner.app/Frameworks/libswiftCore.dylib ... 
2025-06-24 07:56:37 +0000  6085216 bytes for ./Payload/Runner.app/Frameworks/libswiftCore.dylib
2025-06-24 07:56:37 +0000  copying file ./Payload/Runner.app/Frameworks/libswiftCoreGraphics.dylib ... 
2025-06-24 07:56:37 +0000  204480 bytes for ./Payload/Runner.app/Frameworks/libswiftCoreGraphics.dylib
2025-06-24 07:56:37 +0000  copying file ./Payload/Runner.app/Frameworks/libswiftUIKit.dylib ... 
2025-06-24 07:56:37 +0000  165856 bytes for ./Payload/Runner.app/Frameworks/libswiftUIKit.dylib
2025-06-24 07:56:37 +0000  copying file ./Payload/Runner.app/Frameworks/libswiftMetal.dylib ... 
2025-06-24 07:56:37 +0000  85104 bytes for ./Payload/Runner.app/Frameworks/libswiftMetal.dylib
2025-06-24 07:56:37 +0000  copying file ./Payload/Runner.app/Frameworks/libswiftCoreData.dylib ... 
2025-06-24 07:56:37 +0000  109184 bytes for ./Payload/Runner.app/Frameworks/libswiftCoreData.dylib
2025-06-24 07:56:37 +0000  copying file ./Payload/Runner.app/Frameworks/libswiftDispatch.dylib ... 
2025-06-24 07:56:37 +0000  347168 bytes for ./Payload/Runner.app/Frameworks/libswiftDispatch.dylib
2025-06-24 07:56:37 +0000  copying file ./Payload/Runner.app/Frameworks/geocoding_ios.framework/_CodeSignature/CodeResources ... 
2025-06-24 07:56:37 +0000  1798 bytes for ./Payload/Runner.app/Frameworks/geocoding_ios.framework/_CodeSignature/CodeResources
2025-06-24 07:56:37 +0000  copying file ./Payload/Runner.app/Frameworks/geocoding_ios.framework/geocoding_ios ... 
2025-06-24 07:56:37 +0000  99040 bytes for ./Payload/Runner.app/Frameworks/geocoding_ios.framework/geocoding_ios
2025-06-24 07:56:37 +0000  copying file ./Payload/Runner.app/Frameworks/geocoding_ios.framework/Info.plist ... 
2025-06-24 07:56:37 +0000  799 bytes for ./Payload/Runner.app/Frameworks/geocoding_ios.framework/Info.plist
copying file ./Payload/Runner.app/Frameworks/libswiftos.dylib ... 
2025-06-24 07:56:37 +0000  86432 bytes for ./Payload/Runner.app/Frameworks/libswiftos.dylib
2025-06-24 07:56:37 +0000  copying file ./Payload/Runner.app/Frameworks/libswiftCoreFoundation.dylib ... 
2025-06-24 07:56:37 +0000  73568 bytes for ./Payload/Runner.app/Frameworks/libswiftCoreFoundation.dylib
2025-06-24 07:56:37 +0000  copying file ./Payload/Runner.app/Frameworks/Flutter.framework/_CodeSignature/CodeResources ... 
2025-06-24 07:56:37 +0000  6576 bytes for ./Payload/Runner.app/Frameworks/Flutter.framework/_CodeSignature/CodeResources
2025-06-24 07:56:37 +0000  copying file ./Payload/Runner.app/Frameworks/Flutter.framework/icudtl.dat ... 
2025-06-24 07:56:37 +0000  778864 bytes for ./Payload/Runner.app/Frameworks/Flutter.framework/icudtl.dat
2025-06-24 07:56:37 +0000  copying file ./Payload/Runner.app/Frameworks/Flutter.framework/Flutter ... 
2025-06-24 07:56:38 +0000  8659392 bytes for ./Payload/Runner.app/Frameworks/Flutter.framework/Flutter
copying file ./Payload/Runner.app/Frameworks/Flutter.framework/Headers/FlutterEngine.h ... 
2025-06-24 07:56:38 +0000  20724 bytes for ./Payload/Runner.app/Frameworks/Flutter.framework/Headers/FlutterEngine.h
2025-06-24 07:56:38 +0000  copying file ./Payload/Runner.app/Frameworks/Flutter.framework/Headers/FlutterChannels.h ... 
2025-06-24 07:56:38 +0000  18414 bytes for ./Payload/Runner.app/Frameworks/Flutter.framework/Headers/FlutterChannels.h
2025-06-24 07:56:38 +0000  copying file ./Payload/Runner.app/Frameworks/Flutter.framework/Headers/FlutterPlugin.h ... 
2025-06-24 07:56:38 +0000  16277 bytes for ./Payload/Runner.app/Frameworks/Flutter.framework/Headers/FlutterPlugin.h
2025-06-24 07:56:38 +0000  copying file ./Payload/Runner.app/Frameworks/Flutter.framework/Headers/FlutterAppDelegate.h ... 
2025-06-24 07:56:38 +0000  1271 bytes for ./Payload/Runner.app/Frameworks/Flutter.framework/Headers/FlutterAppDelegate.h
copying file ./Payload/Runner.app/Frameworks/Flutter.framework/Headers/FlutterTexture.h ... 
2025-06-24 07:56:38 +0000  2263 bytes for ./Payload/Runner.app/Frameworks/Flutter.framework/Headers/FlutterTexture.h
2025-06-24 07:56:38 +0000  copying file ./Payload/Runner.app/Frameworks/Flutter.framework/Headers/FlutterEngineGroup.h ... 
2025-06-24 07:56:38 +0000  4755 bytes for ./Payload/Runner.app/Frameworks/Flutter.framework/Headers/FlutterEngineGroup.h
2025-06-24 07:56:38 +0000  copying file ./Payload/Runner.app/Frameworks/Flutter.framework/Headers/FlutterPlatformViews.h ... 
2025-06-24 07:56:38 +0000  1967 bytes for ./Payload/Runner.app/Frameworks/Flutter.framework/Headers/FlutterPlatformViews.h
2025-06-24 07:56:38 +0000  copying file ./Payload/Runner.app/Frameworks/Flutter.framework/Headers/FlutterHeadlessDartRunner.h ... 
2025-06-24 07:56:38 +0000  3927 bytes for ./Payload/Runner.app/Frameworks/Flutter.framework/Headers/FlutterHeadlessDartRunner.h
copying file ./Payload/Runner.app/Frameworks/Flutter.framework/Headers/FlutterCodecs.h ... 
2025-06-24 07:56:38 +0000  15290 bytes for ./Payload/Runner.app/Frameworks/Flutter.framework/Headers/FlutterCodecs.h
copying file ./Payload/Runner.app/Frameworks/Flutter.framework/Headers/Flutter.h ... 
2025-06-24 07:56:38 +0000  854 bytes for ./Payload/Runner.app/Frameworks/Flutter.framework/Headers/Flutter.h
copying file ./Payload/Runner.app/Frameworks/Flutter.framework/Headers/FlutterViewController.h ... 
2025-06-24 07:56:38 +0000  10172 bytes for ./Payload/Runner.app/Frameworks/Flutter.framework/Headers/FlutterViewController.h
2025-06-24 07:56:38 +0000  copying file ./Payload/Runner.app/Frameworks/Flutter.framework/Headers/FlutterMacros.h ... 
2025-06-24 07:56:38 +0000  1823 bytes for ./Payload/Runner.app/Frameworks/Flutter.framework/Headers/FlutterMacros.h
2025-06-24 07:56:38 +0000  copying file ./Payload/Runner.app/Frameworks/Flutter.framework/Headers/FlutterDartProject.h ... 
2025-06-24 07:56:38 +0000  3914 bytes for ./Payload/Runner.app/Frameworks/Flutter.framework/Headers/FlutterDartProject.h
2025-06-24 07:56:38 +0000  copying file ./Payload/Runner.app/Frameworks/Flutter.framework/Headers/FlutterHourFormat.h ... 
2025-06-24 07:56:38 +0000  536 bytes for ./Payload/Runner.app/Frameworks/Flutter.framework/Headers/FlutterHourFormat.h
copying file ./Payload/Runner.app/Frameworks/Flutter.framework/Headers/FlutterPluginAppLifeCycleDelegate.h ... 
2025-06-24 07:56:38 +0000  5318 bytes for ./Payload/Runner.app/Frameworks/Flutter.framework/Headers/FlutterPluginAppLifeCycleDelegate.h
2025-06-24 07:56:38 +0000  copying file ./Payload/Runner.app/Frameworks/Flutter.framework/Headers/FlutterBinaryMessenger.h ... 
2025-06-24 07:56:38 +0000  3761 bytes for ./Payload/Runner.app/Frameworks/Flutter.framework/Headers/FlutterBinaryMessenger.h
2025-06-24 07:56:38 +0000  copying file ./Payload/Runner.app/Frameworks/Flutter.framework/Headers/FlutterCallbackCache.h ... 
2025-06-24 07:56:38 +0000  1724 bytes for ./Payload/Runner.app/Frameworks/Flutter.framework/Headers/FlutterCallbackCache.h
2025-06-24 07:56:38 +0000  copying file ./Payload/Runner.app/Frameworks/Flutter.framework/PrivacyInfo.xcprivacy ... 
2025-06-24 07:56:38 +0000  845 bytes for ./Payload/Runner.app/Frameworks/Flutter.framework/PrivacyInfo.xcprivacy
2025-06-24 07:56:38 +0000  copying file ./Payload/Runner.app/Frameworks/Flutter.framework/Modules/module.modulemap ... 
2025-06-24 07:56:38 +0000  95 bytes for ./Payload/Runner.app/Frameworks/Flutter.framework/Modules/module.modulemap
copying file ./Payload/Runner.app/Frameworks/Flutter.framework/Info.plist ... 
1028 bytes for ./Payload/Runner.app/Frameworks/Flutter.framework/Info.plist
2025-06-24 07:56:38 +0000  copying file ./Payload/Runner.app/Frameworks/DKImagePickerController.framework/_CodeSignature/CodeResources ... 
2025-06-24 07:56:38 +0000  13064 bytes for ./Payload/Runner.app/Frameworks/DKImagePickerController.framework/_CodeSignature/CodeResources
2025-06-24 07:56:38 +0000  copying file ./Payload/Runner.app/Frameworks/DKImagePickerController.framework/DKImagePickerController.bundle/de.lproj/DKImagePickerController.strings ... 
2025-06-24 07:56:38 +0000  920 bytes for ./Payload/Runner.app/Frameworks/DKImagePickerController.framework/DKImagePickerController.bundle/de.lproj/DKImagePickerController.strings
2025-06-24 07:56:38 +0000  copying file ./Payload/Runner.app/Frameworks/DKImagePickerController.framework/DKImagePickerController.bundle/ur.lproj/DKImagePickerController.strings ... 
2025-06-24 07:56:38 +0000  1114 bytes for ./Payload/Runner.app/Frameworks/DKImagePickerController.framework/DKImagePickerController.bundle/ur.lproj/DKImagePickerController.strings
copying file ./Payload/Runner.app/Frameworks/DKImagePickerController.framework/DKImagePickerController.bundle/ar.lproj/DKImagePickerController.strings ... 
2025-06-24 07:56:38 +0000  1018 bytes for ./Payload/Runner.app/Frameworks/DKImagePickerController.framework/DKImagePickerController.bundle/ar.lproj/DKImagePickerController.strings
copying file ./Payload/Runner.app/Frameworks/DKImagePickerController.framework/DKImagePickerController.bundle/zh-Hans.lproj/DKImagePickerController.strings ... 
782 bytes for ./Payload/Runner.app/Frameworks/DKImagePickerController.framework/DKImagePickerController.bundle/zh-Hans.lproj/DKImagePickerController.strings
copying file ./Payload/Runner.app/Frameworks/DKImagePickerController.framework/DKImagePickerController.bundle/ja.lproj/DKImagePickerController.strings ... 
2025-06-24 07:56:38 +0000  967 bytes for ./Payload/Runner.app/Frameworks/DKImagePickerController.framework/DKImagePickerController.bundle/ja.lproj/DKImagePickerController.strings
2025-06-24 07:56:38 +0000  copying file ./Payload/Runner.app/Frameworks/DKImagePickerController.framework/DKImagePickerController.bundle/en.lproj/DKImagePickerController.strings ... 
2025-06-24 07:56:38 +0000  865 bytes for ./Payload/Runner.app/Frameworks/DKImagePickerController.framework/DKImagePickerController.bundle/en.lproj/DKImagePickerController.strings
2025-06-24 07:56:38 +0000  copying file ./Payload/Runner.app/Frameworks/DKImagePickerController.framework/DKImagePickerController.bundle/nb-NO.lproj/DKImagePickerController.strings ... 
2025-06-24 07:56:38 +0000  844 bytes for ./Payload/Runner.app/Frameworks/DKImagePickerController.framework/DKImagePickerController.bundle/nb-NO.lproj/DKImagePickerController.strings
2025-06-24 07:56:38 +0000  copying file ./Payload/Runner.app/Frameworks/DKImagePickerController.framework/DKImagePickerController.bundle/es.lproj/DKImagePickerController.strings ... 
2025-06-24 07:56:38 +0000  886 bytes for ./Payload/Runner.app/Frameworks/DKImagePickerController.framework/DKImagePickerController.bundle/es.lproj/DKImagePickerController.strings
2025-06-24 07:56:38 +0000  copying file ./Payload/Runner.app/Frameworks/DKImagePickerController.framework/DKImagePickerController.bundle/pt_BR.lproj/DKImagePickerController.strings ... 
2025-06-24 07:56:38 +0000  865 bytes for ./Payload/Runner.app/Frameworks/DKImagePickerController.framework/DKImagePickerController.bundle/pt_BR.lproj/DKImagePickerController.strings
2025-06-24 07:56:38 +0000  copying file ./Payload/Runner.app/Frameworks/DKImagePickerController.framework/DKImagePickerController.bundle/da.lproj/DKImagePickerController.strings ... 
2025-06-24 07:56:38 +0000  883 bytes for ./Payload/Runner.app/Frameworks/DKImagePickerController.framework/DKImagePickerController.bundle/da.lproj/DKImagePickerController.strings
2025-06-24 07:56:38 +0000  copying file ./Payload/Runner.app/Frameworks/DKImagePickerController.framework/DKImagePickerController.bundle/it.lproj/DKImagePickerController.strings ... 
2025-06-24 07:56:38 +0000  891 bytes for ./Payload/Runner.app/Frameworks/DKImagePickerController.framework/DKImagePickerController.bundle/it.lproj/DKImagePickerController.strings
2025-06-24 07:56:38 +0000  copying file ./Payload/Runner.app/Frameworks/DKImagePickerController.framework/DKImagePickerController.bundle/ko.lproj/DKImagePickerController.strings ... 
2025-06-24 07:56:38 +0000  931 bytes for ./Payload/Runner.app/Frameworks/DKImagePickerController.framework/DKImagePickerController.bundle/ko.lproj/DKImagePickerController.strings
2025-06-24 07:56:38 +0000  copying file ./Payload/Runner.app/Frameworks/DKImagePickerController.framework/DKImagePickerController.bundle/Base.lproj/DKImagePickerController.strings ... 
2025-06-24 07:56:38 +0000  837 bytes for ./Payload/Runner.app/Frameworks/DKImagePickerController.framework/DKImagePickerController.bundle/Base.lproj/DKImagePickerController.strings
2025-06-24 07:56:38 +0000  copying file ./Payload/Runner.app/Frameworks/DKImagePickerController.framework/DKImagePickerController.bundle/zh-Hant.lproj/DKImagePickerController.strings ... 
2025-06-24 07:56:38 +0000  778 bytes for ./Payload/Runner.app/Frameworks/DKImagePickerController.framework/DKImagePickerController.bundle/zh-Hant.lproj/DKImagePickerController.strings
2025-06-24 07:56:38 +0000  copying file ./Payload/Runner.app/Frameworks/DKImagePickerController.framework/DKImagePickerController.bundle/hu.lproj/DKImagePickerController.strings ... 
2025-06-24 07:56:38 +0000  886 bytes for ./Payload/Runner.app/Frameworks/DKImagePickerController.framework/DKImagePickerController.bundle/hu.lproj/DKImagePickerController.strings
2025-06-24 07:56:38 +0000  copying file ./Payload/Runner.app/Frameworks/DKImagePickerController.framework/DKImagePickerController.bundle/Assets.car ... 
2025-06-24 07:56:38 +0000  134159 bytes for ./Payload/Runner.app/Frameworks/DKImagePickerController.framework/DKImagePickerController.bundle/Assets.car
2025-06-24 07:56:38 +0000  copying file ./Payload/Runner.app/Frameworks/DKImagePickerController.framework/DKImagePickerController.bundle/tr.lproj/DKImagePickerController.strings ... 
2025-06-24 07:56:38 +0000  885 bytes for ./Payload/Runner.app/Frameworks/DKImagePickerController.framework/DKImagePickerController.bundle/tr.lproj/DKImagePickerController.strings
2025-06-24 07:56:38 +0000  copying file ./Payload/Runner.app/Frameworks/DKImagePickerController.framework/DKImagePickerController.bundle/vi.lproj/DKImagePickerController.strings ... 
2025-06-24 07:56:38 +0000  909 bytes for ./Payload/Runner.app/Frameworks/DKImagePickerController.framework/DKImagePickerController.bundle/vi.lproj/DKImagePickerController.strings
2025-06-24 07:56:38 +0000  copying file ./Payload/Runner.app/Frameworks/DKImagePickerController.framework/DKImagePickerController.bundle/PrivacyInfo.xcprivacy ... 
2025-06-24 07:56:38 +0000  599 bytes for ./Payload/Runner.app/Frameworks/DKImagePickerController.framework/DKImagePickerController.bundle/PrivacyInfo.xcprivacy
2025-06-24 07:56:38 +0000  copying file ./Payload/Runner.app/Frameworks/DKImagePickerController.framework/DKImagePickerController.bundle/ru.lproj/DKImagePickerController.strings ... 
2025-06-24 07:56:38 +0000  1037 bytes for ./Payload/Runner.app/Frameworks/DKImagePickerController.framework/DKImagePickerController.bundle/ru.lproj/DKImagePickerController.strings
2025-06-24 07:56:38 +0000  copying file ./Payload/Runner.app/Frameworks/DKImagePickerController.framework/DKImagePickerController.bundle/fr.lproj/DKImagePickerController.strings ... 
2025-06-24 07:56:38 +0000  942 bytes for ./Payload/Runner.app/Frameworks/DKImagePickerController.framework/DKImagePickerController.bundle/fr.lproj/DKImagePickerController.strings
2025-06-24 07:56:38 +0000  copying file ./Payload/Runner.app/Frameworks/DKImagePickerController.framework/DKImagePickerController.bundle/nl.lproj/DKImagePickerController.strings ... 
2025-06-24 07:56:38 +0000  893 bytes for ./Payload/Runner.app/Frameworks/DKImagePickerController.framework/DKImagePickerController.bundle/nl.lproj/DKImagePickerController.strings
copying file ./Payload/Runner.app/Frameworks/DKImagePickerController.framework/DKImagePickerController.bundle/Info.plist ... 
2025-06-24 07:56:38 +0000  795 bytes for ./Payload/Runner.app/Frameworks/DKImagePickerController.framework/DKImagePickerController.bundle/Info.plist
2025-06-24 07:56:38 +0000  copying file ./Payload/Runner.app/Frameworks/DKImagePickerController.framework/DKImagePickerController ... 
2025-06-24 07:56:38 +0000  1114160 bytes for ./Payload/Runner.app/Frameworks/DKImagePickerController.framework/DKImagePickerController
2025-06-24 07:56:38 +0000  copying file ./Payload/Runner.app/Frameworks/DKImagePickerController.framework/Info.plist ... 
820 bytes for ./Payload/Runner.app/Frameworks/DKImagePickerController.framework/Info.plist
2025-06-24 07:56:38 +0000  copying file ./Payload/Runner.app/Frameworks/SwiftyGif.framework/_CodeSignature/CodeResources ... 
2025-06-24 07:56:38 +0000  2452 bytes for ./Payload/Runner.app/Frameworks/SwiftyGif.framework/_CodeSignature/CodeResources
2025-06-24 07:56:38 +0000  copying file ./Payload/Runner.app/Frameworks/SwiftyGif.framework/SwiftyGif.bundle/PrivacyInfo.xcprivacy ... 
2025-06-24 07:56:38 +0000  373 bytes for ./Payload/Runner.app/Frameworks/SwiftyGif.framework/SwiftyGif.bundle/PrivacyInfo.xcprivacy
copying file ./Payload/Runner.app/Frameworks/SwiftyGif.framework/SwiftyGif.bundle/Info.plist ... 
2025-06-24 07:56:38 +0000  765 bytes for ./Payload/Runner.app/Frameworks/SwiftyGif.framework/SwiftyGif.bundle/Info.plist
2025-06-24 07:56:38 +0000  copying file ./Payload/Runner.app/Frameworks/SwiftyGif.framework/SwiftyGif ... 
2025-06-24 07:56:38 +0000  237728 bytes for ./Payload/Runner.app/Frameworks/SwiftyGif.framework/SwiftyGif
2025-06-24 07:56:38 +0000  copying file ./Payload/Runner.app/Frameworks/SwiftyGif.framework/Info.plist ... 
2025-06-24 07:56:38 +0000  790 bytes for ./Payload/Runner.app/Frameworks/SwiftyGif.framework/Info.plist
2025-06-24 07:56:38 +0000  copying file ./Payload/Runner.app/Frameworks/App.framework/_CodeSignature/CodeResources ... 
2025-06-24 07:56:38 +0000  6008 bytes for ./Payload/Runner.app/Frameworks/App.framework/_CodeSignature/CodeResources
2025-06-24 07:56:38 +0000  copying file ./Payload/Runner.app/Frameworks/App.framework/App ... 
2025-06-24 07:56:39 +0000  7045120 bytes for ./Payload/Runner.app/Frameworks/App.framework/App
2025-06-24 07:56:39 +0000  copying file ./Payload/Runner.app/Frameworks/App.framework/flutter_assets/NOTICES.Z ... 
2025-06-24 07:56:39 +0000  102806 bytes for ./Payload/Runner.app/Frameworks/App.framework/flutter_assets/NOTICES.Z
2025-06-24 07:56:39 +0000  copying file ./Payload/Runner.app/Frameworks/App.framework/flutter_assets/NativeAssetsManifest.json ... 
2025-06-24 07:56:39 +0000  45 bytes for ./Payload/Runner.app/Frameworks/App.framework/flutter_assets/NativeAssetsManifest.json
2025-06-24 07:56:39 +0000  copying file ./Payload/Runner.app/Frameworks/App.framework/flutter_assets/AssetManifest.json ... 
2025-06-24 07:56:39 +0000  537 bytes for ./Payload/Runner.app/Frameworks/App.framework/flutter_assets/AssetManifest.json
copying file ./Payload/Runner.app/Frameworks/App.framework/flutter_assets/FontManifest.json ... 
2025-06-24 07:56:39 +0000  208 bytes for ./Payload/Runner.app/Frameworks/App.framework/flutter_assets/FontManifest.json
2025-06-24 07:56:39 +0000  copying file ./Payload/Runner.app/Frameworks/App.framework/flutter_assets/packages/cupertino_icons/assets/CupertinoIcons.ttf ... 
2025-06-24 07:56:39 +0000  257628 bytes for ./Payload/Runner.app/Frameworks/App.framework/flutter_assets/packages/cupertino_icons/assets/CupertinoIcons.ttf
2025-06-24 07:56:39 +0000  copying file ./Payload/Runner.app/Frameworks/App.framework/flutter_assets/packages/fluttertoast/assets/toastify.js ... 
2025-06-24 07:56:39 +0000  5285 bytes for ./Payload/Runner.app/Frameworks/App.framework/flutter_assets/packages/fluttertoast/assets/toastify.js
2025-06-24 07:56:39 +0000  copying file ./Payload/Runner.app/Frameworks/App.framework/flutter_assets/packages/fluttertoast/assets/toastify.css ... 
2025-06-24 07:56:39 +0000  1337 bytes for ./Payload/Runner.app/Frameworks/App.framework/flutter_assets/packages/fluttertoast/assets/toastify.css
2025-06-24 07:56:39 +0000  copying file ./Payload/Runner.app/Frameworks/App.framework/flutter_assets/shaders/ink_sparkle.frag ... 
2025-06-24 07:56:39 +0000  11984 bytes for ./Payload/Runner.app/Frameworks/App.framework/flutter_assets/shaders/ink_sparkle.frag
2025-06-24 07:56:39 +0000  copying file ./Payload/Runner.app/Frameworks/App.framework/flutter_assets/AssetManifest.bin ... 
2025-06-24 07:56:39 +0000  601 bytes for ./Payload/Runner.app/Frameworks/App.framework/flutter_assets/AssetManifest.bin
2025-06-24 07:56:39 +0000  copying file ./Payload/Runner.app/Frameworks/App.framework/flutter_assets/fonts/MaterialIcons-Regular.otf ... 
2025-06-24 07:56:39 +0000  1645184 bytes for ./Payload/Runner.app/Frameworks/App.framework/flutter_assets/fonts/MaterialIcons-Regular.otf
2025-06-24 07:56:39 +0000  copying file ./Payload/Runner.app/Frameworks/App.framework/flutter_assets/assets/bm.png ... 
2025-06-24 07:56:39 +0000  1113488 bytes for ./Payload/Runner.app/Frameworks/App.framework/flutter_assets/assets/bm.png
2025-06-24 07:56:39 +0000  copying file ./Payload/Runner.app/Frameworks/App.framework/flutter_assets/assets/images/logo.svg ... 
2025-06-24 07:56:39 +0000  316223 bytes for ./Payload/Runner.app/Frameworks/App.framework/flutter_assets/assets/images/logo.svg
copying file ./Payload/Runner.app/Frameworks/App.framework/flutter_assets/assets/images/images.png ... 
2025-06-24 07:56:39 +0000  4601 bytes for ./Payload/Runner.app/Frameworks/App.framework/flutter_assets/assets/images/images.png
copying file ./Payload/Runner.app/Frameworks/App.framework/flutter_assets/assets/ii.png ... 
2025-06-24 07:56:39 +0000  4601 bytes for ./Payload/Runner.app/Frameworks/App.framework/flutter_assets/assets/ii.png
2025-06-24 07:56:39 +0000  copying file ./Payload/Runner.app/Frameworks/App.framework/flutter_assets/assets/logo.svg ... 
2025-06-24 07:56:39 +0000  316223 bytes for ./Payload/Runner.app/Frameworks/App.framework/flutter_assets/assets/logo.svg
2025-06-24 07:56:39 +0000  copying file ./Payload/Runner.app/Frameworks/App.framework/flutter_assets/assets/bmd.png ... 
2025-06-24 07:56:39 +0000  1173730 bytes for ./Payload/Runner.app/Frameworks/App.framework/flutter_assets/assets/bmd.png
2025-06-24 07:56:39 +0000  copying file ./Payload/Runner.app/Frameworks/App.framework/Info.plist ... 
2025-06-24 07:56:39 +0000  774 bytes for ./Payload/Runner.app/Frameworks/App.framework/Info.plist
2025-06-24 07:56:39 +0000  copying file ./Payload/Runner.app/Frameworks/libswiftDarwin.dylib ... 
2025-06-24 07:56:39 +0000  123968 bytes for ./Payload/Runner.app/Frameworks/libswiftDarwin.dylib
2025-06-24 07:56:39 +0000  copying file ./Payload/Runner.app/Frameworks/url_launcher_ios.framework/_CodeSignature/CodeResources ... 
2025-06-24 07:56:39 +0000  2368 bytes for ./Payload/Runner.app/Frameworks/url_launcher_ios.framework/_CodeSignature/CodeResources
2025-06-24 07:56:39 +0000  copying file ./Payload/Runner.app/Frameworks/url_launcher_ios.framework/url_launcher_ios ... 
2025-06-24 07:56:39 +0000  181888 bytes for ./Payload/Runner.app/Frameworks/url_launcher_ios.framework/url_launcher_ios
2025-06-24 07:56:39 +0000  copying file ./Payload/Runner.app/Frameworks/url_launcher_ios.framework/url_launcher_ios_privacy.bundle/PrivacyInfo.xcprivacy ... 
2025-06-24 07:56:39 +0000  373 bytes for ./Payload/Runner.app/Frameworks/url_launcher_ios.framework/url_launcher_ios_privacy.bundle/PrivacyInfo.xcprivacy
2025-06-24 07:56:39 +0000  copying file ./Payload/Runner.app/Frameworks/url_launcher_ios.framework/url_launcher_ios_privacy.bundle/Info.plist ... 
2025-06-24 07:56:39 +0000  798 bytes for ./Payload/Runner.app/Frameworks/url_launcher_ios.framework/url_launcher_ios_privacy.bundle/Info.plist
2025-06-24 07:56:39 +0000  copying file ./Payload/Runner.app/Frameworks/url_launcher_ios.framework/Info.plist ... 
2025-06-24 07:56:39 +0000  807 bytes for ./Payload/Runner.app/Frameworks/url_launcher_ios.framework/Info.plist
2025-06-24 07:56:39 +0000  copying file ./Payload/Runner.app/Frameworks/libswiftQuartzCore.dylib ... 
2025-06-24 07:56:39 +0000  76640 bytes for ./Payload/Runner.app/Frameworks/libswiftQuartzCore.dylib
2025-06-24 07:56:39 +0000  copying file ./Payload/Runner.app/Frameworks/device_info_plus.framework/_CodeSignature/CodeResources ... 
2025-06-24 07:56:39 +0000  2368 bytes for ./Payload/Runner.app/Frameworks/device_info_plus.framework/_CodeSignature/CodeResources
2025-06-24 07:56:39 +0000  copying file ./Payload/Runner.app/Frameworks/device_info_plus.framework/device_info_plus_privacy.bundle/PrivacyInfo.xcprivacy ... 
2025-06-24 07:56:39 +0000  373 bytes for ./Payload/Runner.app/Frameworks/device_info_plus.framework/device_info_plus_privacy.bundle/PrivacyInfo.xcprivacy
2025-06-24 07:56:39 +0000  copying file ./Payload/Runner.app/Frameworks/device_info_plus.framework/device_info_plus_privacy.bundle/Info.plist ... 
2025-06-24 07:56:39 +0000  798 bytes for ./Payload/Runner.app/Frameworks/device_info_plus.framework/device_info_plus_privacy.bundle/Info.plist
2025-06-24 07:56:39 +0000  copying file ./Payload/Runner.app/Frameworks/device_info_plus.framework/device_info_plus ... 
2025-06-24 07:56:39 +0000  76128 bytes for ./Payload/Runner.app/Frameworks/device_info_plus.framework/device_info_plus
2025-06-24 07:56:39 +0000  copying file ./Payload/Runner.app/Frameworks/device_info_plus.framework/Info.plist ... 
2025-06-24 07:56:39 +0000  807 bytes for ./Payload/Runner.app/Frameworks/device_info_plus.framework/Info.plist
2025-06-24 07:56:39 +0000  copying file ./Payload/Runner.app/Frameworks/path_provider_foundation.framework/_CodeSignature/CodeResources ... 
2025-06-24 07:56:39 +0000  2400 bytes for ./Payload/Runner.app/Frameworks/path_provider_foundation.framework/_CodeSignature/CodeResources
2025-06-24 07:56:39 +0000  copying file ./Payload/Runner.app/Frameworks/path_provider_foundation.framework/path_provider_foundation_privacy.bundle/PrivacyInfo.xcprivacy ... 
2025-06-24 07:56:39 +0000  373 bytes for ./Payload/Runner.app/Frameworks/path_provider_foundation.framework/path_provider_foundation_privacy.bundle/PrivacyInfo.xcprivacy
2025-06-24 07:56:39 +0000  copying file ./Payload/Runner.app/Frameworks/path_provider_foundation.framework/path_provider_foundation_privacy.bundle/Info.plist ... 
2025-06-24 07:56:39 +0000  814 bytes for ./Payload/Runner.app/Frameworks/path_provider_foundation.framework/path_provider_foundation_privacy.bundle/Info.plist
2025-06-24 07:56:39 +0000  copying file ./Payload/Runner.app/Frameworks/path_provider_foundation.framework/Info.plist ... 
2025-06-24 07:56:39 +0000  823 bytes for ./Payload/Runner.app/Frameworks/path_provider_foundation.framework/Info.plist
2025-06-24 07:56:39 +0000  copying file ./Payload/Runner.app/Frameworks/path_provider_foundation.framework/path_provider_foundation ... 
2025-06-24 07:56:39 +0000  136272 bytes for ./Payload/Runner.app/Frameworks/path_provider_foundation.framework/path_provider_foundation
2025-06-24 07:56:39 +0000  copying file ./Payload/Runner.app/Frameworks/DKPhotoGallery.framework/_CodeSignature/CodeResources ... 
2025-06-24 07:56:39 +0000  4227 bytes for ./Payload/Runner.app/Frameworks/DKPhotoGallery.framework/_CodeSignature/CodeResources
copying file ./Payload/Runner.app/Frameworks/DKPhotoGallery.framework/DKPhotoGallery.bundle/zh-Hans.lproj/DKPhotoGallery.strings ... 
2025-06-24 07:56:39 +0000  839 bytes for ./Payload/Runner.app/Frameworks/DKPhotoGallery.framework/DKPhotoGallery.bundle/zh-Hans.lproj/DKPhotoGallery.strings
2025-06-24 07:56:39 +0000  copying file ./Payload/Runner.app/Frameworks/DKPhotoGallery.framework/DKPhotoGallery.bundle/en.lproj/DKPhotoGallery.strings ... 
2025-06-24 07:56:39 +0000  825 bytes for ./Payload/Runner.app/Frameworks/DKPhotoGallery.framework/DKPhotoGallery.bundle/en.lproj/DKPhotoGallery.strings
copying file ./Payload/Runner.app/Frameworks/DKPhotoGallery.framework/DKPhotoGallery.bundle/Base.lproj/DKPhotoGallery.strings ... 
824 bytes for ./Payload/Runner.app/Frameworks/DKPhotoGallery.framework/DKPhotoGallery.bundle/Base.lproj/DKPhotoGallery.strings
2025-06-24 07:56:39 +0000  copying file ./Payload/Runner.app/Frameworks/DKPhotoGallery.framework/DKPhotoGallery.bundle/Assets.car ... 
2025-06-24 07:56:39 +0000  135903 bytes for ./Payload/Runner.app/Frameworks/DKPhotoGallery.framework/DKPhotoGallery.bundle/Assets.car
2025-06-24 07:56:39 +0000  copying file ./Payload/Runner.app/Frameworks/DKPhotoGallery.framework/DKPhotoGallery.bundle/PrivacyInfo.xcprivacy ... 
2025-06-24 07:56:39 +0000  599 bytes for ./Payload/Runner.app/Frameworks/DKPhotoGallery.framework/DKPhotoGallery.bundle/PrivacyInfo.xcprivacy
copying file ./Payload/Runner.app/Frameworks/DKPhotoGallery.framework/DKPhotoGallery.bundle/Info.plist ... 
2025-06-24 07:56:39 +0000  776 bytes for ./Payload/Runner.app/Frameworks/DKPhotoGallery.framework/DKPhotoGallery.bundle/Info.plist
2025-06-24 07:56:39 +0000  copying file ./Payload/Runner.app/Frameworks/DKPhotoGallery.framework/DKPhotoGallery ... 
2025-06-24 07:56:39 +0000  856272 bytes for ./Payload/Runner.app/Frameworks/DKPhotoGallery.framework/DKPhotoGallery
2025-06-24 07:56:39 +0000  copying file ./Payload/Runner.app/Frameworks/DKPhotoGallery.framework/Info.plist ... 
801 bytes for ./Payload/Runner.app/Frameworks/DKPhotoGallery.framework/Info.plist
2025-06-24 07:56:39 +0000  copying file ./Payload/Runner.app/Frameworks/sqflite_darwin.framework/_CodeSignature/CodeResources ... 
2025-06-24 07:56:39 +0000  2360 bytes for ./Payload/Runner.app/Frameworks/sqflite_darwin.framework/_CodeSignature/CodeResources
2025-06-24 07:56:39 +0000  copying file ./Payload/Runner.app/Frameworks/sqflite_darwin.framework/sqflite_darwin ... 
2025-06-24 07:56:39 +0000  269872 bytes for ./Payload/Runner.app/Frameworks/sqflite_darwin.framework/sqflite_darwin
2025-06-24 07:56:39 +0000  copying file ./Payload/Runner.app/Frameworks/sqflite_darwin.framework/sqflite_darwin_privacy.bundle/PrivacyInfo.xcprivacy ... 
2025-06-24 07:56:39 +0000  372 bytes for ./Payload/Runner.app/Frameworks/sqflite_darwin.framework/sqflite_darwin_privacy.bundle/PrivacyInfo.xcprivacy
2025-06-24 07:56:39 +0000  copying file ./Payload/Runner.app/Frameworks/sqflite_darwin.framework/sqflite_darwin_privacy.bundle/Info.plist ... 
2025-06-24 07:56:39 +0000  794 bytes for ./Payload/Runner.app/Frameworks/sqflite_darwin.framework/sqflite_darwin_privacy.bundle/Info.plist
2025-06-24 07:56:39 +0000  copying file ./Payload/Runner.app/Frameworks/sqflite_darwin.framework/Info.plist ... 
2025-06-24 07:56:39 +0000  801 bytes for ./Payload/Runner.app/Frameworks/sqflite_darwin.framework/Info.plist
2025-06-24 07:56:39 +0000  copying file ./Payload/Runner.app/Frameworks/libswiftCoreAudio.dylib ... 
2025-06-24 07:56:39 +0000  98320 bytes for ./Payload/Runner.app/Frameworks/libswiftCoreAudio.dylib
2025-06-24 07:56:39 +0000  copying file ./Payload/Runner.app/Frameworks/libswiftAVFoundation.dylib ... 
2025-06-24 07:56:39 +0000  159392 bytes for ./Payload/Runner.app/Frameworks/libswiftAVFoundation.dylib
2025-06-24 07:56:39 +0000  copying file ./Payload/Runner.app/Frameworks/geolocator_apple.framework/_CodeSignature/CodeResources ... 
2025-06-24 07:56:39 +0000  2368 bytes for ./Payload/Runner.app/Frameworks/geolocator_apple.framework/_CodeSignature/CodeResources
2025-06-24 07:56:39 +0000  copying file ./Payload/Runner.app/Frameworks/geolocator_apple.framework/geolocator_apple ... 
2025-06-24 07:56:39 +0000  163104 bytes for ./Payload/Runner.app/Frameworks/geolocator_apple.framework/geolocator_apple
2025-06-24 07:56:39 +0000  copying file ./Payload/Runner.app/Frameworks/geolocator_apple.framework/Info.plist ... 
807 bytes for ./Payload/Runner.app/Frameworks/geolocator_apple.framework/Info.plist
2025-06-24 07:56:39 +0000  copying file ./Payload/Runner.app/Frameworks/geolocator_apple.framework/geolocator_apple_privacy.bundle/PrivacyInfo.xcprivacy ... 
2025-06-24 07:56:39 +0000  397 bytes for ./Payload/Runner.app/Frameworks/geolocator_apple.framework/geolocator_apple_privacy.bundle/PrivacyInfo.xcprivacy
2025-06-24 07:56:39 +0000  copying file ./Payload/Runner.app/Frameworks/geolocator_apple.framework/geolocator_apple_privacy.bundle/Info.plist ... 
2025-06-24 07:56:39 +0000  798 bytes for ./Payload/Runner.app/Frameworks/geolocator_apple.framework/geolocator_apple_privacy.bundle/Info.plist
2025-06-24 07:56:39 +0000  copying file ./Payload/Runner.app/Frameworks/flutter_native_splash.framework/_CodeSignature/CodeResources ... 
2025-06-24 07:56:39 +0000  2388 bytes for ./Payload/Runner.app/Frameworks/flutter_native_splash.framework/_CodeSignature/CodeResources
2025-06-24 07:56:39 +0000  copying file ./Payload/Runner.app/Frameworks/flutter_native_splash.framework/flutter_native_splash ... 
2025-06-24 07:56:39 +0000  91264 bytes for ./Payload/Runner.app/Frameworks/flutter_native_splash.framework/flutter_native_splash
2025-06-24 07:56:39 +0000  copying file ./Payload/Runner.app/Frameworks/flutter_native_splash.framework/flutter_native_splash_privacy.bundle/PrivacyInfo.xcprivacy ... 
2025-06-24 07:56:39 +0000  373 bytes for ./Payload/Runner.app/Frameworks/flutter_native_splash.framework/flutter_native_splash_privacy.bundle/PrivacyInfo.xcprivacy
2025-06-24 07:56:39 +0000  copying file ./Payload/Runner.app/Frameworks/flutter_native_splash.framework/flutter_native_splash_privacy.bundle/Info.plist ... 
2025-06-24 07:56:39 +0000  807 bytes for ./Payload/Runner.app/Frameworks/flutter_native_splash.framework/flutter_native_splash_privacy.bundle/Info.plist
2025-06-24 07:56:39 +0000  copying file ./Payload/Runner.app/Frameworks/flutter_native_splash.framework/Info.plist ... 
2025-06-24 07:56:39 +0000  817 bytes for ./Payload/Runner.app/Frameworks/flutter_native_splash.framework/Info.plist
2025-06-24 07:56:39 +0000  copying file ./Payload/Runner.app/Frameworks/shared_preferences_foundation.framework/_CodeSignature/CodeResources ... 
2025-06-24 07:56:39 +0000  2420 bytes for ./Payload/Runner.app/Frameworks/shared_preferences_foundation.framework/_CodeSignature/CodeResources
2025-06-24 07:56:39 +0000  copying file ./Payload/Runner.app/Frameworks/shared_preferences_foundation.framework/shared_preferences_foundation_privacy.bundle/PrivacyInfo.xcprivacy ... 
2025-06-24 07:56:39 +0000  598 bytes for ./Payload/Runner.app/Frameworks/shared_preferences_foundation.framework/shared_preferences_foundation_privacy.bundle/PrivacyInfo.xcprivacy
2025-06-24 07:56:39 +0000  copying file ./Payload/Runner.app/Frameworks/shared_preferences_foundation.framework/shared_preferences_foundation_privacy.bundle/Info.plist ... 
2025-06-24 07:56:39 +0000  824 bytes for ./Payload/Runner.app/Frameworks/shared_preferences_foundation.framework/shared_preferences_foundation_privacy.bundle/Info.plist
2025-06-24 07:56:39 +0000  copying file ./Payload/Runner.app/Frameworks/shared_preferences_foundation.framework/shared_preferences_foundation ... 
2025-06-24 07:56:39 +0000  194048 bytes for ./Payload/Runner.app/Frameworks/shared_preferences_foundation.framework/shared_preferences_foundation
2025-06-24 07:56:39 +0000  copying file ./Payload/Runner.app/Frameworks/shared_preferences_foundation.framework/Info.plist ... 
2025-06-24 07:56:39 +0000  833 bytes for ./Payload/Runner.app/Frameworks/shared_preferences_foundation.framework/Info.plist
2025-06-24 07:56:39 +0000  copying file ./Payload/Runner.app/Frameworks/SDWebImage.framework/_CodeSignature/CodeResources ... 
2025-06-24 07:56:39 +0000  2456 bytes for ./Payload/Runner.app/Frameworks/SDWebImage.framework/_CodeSignature/CodeResources
2025-06-24 07:56:39 +0000  copying file ./Payload/Runner.app/Frameworks/SDWebImage.framework/SDWebImage.bundle/PrivacyInfo.xcprivacy ... 
2025-06-24 07:56:39 +0000  599 bytes for ./Payload/Runner.app/Frameworks/SDWebImage.framework/SDWebImage.bundle/PrivacyInfo.xcprivacy
2025-06-24 07:56:39 +0000  copying file ./Payload/Runner.app/Frameworks/SDWebImage.framework/SDWebImage.bundle/Info.plist ... 
2025-06-24 07:56:39 +0000  768 bytes for ./Payload/Runner.app/Frameworks/SDWebImage.framework/SDWebImage.bundle/Info.plist
copying file ./Payload/Runner.app/Frameworks/SDWebImage.framework/SDWebImage ... 
2025-06-24 07:56:39 +0000  861424 bytes for ./Payload/Runner.app/Frameworks/SDWebImage.framework/SDWebImage
2025-06-24 07:56:39 +0000  copying file ./Payload/Runner.app/Frameworks/SDWebImage.framework/Info.plist ... 
2025-06-24 07:56:39 +0000  793 bytes for ./Payload/Runner.app/Frameworks/SDWebImage.framework/Info.plist
2025-06-24 07:56:39 +0000  copying file ./Payload/Runner.app/Frameworks/flutter_background_service_ios.framework/_CodeSignature/CodeResources ... 
2025-06-24 07:56:39 +0000  1798 bytes for ./Payload/Runner.app/Frameworks/flutter_background_service_ios.framework/_CodeSignature/CodeResources
2025-06-24 07:56:39 +0000  copying file ./Payload/Runner.app/Frameworks/flutter_background_service_ios.framework/flutter_background_service_ios ... 
2025-06-24 07:56:39 +0000  178688 bytes for ./Payload/Runner.app/Frameworks/flutter_background_service_ios.framework/flutter_background_service_ios
2025-06-24 07:56:39 +0000  copying file ./Payload/Runner.app/Frameworks/flutter_background_service_ios.framework/Info.plist ... 
2025-06-24 07:56:39 +0000  835 bytes for ./Payload/Runner.app/Frameworks/flutter_background_service_ios.framework/Info.plist
2025-06-24 07:56:39 +0000  copying file ./Payload/Runner.app/Frameworks/fluttertoast.framework/_CodeSignature/CodeResources ... 
2025-06-24 07:56:39 +0000  2352 bytes for ./Payload/Runner.app/Frameworks/fluttertoast.framework/_CodeSignature/CodeResources
2025-06-24 07:56:39 +0000  copying file ./Payload/Runner.app/Frameworks/fluttertoast.framework/fluttertoast_privacy.bundle/PrivacyInfo.xcprivacy ... 
2025-06-24 07:56:39 +0000  373 bytes for ./Payload/Runner.app/Frameworks/fluttertoast.framework/fluttertoast_privacy.bundle/PrivacyInfo.xcprivacy
2025-06-24 07:56:39 +0000  copying file ./Payload/Runner.app/Frameworks/fluttertoast.framework/fluttertoast_privacy.bundle/Info.plist ... 
2025-06-24 07:56:39 +0000  789 bytes for ./Payload/Runner.app/Frameworks/fluttertoast.framework/fluttertoast_privacy.bundle/Info.plist
2025-06-24 07:56:39 +0000  copying file ./Payload/Runner.app/Frameworks/fluttertoast.framework/fluttertoast ... 
2025-06-24 07:56:39 +0000  136224 bytes for ./Payload/Runner.app/Frameworks/fluttertoast.framework/fluttertoast
2025-06-24 07:56:39 +0000  copying file ./Payload/Runner.app/Frameworks/fluttertoast.framework/Info.plist ... 
2025-06-24 07:56:39 +0000  797 bytes for ./Payload/Runner.app/Frameworks/fluttertoast.framework/Info.plist
2025-06-24 07:56:39 +0000  copying file ./Payload/Runner.app/Frameworks/libswiftFoundation.dylib ... 
2025-06-24 07:56:40 +0000  3040064 bytes for ./Payload/Runner.app/Frameworks/libswiftFoundation.dylib
2025-06-24 07:56:40 +0000  copying file ./Payload/Runner.app/Frameworks/libswiftCoreMedia.dylib ... 
2025-06-24 07:56:40 +0000  89664 bytes for ./Payload/Runner.app/Frameworks/libswiftCoreMedia.dylib
2025-06-24 07:56:40 +0000  copying file ./Payload/Runner.app/Frameworks/libswiftCoreLocation.dylib ... 
2025-06-24 07:56:40 +0000  91120 bytes for ./Payload/Runner.app/Frameworks/libswiftCoreLocation.dylib
2025-06-24 07:56:40 +0000  copying file ./Payload/Runner.app/Frameworks/file_picker.framework/_CodeSignature/CodeResources ... 
2025-06-24 07:56:40 +0000  2364 bytes for ./Payload/Runner.app/Frameworks/file_picker.framework/_CodeSignature/CodeResources
2025-06-24 07:56:40 +0000  copying file ./Payload/Runner.app/Frameworks/file_picker.framework/file_picker_ios_privacy.bundle/PrivacyInfo.xcprivacy ... 
2025-06-24 07:56:40 +0000  372 bytes for ./Payload/Runner.app/Frameworks/file_picker.framework/file_picker_ios_privacy.bundle/PrivacyInfo.xcprivacy
2025-06-24 07:56:40 +0000  copying file ./Payload/Runner.app/Frameworks/file_picker.framework/file_picker_ios_privacy.bundle/Info.plist ... 
2025-06-24 07:56:40 +0000  796 bytes for ./Payload/Runner.app/Frameworks/file_picker.framework/file_picker_ios_privacy.bundle/Info.plist
2025-06-24 07:56:40 +0000  copying file ./Payload/Runner.app/Frameworks/file_picker.framework/file_picker ... 
2025-06-24 07:56:40 +0000  144544 bytes for ./Payload/Runner.app/Frameworks/file_picker.framework/file_picker
2025-06-24 07:56:40 +0000  copying file ./Payload/Runner.app/Frameworks/file_picker.framework/Info.plist ... 
2025-06-24 07:56:40 +0000  795 bytes for ./Payload/Runner.app/Frameworks/file_picker.framework/Info.plist
2025-06-24 07:56:40 +0000  copying file ./Payload/Runner.app/Frameworks/workmanager.framework/_CodeSignature/CodeResources ... 
2025-06-24 07:56:40 +0000  1798 bytes for ./Payload/Runner.app/Frameworks/workmanager.framework/_CodeSignature/CodeResources
2025-06-24 07:56:40 +0000  copying file ./Payload/Runner.app/Frameworks/workmanager.framework/workmanager ... 
2025-06-24 07:56:40 +0000  225008 bytes for ./Payload/Runner.app/Frameworks/workmanager.framework/workmanager
2025-06-24 07:56:40 +0000  copying file ./Payload/Runner.app/Frameworks/workmanager.framework/Info.plist ... 
2025-06-24 07:56:40 +0000  795 bytes for ./Payload/Runner.app/Frameworks/workmanager.framework/Info.plist
2025-06-24 07:56:40 +0000  copying file ./Payload/Runner.app/Frameworks/flutter_local_notifications.framework/_CodeSignature/CodeResources ... 
2025-06-24 07:56:40 +0000  2412 bytes for ./Payload/Runner.app/Frameworks/flutter_local_notifications.framework/_CodeSignature/CodeResources
2025-06-24 07:56:40 +0000  copying file ./Payload/Runner.app/Frameworks/flutter_local_notifications.framework/flutter_local_notifications_privacy.bundle/PrivacyInfo.xcprivacy ... 
2025-06-24 07:56:40 +0000  598 bytes for ./Payload/Runner.app/Frameworks/flutter_local_notifications.framework/flutter_local_notifications_privacy.bundle/PrivacyInfo.xcprivacy
2025-06-24 07:56:40 +0000  copying file ./Payload/Runner.app/Frameworks/flutter_local_notifications.framework/flutter_local_notifications_privacy.bundle/Info.plist ... 
2025-06-24 07:56:40 +0000  819 bytes for ./Payload/Runner.app/Frameworks/flutter_local_notifications.framework/flutter_local_notifications_privacy.bundle/Info.plist
2025-06-24 07:56:40 +0000  copying file ./Payload/Runner.app/Frameworks/flutter_local_notifications.framework/flutter_local_notifications ... 
2025-06-24 07:56:40 +0000  156352 bytes for ./Payload/Runner.app/Frameworks/flutter_local_notifications.framework/flutter_local_notifications
2025-06-24 07:56:40 +0000  copying file ./Payload/Runner.app/Frameworks/flutter_local_notifications.framework/Info.plist ... 
2025-06-24 07:56:40 +0000  829 bytes for ./Payload/Runner.app/Frameworks/flutter_local_notifications.framework/Info.plist
copying file ./Payload/Runner.app/Frameworks/libswiftsimd.dylib ... 
2025-06-24 07:56:40 +0000  308784 bytes for ./Payload/Runner.app/Frameworks/libswiftsimd.dylib
copying file ./Payload/Runner.app/embedded.mobileprovision ... 
2025-06-24 07:56:40 +0000  14374 bytes for ./Payload/Runner.app/embedded.mobileprovision
2025-06-24 07:56:40 +0000  copying file ./Payload/Runner.app/GoogleMapsResources.bundle/GoogleMaps.bundle/bubble_left@3x.png ... 
2025-06-24 07:56:40 +0000  2386 bytes for ./Payload/Runner.app/GoogleMapsResources.bundle/GoogleMaps.bundle/bubble_left@3x.png
2025-06-24 07:56:40 +0000  copying file ./Payload/Runner.app/GoogleMapsResources.bundle/GoogleMaps.bundle/bubble_left.png ... 
2025-06-24 07:56:40 +0000  451 bytes for ./Payload/Runner.app/GoogleMapsResources.bundle/GoogleMaps.bundle/bubble_left.png
copying file ./Payload/Runner.app/GoogleMapsResources.bundle/GoogleMaps.bundle/bubble_left@2x.png ... 
1055 bytes for ./Payload/Runner.app/GoogleMapsResources.bundle/GoogleMaps.bundle/bubble_left@2x.png
copying file ./Payload/Runner.app/GoogleMapsResources.bundle/GoogleMaps.bundle/bubble_right@3x.png ... 
2374 bytes for ./Payload/Runner.app/GoogleMapsResources.bundle/GoogleMaps.bundle/bubble_right@3x.png
copying file ./Payload/Runner.app/GoogleMapsResources.bundle/GoogleMaps.bundle/ic_error.png ... 
236 bytes for ./Payload/Runner.app/GoogleMapsResources.bundle/GoogleMaps.bundle/ic_error.png
copying file ./Payload/Runner.app/GoogleMapsResources.bundle/GoogleMaps.bundle/bubble_right@2x.png ... 
2025-06-24 07:56:40 +0000  1051 bytes for ./Payload/Runner.app/GoogleMapsResources.bundle/GoogleMaps.bundle/bubble_right@2x.png
copying file ./Payload/Runner.app/GoogleMapsResources.bundle/GoogleMaps.bundle/GMSCoreResources.bundle/de.lproj/GMSCore.strings ... 
2025-06-24 07:56:40 +0000  4308 bytes for ./Payload/Runner.app/GoogleMapsResources.bundle/GoogleMaps.bundle/GMSCoreResources.bundle/de.lproj/GMSCore.strings
2025-06-24 07:56:40 +0000  copying file ./Payload/Runner.app/GoogleMapsResources.bundle/GoogleMaps.bundle/GMSCoreResources.bundle/he.lproj/GMSCore.strings ... 
2025-06-24 07:56:40 +0000  4436 bytes for ./Payload/Runner.app/GoogleMapsResources.bundle/GoogleMaps.bundle/GMSCoreResources.bundle/he.lproj/GMSCore.strings
2025-06-24 07:56:40 +0000  copying file ./Payload/Runner.app/GoogleMapsResources.bundle/GoogleMaps.bundle/GMSCoreResources.bundle/en_AU.lproj/GMSCore.strings ... 
2025-06-24 07:56:40 +0000  4078 bytes for ./Payload/Runner.app/GoogleMapsResources.bundle/GoogleMaps.bundle/GMSCoreResources.bundle/en_AU.lproj/GMSCore.strings
2025-06-24 07:56:40 +0000  copying file ./Payload/Runner.app/GoogleMapsResources.bundle/GoogleMaps.bundle/GMSCoreResources.bundle/ic_covid_medical_waypoint_alert_32pt@2x.png ... 
2025-06-24 07:56:40 +0000  943 bytes for ./Payload/Runner.app/GoogleMapsResources.bundle/GoogleMaps.bundle/GMSCoreResources.bundle/ic_covid_medical_waypoint_alert_32pt@2x.png
2025-06-24 07:56:40 +0000  copying file ./Payload/Runner.app/GoogleMapsResources.bundle/GoogleMaps.bundle/GMSCoreResources.bundle/ar.lproj/GMSCore.strings ... 
2025-06-24 07:56:40 +0000  5230 bytes for ./Payload/Runner.app/GoogleMapsResources.bundle/GoogleMaps.bundle/GMSCoreResources.bundle/ar.lproj/GMSCore.strings
copying file ./Payload/Runner.app/GoogleMapsResources.bundle/GoogleMaps.bundle/GMSCoreResources.bundle/el.lproj/GMSCore.strings ... 
2025-06-24 07:56:40 +0000  4694 bytes for ./Payload/Runner.app/GoogleMapsResources.bundle/GoogleMaps.bundle/GMSCoreResources.bundle/el.lproj/GMSCore.strings
2025-06-24 07:56:40 +0000  copying file ./Payload/Runner.app/GoogleMapsResources.bundle/GoogleMaps.bundle/GMSCoreResources.bundle/ja.lproj/GMSCore.strings ... 
2025-06-24 07:56:40 +0000  3880 bytes for ./Payload/Runner.app/GoogleMapsResources.bundle/GoogleMaps.bundle/GMSCoreResources.bundle/ja.lproj/GMSCore.strings
2025-06-24 07:56:40 +0000  copying file ./Payload/Runner.app/GoogleMapsResources.bundle/GoogleMaps.bundle/GMSCoreResources.bundle/ic_covid_checkpoint_waypoint_alert_night_32pt.png ... 
2025-06-24 07:56:40 +0000  602 bytes for ./Payload/Runner.app/GoogleMapsResources.bundle/GoogleMaps.bundle/GMSCoreResources.bundle/ic_covid_checkpoint_waypoint_alert_night_32pt.png
2025-06-24 07:56:40 +0000  copying file ./Payload/Runner.app/GoogleMapsResources.bundle/GoogleMaps.bundle/GMSCoreResources.bundle/sq.lproj/GMSCore.strings ... 
2025-06-24 07:56:40 +0000  4410 bytes for ./Payload/Runner.app/GoogleMapsResources.bundle/GoogleMaps.bundle/GMSCoreResources.bundle/sq.lproj/GMSCore.strings
2025-06-24 07:56:40 +0000  copying file ./Payload/Runner.app/GoogleMapsResources.bundle/GoogleMaps.bundle/GMSCoreResources.bundle/ic_qu_direction_mylocation@2x.png ... 
2025-06-24 07:56:40 +0000  663 bytes for ./Payload/Runner.app/GoogleMapsResources.bundle/GoogleMaps.bundle/GMSCoreResources.bundle/ic_qu_direction_mylocation@2x.png
2025-06-24 07:56:40 +0000  copying file ./Payload/Runner.app/GoogleMapsResources.bundle/GoogleMaps.bundle/GMSCoreResources.bundle/en.lproj/GMSCore.strings ... 
2025-06-24 07:56:40 +0000  4061 bytes for ./Payload/Runner.app/GoogleMapsResources.bundle/GoogleMaps.bundle/GMSCoreResources.bundle/en.lproj/GMSCore.strings
2025-06-24 07:56:40 +0000  copying file ./Payload/Runner.app/GoogleMapsResources.bundle/GoogleMaps.bundle/GMSCoreResources.bundle/ic_covid_border_waypoint_alert_32pt.png ... 
2025-06-24 07:56:40 +0000  422 bytes for ./Payload/Runner.app/GoogleMapsResources.bundle/GoogleMaps.bundle/GMSCoreResources.bundle/ic_covid_border_waypoint_alert_32pt.png
2025-06-24 07:56:40 +0000  copying file ./Payload/Runner.app/GoogleMapsResources.bundle/GoogleMaps.bundle/GMSCoreResources.bundle/uk.lproj/GMSCore.strings ... 
2025-06-24 07:56:40 +0000  4963 bytes for ./Payload/Runner.app/GoogleMapsResources.bundle/GoogleMaps.bundle/GMSCoreResources.bundle/uk.lproj/GMSCore.strings
2025-06-24 07:56:40 +0000  copying file ./Payload/Runner.app/GoogleMapsResources.bundle/GoogleMaps.bundle/GMSCoreResources.bundle/ic_qu_direction_mylocation.png ... 
2025-06-24 07:56:40 +0000  362 bytes for ./Payload/Runner.app/GoogleMapsResources.bundle/GoogleMaps.bundle/GMSCoreResources.bundle/ic_qu_direction_mylocation.png
2025-06-24 07:56:40 +0000  copying file ./Payload/Runner.app/GoogleMapsResources.bundle/GoogleMaps.bundle/GMSCoreResources.bundle/es_419.lproj/GMSCore.strings ... 
2025-06-24 07:56:40 +0000  4376 bytes for ./Payload/Runner.app/GoogleMapsResources.bundle/GoogleMaps.bundle/GMSCoreResources.bundle/es_419.lproj/GMSCore.strings
2025-06-24 07:56:40 +0000  copying file ./Payload/Runner.app/GoogleMapsResources.bundle/GoogleMaps.bundle/GMSCoreResources.bundle/GMSSprites-0-1x.png ... 
2025-06-24 07:56:40 +0000  13906 bytes for ./Payload/Runner.app/GoogleMapsResources.bundle/GoogleMaps.bundle/GMSCoreResources.bundle/GMSSprites-0-1x.png
copying file ./Payload/Runner.app/GoogleMapsResources.bundle/GoogleMaps.bundle/GMSCoreResources.bundle/ic_compass_needle_large@2x.png ... 
2025-06-24 07:56:40 +0000  2446 bytes for ./Payload/Runner.app/GoogleMapsResources.bundle/GoogleMaps.bundle/GMSCoreResources.bundle/ic_compass_needle_large@2x.png
copying file ./Payload/Runner.app/GoogleMapsResources.bundle/GoogleMaps.bundle/GMSCoreResources.bundle/ic_compass_needle_large@3x.png ... 
2025-06-24 07:56:40 +0000  3304 bytes for ./Payload/Runner.app/GoogleMapsResources.bundle/GoogleMaps.bundle/GMSCoreResources.bundle/ic_compass_needle_large@3x.png
2025-06-24 07:56:40 +0000  copying file ./Payload/Runner.app/GoogleMapsResources.bundle/GoogleMaps.bundle/GMSCoreResources.bundle/es_MX.lproj/GMSCore.strings ... 
2025-06-24 07:56:40 +0000  4376 bytes for ./Payload/Runner.app/GoogleMapsResources.bundle/GoogleMaps.bundle/GMSCoreResources.bundle/es_MX.lproj/GMSCore.strings
2025-06-24 07:56:40 +0000  copying file ./Payload/Runner.app/GoogleMapsResources.bundle/GoogleMaps.bundle/GMSCoreResources.bundle/ic_compass_needle_large.png ... 
2025-06-24 07:56:40 +0000  1114 bytes for ./Payload/Runner.app/GoogleMapsResources.bundle/GoogleMaps.bundle/GMSCoreResources.bundle/ic_compass_needle_large.png
2025-06-24 07:56:40 +0000  copying file ./Payload/Runner.app/GoogleMapsResources.bundle/GoogleMaps.bundle/GMSCoreResources.bundle/zh_CN.lproj/GMSCore.strings ... 
2025-06-24 07:56:40 +0000  3871 bytes for ./Payload/Runner.app/GoogleMapsResources.bundle/GoogleMaps.bundle/GMSCoreResources.bundle/zh_CN.lproj/GMSCore.strings
2025-06-24 07:56:40 +0000  copying file ./Payload/Runner.app/GoogleMapsResources.bundle/GoogleMaps.bundle/GMSCoreResources.bundle/ic_qu_direction_mylocation@3x.png ... 
2025-06-24 07:56:40 +0000  1240 bytes for ./Payload/Runner.app/GoogleMapsResources.bundle/GoogleMaps.bundle/GMSCoreResources.bundle/ic_qu_direction_mylocation@3x.png
copying file ./Payload/Runner.app/GoogleMapsResources.bundle/GoogleMaps.bundle/GMSCoreResources.bundle/DroidSansMerged-Regular.ttf ... 
2025-06-24 07:56:40 +0000  392092 bytes for ./Payload/Runner.app/GoogleMapsResources.bundle/GoogleMaps.bundle/GMSCoreResources.bundle/DroidSansMerged-Regular.ttf
copying file ./Payload/Runner.app/GoogleMapsResources.bundle/GoogleMaps.bundle/GMSCoreResources.bundle/nb.lproj/GMSCore.strings ... 
2025-06-24 07:56:40 +0000  4211 bytes for ./Payload/Runner.app/GoogleMapsResources.bundle/GoogleMaps.bundle/GMSCoreResources.bundle/nb.lproj/GMSCore.strings
2025-06-24 07:56:40 +0000  copying file ./Payload/Runner.app/GoogleMapsResources.bundle/GoogleMaps.bundle/GMSCoreResources.bundle/es.lproj/GMSCore.strings ... 
2025-06-24 07:56:40 +0000  4377 bytes for ./Payload/Runner.app/GoogleMapsResources.bundle/GoogleMaps.bundle/GMSCoreResources.bundle/es.lproj/GMSCore.strings
2025-06-24 07:56:40 +0000  copying file ./Payload/Runner.app/GoogleMapsResources.bundle/GoogleMaps.bundle/GMSCoreResources.bundle/sw.lproj/GMSCore.strings ... 
2025-06-24 07:56:40 +0000  4171 bytes for ./Payload/Runner.app/GoogleMapsResources.bundle/GoogleMaps.bundle/GMSCoreResources.bundle/sw.lproj/GMSCore.strings
2025-06-24 07:56:40 +0000  copying file ./Payload/Runner.app/GoogleMapsResources.bundle/GoogleMaps.bundle/GMSCoreResources.bundle/ic_covid_medical_waypoint_alert_32pt@3x.png ... 
2025-06-24 07:56:40 +0000  1203 bytes for ./Payload/Runner.app/GoogleMapsResources.bundle/GoogleMaps.bundle/GMSCoreResources.bundle/ic_covid_medical_waypoint_alert_32pt@3x.png
2025-06-24 07:56:40 +0000  copying file ./Payload/Runner.app/GoogleMapsResources.bundle/GoogleMaps.bundle/GMSCoreResources.bundle/pt_BR.lproj/GMSCore.strings ... 
2025-06-24 07:56:40 +0000  4388 bytes for ./Payload/Runner.app/GoogleMapsResources.bundle/GoogleMaps.bundle/GMSCoreResources.bundle/pt_BR.lproj/GMSCore.strings
2025-06-24 07:56:40 +0000  copying file ./Payload/Runner.app/GoogleMapsResources.bundle/GoogleMaps.bundle/GMSCoreResources.bundle/da.lproj/GMSCore.strings ... 
2025-06-24 07:56:40 +0000  4321 bytes for ./Payload/Runner.app/GoogleMapsResources.bundle/GoogleMaps.bundle/GMSCoreResources.bundle/da.lproj/GMSCore.strings
2025-06-24 07:56:40 +0000  copying file ./Payload/Runner.app/GoogleMapsResources.bundle/GoogleMaps.bundle/GMSCoreResources.bundle/ic_location_off@3x.png ... 
2025-06-24 07:56:40 +0000  1577 bytes for ./Payload/Runner.app/GoogleMapsResources.bundle/GoogleMaps.bundle/GMSCoreResources.bundle/ic_location_off@3x.png
2025-06-24 07:56:40 +0000  copying file ./Payload/Runner.app/GoogleMapsResources.bundle/GoogleMaps.bundle/GMSCoreResources.bundle/it.lproj/GMSCore.strings ... 
2025-06-24 07:56:40 +0000  4115 bytes for ./Payload/Runner.app/GoogleMapsResources.bundle/GoogleMaps.bundle/GMSCoreResources.bundle/it.lproj/GMSCore.strings
2025-06-24 07:56:40 +0000  copying file ./Payload/Runner.app/GoogleMapsResources.bundle/GoogleMaps.bundle/GMSCoreResources.bundle/sk.lproj/GMSCore.strings ... 
2025-06-24 07:56:40 +0000  4441 bytes for ./Payload/Runner.app/GoogleMapsResources.bundle/GoogleMaps.bundle/GMSCoreResources.bundle/sk.lproj/GMSCore.strings
2025-06-24 07:56:40 +0000  copying file ./Payload/Runner.app/GoogleMapsResources.bundle/GoogleMaps.bundle/GMSCoreResources.bundle/GMSNavSprites-0-3x.png ... 
2025-06-24 07:56:40 +0000  20924 bytes for ./Payload/Runner.app/GoogleMapsResources.bundle/GoogleMaps.bundle/GMSCoreResources.bundle/GMSNavSprites-0-3x.png
2025-06-24 07:56:40 +0000  copying file ./Payload/Runner.app/GoogleMapsResources.bundle/GoogleMaps.bundle/GMSCoreResources.bundle/pt_PT.lproj/GMSCore.strings ... 
2025-06-24 07:56:40 +0000  4389 bytes for ./Payload/Runner.app/GoogleMapsResources.bundle/GoogleMaps.bundle/GMSCoreResources.bundle/pt_PT.lproj/GMSCore.strings
2025-06-24 07:56:40 +0000  copying file ./Payload/Runner.app/GoogleMapsResources.bundle/GoogleMaps.bundle/GMSCoreResources.bundle/button_compass_night.png ... 
2025-06-24 07:56:40 +0000  720 bytes for ./Payload/Runner.app/GoogleMapsResources.bundle/GoogleMaps.bundle/GMSCoreResources.bundle/button_compass_night.png
2025-06-24 07:56:40 +0000  copying file ./Payload/Runner.app/GoogleMapsResources.bundle/GoogleMaps.bundle/GMSCoreResources.bundle/button_my_location.png ... 
2025-06-24 07:56:40 +0000  492 bytes for ./Payload/Runner.app/GoogleMapsResources.bundle/GoogleMaps.bundle/GMSCoreResources.bundle/button_my_location.png
2025-06-24 07:56:40 +0000  copying file ./Payload/Runner.app/GoogleMapsResources.bundle/GoogleMaps.bundle/GMSCoreResources.bundle/road_16-4.png ... 
2025-06-24 07:56:40 +0000  127 bytes for ./Payload/Runner.app/GoogleMapsResources.bundle/GoogleMaps.bundle/GMSCoreResources.bundle/road_16-4.png
2025-06-24 07:56:40 +0000  copying file ./Payload/Runner.app/GoogleMapsResources.bundle/GoogleMaps.bundle/GMSCoreResources.bundle/sr.lproj/GMSCore.strings ... 
2025-06-24 07:56:40 +0000  4754 bytes for ./Payload/Runner.app/GoogleMapsResources.bundle/GoogleMaps.bundle/GMSCoreResources.bundle/sr.lproj/GMSCore.strings
2025-06-24 07:56:40 +0000  copying file ./Payload/Runner.app/GoogleMapsResources.bundle/GoogleMaps.bundle/GMSCoreResources.bundle/ms.lproj/GMSCore.strings ... 
2025-06-24 07:56:40 +0000  4033 bytes for ./Payload/Runner.app/GoogleMapsResources.bundle/GoogleMaps.bundle/GMSCoreResources.bundle/ms.lproj/GMSCore.strings
2025-06-24 07:56:40 +0000  copying file ./Payload/Runner.app/GoogleMapsResources.bundle/GoogleMaps.bundle/GMSCoreResources.bundle/road_256-64.png ... 
2025-06-24 07:56:40 +0000  1934 bytes for ./Payload/Runner.app/GoogleMapsResources.bundle/GoogleMaps.bundle/GMSCoreResources.bundle/road_256-64.png
2025-06-24 07:56:40 +0000  copying file ./Payload/Runner.app/GoogleMapsResources.bundle/GoogleMaps.bundle/GMSCoreResources.bundle/button_compass.png ... 
2025-06-24 07:56:40 +0000  631 bytes for ./Payload/Runner.app/GoogleMapsResources.bundle/GoogleMaps.bundle/GMSCoreResources.bundle/button_compass.png
2025-06-24 07:56:40 +0000  copying file ./Payload/Runner.app/GoogleMapsResources.bundle/GoogleMaps.bundle/GMSCoreResources.bundle/sv.lproj/GMSCore.strings ... 
2025-06-24 07:56:40 +0000  4451 bytes for ./Payload/Runner.app/GoogleMapsResources.bundle/GoogleMaps.bundle/GMSCoreResources.bundle/sv.lproj/GMSCore.strings
2025-06-24 07:56:40 +0000  copying file ./Payload/Runner.app/GoogleMapsResources.bundle/GoogleMaps.bundle/GMSCoreResources.bundle/road_8-2.png ... 
2025-06-24 07:56:40 +0000  93 bytes for ./Payload/Runner.app/GoogleMapsResources.bundle/GoogleMaps.bundle/GMSCoreResources.bundle/road_8-2.png
2025-06-24 07:56:40 +0000  copying file ./Payload/Runner.app/GoogleMapsResources.bundle/GoogleMaps.bundle/GMSCoreResources.bundle/ic_closed_place_waypoint_alert_32pt.png ... 
2025-06-24 07:56:40 +0000  494 bytes for ./Payload/Runner.app/GoogleMapsResources.bundle/GoogleMaps.bundle/GMSCoreResources.bundle/ic_closed_place_waypoint_alert_32pt.png
2025-06-24 07:56:40 +0000  copying file ./Payload/Runner.app/GoogleMapsResources.bundle/GoogleMaps.bundle/GMSCoreResources.bundle/cs.lproj/GMSCore.strings ... 
2025-06-24 07:56:40 +0000  4667 bytes for ./Payload/Runner.app/GoogleMapsResources.bundle/GoogleMaps.bundle/GMSCoreResources.bundle/cs.lproj/GMSCore.strings
2025-06-24 07:56:40 +0000  copying file ./Payload/Runner.app/GoogleMapsResources.bundle/GoogleMaps.bundle/GMSCoreResources.bundle/button_background.png ... 
2025-06-24 07:56:40 +0000  334 bytes for ./Payload/Runner.app/GoogleMapsResources.bundle/GoogleMaps.bundle/GMSCoreResources.bundle/button_background.png
2025-06-24 07:56:40 +0000  copying file ./Payload/Runner.app/GoogleMapsResources.bundle/GoogleMaps.bundle/GMSCoreResources.bundle/GMSNavNightModeSprites-0-1x.png ... 
2025-06-24 07:56:40 +0000  3393 bytes for ./Payload/Runner.app/GoogleMapsResources.bundle/GoogleMaps.bundle/GMSCoreResources.bundle/GMSNavNightModeSprites-0-1x.png
2025-06-24 07:56:40 +0000  copying file ./Payload/Runner.app/GoogleMapsResources.bundle/GoogleMaps.bundle/GMSCoreResources.bundle/button_my_location@2x.png ... 
2025-06-24 07:56:40 +0000  1229 bytes for ./Payload/Runner.app/GoogleMapsResources.bundle/GoogleMaps.bundle/GMSCoreResources.bundle/button_my_location@2x.png
2025-06-24 07:56:40 +0000  copying file ./Payload/Runner.app/GoogleMapsResources.bundle/GoogleMaps.bundle/GMSCoreResources.bundle/en_IN.lproj/GMSCore.strings ... 
2025-06-24 07:56:40 +0000  4078 bytes for ./Payload/Runner.app/GoogleMapsResources.bundle/GoogleMaps.bundle/GMSCoreResources.bundle/en_IN.lproj/GMSCore.strings
2025-06-24 07:56:40 +0000  copying file ./Payload/Runner.app/GoogleMapsResources.bundle/GoogleMaps.bundle/GMSCoreResources.bundle/ko.lproj/GMSCore.strings ... 
2025-06-24 07:56:40 +0000  3904 bytes for ./Payload/Runner.app/GoogleMapsResources.bundle/GoogleMaps.bundle/GMSCoreResources.bundle/ko.lproj/GMSCore.strings
2025-06-24 07:56:40 +0000  copying file ./Payload/Runner.app/GoogleMapsResources.bundle/GoogleMaps.bundle/GMSCoreResources.bundle/GMSNavSprites-0-2x.png ... 
2025-06-24 07:56:40 +0000  13321 bytes for ./Payload/Runner.app/GoogleMapsResources.bundle/GoogleMaps.bundle/GMSCoreResources.bundle/GMSNavSprites-0-2x.png
2025-06-24 07:56:40 +0000  copying file ./Payload/Runner.app/GoogleMapsResources.bundle/GoogleMaps.bundle/GMSCoreResources.bundle/hy.lproj/GMSCore.strings ... 
2025-06-24 07:56:40 +0000  4312 bytes for ./Payload/Runner.app/GoogleMapsResources.bundle/GoogleMaps.bundle/GMSCoreResources.bundle/hy.lproj/GMSCore.strings
2025-06-24 07:56:40 +0000  copying file ./Payload/Runner.app/GoogleMapsResources.bundle/GoogleMaps.bundle/GMSCoreResources.bundle/ic_location_off@2x.png ... 
2025-06-24 07:56:40 +0000  860 bytes for ./Payload/Runner.app/GoogleMapsResources.bundle/GoogleMaps.bundle/GMSCoreResources.bundle/ic_location_off@2x.png
2025-06-24 07:56:40 +0000  copying file ./Payload/Runner.app/GoogleMapsResources.bundle/GoogleMaps.bundle/GMSCoreResources.bundle/my.lproj/GMSCore.strings ... 
2025-06-24 07:56:40 +0000  4524 bytes for ./Payload/Runner.app/GoogleMapsResources.bundle/GoogleMaps.bundle/GMSCoreResources.bundle/my.lproj/GMSCore.strings
2025-06-24 07:56:40 +0000  copying file ./Payload/Runner.app/GoogleMapsResources.bundle/GoogleMaps.bundle/GMSCoreResources.bundle/ic_covid_checkpoint_waypoint_alert_32pt@2x.png ... 
2025-06-24 07:56:40 +0000  1373 bytes for ./Payload/Runner.app/GoogleMapsResources.bundle/GoogleMaps.bundle/GMSCoreResources.bundle/ic_covid_checkpoint_waypoint_alert_32pt@2x.png
2025-06-24 07:56:40 +0000  copying file ./Payload/Runner.app/GoogleMapsResources.bundle/GoogleMaps.bundle/GMSCoreResources.bundle/GMSNavSprites-0-1x.png ... 
2025-06-24 07:56:40 +0000  5684 bytes for ./Payload/Runner.app/GoogleMapsResources.bundle/GoogleMaps.bundle/GMSCoreResources.bundle/GMSNavSprites-0-1x.png
2025-06-24 07:56:40 +0000  copying file ./Payload/Runner.app/GoogleMapsResources.bundle/GoogleMaps.bundle/GMSCoreResources.bundle/Tharlon-Regular.ttf ... 
2025-06-24 07:56:40 +0000  353228 bytes for ./Payload/Runner.app/GoogleMapsResources.bundle/GoogleMaps.bundle/GMSCoreResources.bundle/Tharlon-Regular.ttf
2025-06-24 07:56:40 +0000  copying file ./Payload/Runner.app/GoogleMapsResources.bundle/GoogleMaps.bundle/GMSCoreResources.bundle/hu.lproj/GMSCore.strings ... 
2025-06-24 07:56:40 +0000  4195 bytes for ./Payload/Runner.app/GoogleMapsResources.bundle/GoogleMaps.bundle/GMSCoreResources.bundle/hu.lproj/GMSCore.strings
2025-06-24 07:56:40 +0000  copying file ./Payload/Runner.app/GoogleMapsResources.bundle/GoogleMaps.bundle/GMSCoreResources.bundle/zh_HK.lproj/GMSCore.strings ... 
2025-06-24 07:56:40 +0000  3832 bytes for ./Payload/Runner.app/GoogleMapsResources.bundle/GoogleMaps.bundle/GMSCoreResources.bundle/zh_HK.lproj/GMSCore.strings
2025-06-24 07:56:40 +0000  copying file ./Payload/Runner.app/GoogleMapsResources.bundle/GoogleMaps.bundle/GMSCoreResources.bundle/road_4-1.png ... 
2025-06-24 07:56:40 +0000  74 bytes for ./Payload/Runner.app/GoogleMapsResources.bundle/GoogleMaps.bundle/GMSCoreResources.bundle/road_4-1.png
2025-06-24 07:56:40 +0000  copying file ./Payload/Runner.app/GoogleMapsResources.bundle/GoogleMaps.bundle/GMSCoreResources.bundle/ka.lproj/GMSCore.strings ... 
2025-06-24 07:56:40 +0000  4322 bytes for ./Payload/Runner.app/GoogleMapsResources.bundle/GoogleMaps.bundle/GMSCoreResources.bundle/ka.lproj/GMSCore.strings
2025-06-24 07:56:40 +0000  copying file ./Payload/Runner.app/GoogleMapsResources.bundle/GoogleMaps.bundle/GMSCoreResources.bundle/button_background@2x.png ... 
2025-06-24 07:56:40 +0000  433 bytes for ./Payload/Runner.app/GoogleMapsResources.bundle/GoogleMaps.bundle/GMSCoreResources.bundle/button_background@2x.png
2025-06-24 07:56:40 +0000  copying file ./Payload/Runner.app/GoogleMapsResources.bundle/GoogleMaps.bundle/GMSCoreResources.bundle/ic_compass_needle_32pt.png ... 
2025-06-24 07:56:40 +0000  742 bytes for ./Payload/Runner.app/GoogleMapsResources.bundle/GoogleMaps.bundle/GMSCoreResources.bundle/ic_compass_needle_32pt.png
2025-06-24 07:56:40 +0000  copying file ./Payload/Runner.app/GoogleMapsResources.bundle/GoogleMaps.bundle/GMSCoreResources.bundle/ic_compass_needle@2x.png ... 
2025-06-24 07:56:40 +0000  992 bytes for ./Payload/Runner.app/GoogleMapsResources.bundle/GoogleMaps.bundle/GMSCoreResources.bundle/ic_compass_needle@2x.png
2025-06-24 07:56:40 +0000  copying file ./Payload/Runner.app/GoogleMapsResources.bundle/GoogleMaps.bundle/GMSCoreResources.bundle/Assets.car ... 
2025-06-24 07:56:40 +0000  48575 bytes for ./Payload/Runner.app/GoogleMapsResources.bundle/GoogleMaps.bundle/GMSCoreResources.bundle/Assets.car
2025-06-24 07:56:40 +0000  copying file ./Payload/Runner.app/GoogleMapsResources.bundle/GoogleMaps.bundle/GMSCoreResources.bundle/tr.lproj/GMSCore.strings ... 
2025-06-24 07:56:40 +0000  4175 bytes for ./Payload/Runner.app/GoogleMapsResources.bundle/GoogleMaps.bundle/GMSCoreResources.bundle/tr.lproj/GMSCore.strings
2025-06-24 07:56:40 +0000  copying file ./Payload/Runner.app/GoogleMapsResources.bundle/GoogleMaps.bundle/GMSCoreResources.bundle/pl.lproj/GMSCore.strings ... 
2025-06-24 07:56:40 +0000  4491 bytes for ./Payload/Runner.app/GoogleMapsResources.bundle/GoogleMaps.bundle/GMSCoreResources.bundle/pl.lproj/GMSCore.strings
2025-06-24 07:56:40 +0000  copying file ./Payload/Runner.app/GoogleMapsResources.bundle/GoogleMaps.bundle/GMSCoreResources.bundle/zh_TW.lproj/GMSCore.strings ... 
2025-06-24 07:56:40 +0000  3857 bytes for ./Payload/Runner.app/GoogleMapsResources.bundle/GoogleMaps.bundle/GMSCoreResources.bundle/zh_TW.lproj/GMSCore.strings
2025-06-24 07:56:40 +0000  copying file ./Payload/Runner.app/GoogleMapsResources.bundle/GoogleMaps.bundle/GMSCoreResources.bundle/ic_closed_place_waypoint_alert_32pt@3x.png ... 
2025-06-24 07:56:40 +0000  1643 bytes for ./Payload/Runner.app/GoogleMapsResources.bundle/GoogleMaps.bundle/GMSCoreResources.bundle/ic_closed_place_waypoint_alert_32pt@3x.png
2025-06-24 07:56:40 +0000  copying file ./Payload/Runner.app/GoogleMapsResources.bundle/GoogleMaps.bundle/GMSCoreResources.bundle/GMSNavNightModeSprites-0-2x.png ... 
2025-06-24 07:56:40 +0000  7660 bytes for ./Payload/Runner.app/GoogleMapsResources.bundle/GoogleMaps.bundle/GMSCoreResources.bundle/GMSNavNightModeSprites-0-2x.png
2025-06-24 07:56:40 +0000  copying file ./Payload/Runner.app/GoogleMapsResources.bundle/GoogleMaps.bundle/GMSCoreResources.bundle/GMSNavNightModeSprites-0-3x.png ... 
2025-06-24 07:56:40 +0000  12519 bytes for ./Payload/Runner.app/GoogleMapsResources.bundle/GoogleMaps.bundle/GMSCoreResources.bundle/GMSNavNightModeSprites-0-3x.png
2025-06-24 07:56:40 +0000  copying file ./Payload/Runner.app/GoogleMapsResources.bundle/GoogleMaps.bundle/GMSCoreResources.bundle/ic_closed_place_waypoint_alert_32pt@2x.png ... 
2025-06-24 07:56:40 +0000  1210 bytes for ./Payload/Runner.app/GoogleMapsResources.bundle/GoogleMaps.bundle/GMSCoreResources.bundle/ic_closed_place_waypoint_alert_32pt@2x.png
2025-06-24 07:56:40 +0000  copying file ./Payload/Runner.app/GoogleMapsResources.bundle/GoogleMaps.bundle/GMSCoreResources.bundle/en_GB.lproj/GMSCore.strings ... 
2025-06-24 07:56:40 +0000  4078 bytes for ./Payload/Runner.app/GoogleMapsResources.bundle/GoogleMaps.bundle/GMSCoreResources.bundle/en_GB.lproj/GMSCore.strings
2025-06-24 07:56:40 +0000  copying file ./Payload/Runner.app/GoogleMapsResources.bundle/GoogleMaps.bundle/GMSCoreResources.bundle/dav_one_way_16_256.png ... 
2025-06-24 07:56:40 +0000  315 bytes for ./Payload/Runner.app/GoogleMapsResources.bundle/GoogleMaps.bundle/GMSCoreResources.bundle/dav_one_way_16_256.png
2025-06-24 07:56:40 +0000  copying file ./Payload/Runner.app/GoogleMapsResources.bundle/GoogleMaps.bundle/GMSCoreResources.bundle/road_2-1.png ... 
2025-06-24 07:56:40 +0000  84 bytes for ./Payload/Runner.app/GoogleMapsResources.bundle/GoogleMaps.bundle/GMSCoreResources.bundle/road_2-1.png
2025-06-24 07:56:40 +0000  copying file ./Payload/Runner.app/GoogleMapsResources.bundle/GoogleMaps.bundle/GMSCoreResources.bundle/vi.lproj/GMSCore.strings ... 
2025-06-24 07:56:40 +0000  4232 bytes for ./Payload/Runner.app/GoogleMapsResources.bundle/GoogleMaps.bundle/GMSCoreResources.bundle/vi.lproj/GMSCore.strings
2025-06-24 07:56:40 +0000  copying file ./Payload/Runner.app/GoogleMapsResources.bundle/GoogleMaps.bundle/GMSCoreResources.bundle/button_background@3x.png ... 
2025-06-24 07:56:40 +0000  515 bytes for ./Payload/Runner.app/GoogleMapsResources.bundle/GoogleMaps.bundle/GMSCoreResources.bundle/button_background@3x.png
2025-06-24 07:56:40 +0000  copying file ./Payload/Runner.app/GoogleMapsResources.bundle/GoogleMaps.bundle/GMSCoreResources.bundle/road_32-8.png ... 
2025-06-24 07:56:40 +0000  223 bytes for ./Payload/Runner.app/GoogleMapsResources.bundle/GoogleMaps.bundle/GMSCoreResources.bundle/road_32-8.png
2025-06-24 07:56:40 +0000  copying file ./Payload/Runner.app/GoogleMapsResources.bundle/GoogleMaps.bundle/GMSCoreResources.bundle/lv.lproj/GMSCore.strings ... 
2025-06-24 07:56:40 +0000  4617 bytes for ./Payload/Runner.app/GoogleMapsResources.bundle/GoogleMaps.bundle/GMSCoreResources.bundle/lv.lproj/GMSCore.strings
2025-06-24 07:56:40 +0000  copying file ./Payload/Runner.app/GoogleMapsResources.bundle/GoogleMaps.bundle/GMSCoreResources.bundle/lt.lproj/GMSCore.strings ... 
2025-06-24 07:56:40 +0000  4321 bytes for ./Payload/Runner.app/GoogleMapsResources.bundle/GoogleMaps.bundle/GMSCoreResources.bundle/lt.lproj/GMSCore.strings
2025-06-24 07:56:40 +0000  copying file ./Payload/Runner.app/GoogleMapsResources.bundle/GoogleMaps.bundle/GMSCoreResources.bundle/ru.lproj/GMSCore.strings ... 
2025-06-24 07:56:40 +0000  4771 bytes for ./Payload/Runner.app/GoogleMapsResources.bundle/GoogleMaps.bundle/GMSCoreResources.bundle/ru.lproj/GMSCore.strings
2025-06-24 07:56:40 +0000  copying file ./Payload/Runner.app/GoogleMapsResources.bundle/GoogleMaps.bundle/GMSCoreResources.bundle/GMSShaders.metallib ... 
2025-06-24 07:56:40 +0000  305549 bytes for ./Payload/Runner.app/GoogleMapsResources.bundle/GoogleMaps.bundle/GMSCoreResources.bundle/GMSShaders.metallib
2025-06-24 07:56:40 +0000  copying file ./Payload/Runner.app/GoogleMapsResources.bundle/GoogleMaps.bundle/GMSCoreResources.bundle/polyline_colors_texture_dim.png ... 
2025-06-24 07:56:40 +0000  7485 bytes for ./Payload/Runner.app/GoogleMapsResources.bundle/GoogleMaps.bundle/GMSCoreResources.bundle/polyline_colors_texture_dim.png
2025-06-24 07:56:40 +0000  copying file ./Payload/Runner.app/GoogleMapsResources.bundle/GoogleMaps.bundle/GMSCoreResources.bundle/ic_covid_checkpoint_waypoint_alert_32pt@3x.png ... 
2025-06-24 07:56:40 +0000  1826 bytes for ./Payload/Runner.app/GoogleMapsResources.bundle/GoogleMaps.bundle/GMSCoreResources.bundle/ic_covid_checkpoint_waypoint_alert_32pt@3x.png
2025-06-24 07:56:40 +0000  copying file ./Payload/Runner.app/GoogleMapsResources.bundle/GoogleMaps.bundle/GMSCoreResources.bundle/ic_closed_place_waypoint_alert_night_32pt.png ... 
2025-06-24 07:56:40 +0000  435 bytes for ./Payload/Runner.app/GoogleMapsResources.bundle/GoogleMaps.bundle/GMSCoreResources.bundle/ic_closed_place_waypoint_alert_night_32pt.png
2025-06-24 07:56:40 +0000  copying file ./Payload/Runner.app/GoogleMapsResources.bundle/GoogleMaps.bundle/GMSCoreResources.bundle/fr_CA.lproj/GMSCore.strings ... 
2025-06-24 07:56:40 +0000  4335 bytes for ./Payload/Runner.app/GoogleMapsResources.bundle/GoogleMaps.bundle/GMSCoreResources.bundle/fr_CA.lproj/GMSCore.strings
2025-06-24 07:56:40 +0000  copying file ./Payload/Runner.app/GoogleMapsResources.bundle/GoogleMaps.bundle/GMSCoreResources.bundle/ic_covid_checkpoint_waypoint_alert_night_32pt@3x.png ... 
2025-06-24 07:56:40 +0000  1841 bytes for ./Payload/Runner.app/GoogleMapsResources.bundle/GoogleMaps.bundle/GMSCoreResources.bundle/ic_covid_checkpoint_waypoint_alert_night_32pt@3x.png
2025-06-24 07:56:40 +0000  copying file ./Payload/Runner.app/GoogleMapsResources.bundle/GoogleMaps.bundle/GMSCoreResources.bundle/ic_compass_needle_32pt@2x.png ... 
2025-06-24 07:56:40 +0000  1360 bytes for ./Payload/Runner.app/GoogleMapsResources.bundle/GoogleMaps.bundle/GMSCoreResources.bundle/ic_compass_needle_32pt@2x.png
2025-06-24 07:56:40 +0000  copying file ./Payload/Runner.app/GoogleMapsResources.bundle/GoogleMaps.bundle/GMSCoreResources.bundle/road_128-32.png ... 
2025-06-24 07:56:40 +0000  1029 bytes for ./Payload/Runner.app/GoogleMapsResources.bundle/GoogleMaps.bundle/GMSCoreResources.bundle/road_128-32.png
2025-06-24 07:56:40 +0000  copying file ./Payload/Runner.app/GoogleMapsResources.bundle/GoogleMaps.bundle/GMSCoreResources.bundle/uz.lproj/GMSCore.strings ... 
2025-06-24 07:56:40 +0000  4071 bytes for ./Payload/Runner.app/GoogleMapsResources.bundle/GoogleMaps.bundle/GMSCoreResources.bundle/uz.lproj/GMSCore.strings
2025-06-24 07:56:40 +0000  copying file ./Payload/Runner.app/GoogleMapsResources.bundle/GoogleMaps.bundle/GMSCoreResources.bundle/ic_covid_medical_waypoint_alert_32pt.png ... 
2025-06-24 07:56:40 +0000  441 bytes for ./Payload/Runner.app/GoogleMapsResources.bundle/GoogleMaps.bundle/GMSCoreResources.bundle/ic_covid_medical_waypoint_alert_32pt.png
2025-06-24 07:56:40 +0000  copying file ./Payload/Runner.app/GoogleMapsResources.bundle/GoogleMaps.bundle/GMSCoreResources.bundle/fr.lproj/GMSCore.strings ... 
2025-06-24 07:56:40 +0000  4633 bytes for ./Payload/Runner.app/GoogleMapsResources.bundle/GoogleMaps.bundle/GMSCoreResources.bundle/fr.lproj/GMSCore.strings
2025-06-24 07:56:40 +0000  copying file ./Payload/Runner.app/GoogleMapsResources.bundle/GoogleMaps.bundle/GMSCoreResources.bundle/fi.lproj/GMSCore.strings ... 
2025-06-24 07:56:40 +0000  4286 bytes for ./Payload/Runner.app/GoogleMapsResources.bundle/GoogleMaps.bundle/GMSCoreResources.bundle/fi.lproj/GMSCore.strings
2025-06-24 07:56:40 +0000  copying file ./Payload/Runner.app/GoogleMapsResources.bundle/GoogleMaps.bundle/GMSCoreResources.bundle/id.lproj/GMSCore.strings ... 
2025-06-24 07:56:40 +0000  3954 bytes for ./Payload/Runner.app/GoogleMapsResources.bundle/GoogleMaps.bundle/GMSCoreResources.bundle/id.lproj/GMSCore.strings
2025-06-24 07:56:40 +0000  copying file ./Payload/Runner.app/GoogleMapsResources.bundle/GoogleMaps.bundle/GMSCoreResources.bundle/nl.lproj/GMSCore.strings ... 
2025-06-24 07:56:40 +0000  4144 bytes for ./Payload/Runner.app/GoogleMapsResources.bundle/GoogleMaps.bundle/GMSCoreResources.bundle/nl.lproj/GMSCore.strings
2025-06-24 07:56:40 +0000  copying file ./Payload/Runner.app/GoogleMapsResources.bundle/GoogleMaps.bundle/GMSCoreResources.bundle/th.lproj/GMSCore.strings ... 
2025-06-24 07:56:40 +0000  4157 bytes for ./Payload/Runner.app/GoogleMapsResources.bundle/GoogleMaps.bundle/GMSCoreResources.bundle/th.lproj/GMSCore.strings
2025-06-24 07:56:40 +0000  copying file ./Payload/Runner.app/GoogleMapsResources.bundle/GoogleMaps.bundle/GMSCoreResources.bundle/ic_covid_medical_waypoint_alert_night_32pt@3x.png ... 
2025-06-24 07:56:40 +0000  1066 bytes for ./Payload/Runner.app/GoogleMapsResources.bundle/GoogleMaps.bundle/GMSCoreResources.bundle/ic_covid_medical_waypoint_alert_night_32pt@3x.png
2025-06-24 07:56:40 +0000  copying file ./Payload/Runner.app/GoogleMapsResources.bundle/GoogleMaps.bundle/GMSCoreResources.bundle/az.lproj/GMSCore.strings ... 
2025-06-24 07:56:40 +0000  4228 bytes for ./Payload/Runner.app/GoogleMapsResources.bundle/GoogleMaps.bundle/GMSCoreResources.bundle/az.lproj/GMSCore.strings
2025-06-24 07:56:40 +0000  copying file ./Payload/Runner.app/GoogleMapsResources.bundle/GoogleMaps.bundle/GMSCoreResources.bundle/road_64-16.png ... 
2025-06-24 07:56:40 +0000  425 bytes for ./Payload/Runner.app/GoogleMapsResources.bundle/GoogleMaps.bundle/GMSCoreResources.bundle/road_64-16.png
2025-06-24 07:56:40 +0000  copying file ./Payload/Runner.app/GoogleMapsResources.bundle/GoogleMaps.bundle/GMSCoreResources.bundle/GMSSprites-0-3x.png ... 
2025-06-24 07:56:40 +0000  61437 bytes for ./Payload/Runner.app/GoogleMapsResources.bundle/GoogleMaps.bundle/GMSCoreResources.bundle/GMSSprites-0-3x.png
2025-06-24 07:56:40 +0000  copying file ./Payload/Runner.app/GoogleMapsResources.bundle/GoogleMaps.bundle/GMSCoreResources.bundle/polyline_colors_texture.png ... 
2025-06-24 07:56:40 +0000  7433 bytes for ./Payload/Runner.app/GoogleMapsResources.bundle/GoogleMaps.bundle/GMSCoreResources.bundle/polyline_colors_texture.png
2025-06-24 07:56:40 +0000  copying file ./Payload/Runner.app/GoogleMapsResources.bundle/GoogleMaps.bundle/GMSCoreResources.bundle/ic_compass_needle.png ... 
2025-06-24 07:56:40 +0000  483 bytes for ./Payload/Runner.app/GoogleMapsResources.bundle/GoogleMaps.bundle/GMSCoreResources.bundle/ic_compass_needle.png
2025-06-24 07:56:40 +0000  copying file ./Payload/Runner.app/GoogleMapsResources.bundle/GoogleMaps.bundle/GMSCoreResources.bundle/pt.lproj/GMSCore.strings ... 
2025-06-24 07:56:40 +0000  4388 bytes for ./Payload/Runner.app/GoogleMapsResources.bundle/GoogleMaps.bundle/GMSCoreResources.bundle/pt.lproj/GMSCore.strings
2025-06-24 07:56:40 +0000  copying file ./Payload/Runner.app/GoogleMapsResources.bundle/GoogleMaps.bundle/GMSCoreResources.bundle/GMSShadersSim.metallib ... 
2025-06-24 07:56:40 +0000  307182 bytes for ./Payload/Runner.app/GoogleMapsResources.bundle/GoogleMaps.bundle/GMSCoreResources.bundle/GMSShadersSim.metallib
2025-06-24 07:56:40 +0000  copying file ./Payload/Runner.app/GoogleMapsResources.bundle/GoogleMaps.bundle/GMSCoreResources.bundle/ic_covid_border_waypoint_alert_32pt@2x.png ... 
2025-06-24 07:56:40 +0000  1012 bytes for ./Payload/Runner.app/GoogleMapsResources.bundle/GoogleMaps.bundle/GMSCoreResources.bundle/ic_covid_border_waypoint_alert_32pt@2x.png
2025-06-24 07:56:40 +0000  copying file ./Payload/Runner.app/GoogleMapsResources.bundle/GoogleMaps.bundle/GMSCoreResources.bundle/ic_closed_place_waypoint_alert_night_32pt@2x.png ... 
2025-06-24 07:56:40 +0000  1069 bytes for ./Payload/Runner.app/GoogleMapsResources.bundle/GoogleMaps.bundle/GMSCoreResources.bundle/ic_closed_place_waypoint_alert_night_32pt@2x.png
2025-06-24 07:56:40 +0000  copying file ./Payload/Runner.app/GoogleMapsResources.bundle/GoogleMaps.bundle/GMSCoreResources.bundle/road_1-1.png ... 
2025-06-24 07:56:40 +0000  95 bytes for ./Payload/Runner.app/GoogleMapsResources.bundle/GoogleMaps.bundle/GMSCoreResources.bundle/road_1-1.png
copying file ./Payload/Runner.app/GoogleMapsResources.bundle/GoogleMaps.bundle/GMSCoreResources.bundle/ic_location_off.png ... 
2025-06-24 07:56:40 +0000  498 bytes for ./Payload/Runner.app/GoogleMapsResources.bundle/GoogleMaps.bundle/GMSCoreResources.bundle/ic_location_off.png
2025-06-24 07:56:40 +0000  copying file ./Payload/Runner.app/GoogleMapsResources.bundle/GoogleMaps.bundle/GMSCoreResources.bundle/ic_covid_border_waypoint_alert_32pt@3x.png ... 
2025-06-24 07:56:40 +0000  1353 bytes for ./Payload/Runner.app/GoogleMapsResources.bundle/GoogleMaps.bundle/GMSCoreResources.bundle/ic_covid_border_waypoint_alert_32pt@3x.png
2025-06-24 07:56:40 +0000  copying file ./Payload/Runner.app/GoogleMapsResources.bundle/GoogleMaps.bundle/GMSCoreResources.bundle/ic_closed_place_waypoint_alert_night_32pt@3x.png ... 
2025-06-24 07:56:40 +0000  1472 bytes for ./Payload/Runner.app/GoogleMapsResources.bundle/GoogleMaps.bundle/GMSCoreResources.bundle/ic_closed_place_waypoint_alert_night_32pt@3x.png
2025-06-24 07:56:40 +0000  copying file ./Payload/Runner.app/GoogleMapsResources.bundle/GoogleMaps.bundle/GMSCoreResources.bundle/ro.lproj/GMSCore.strings ... 
2025-06-24 07:56:40 +0000  4491 bytes for ./Payload/Runner.app/GoogleMapsResources.bundle/GoogleMaps.bundle/GMSCoreResources.bundle/ro.lproj/GMSCore.strings
2025-06-24 07:56:40 +0000  copying file ./Payload/Runner.app/GoogleMapsResources.bundle/GoogleMaps.bundle/GMSCoreResources.bundle/Info.plist ... 
2025-06-24 07:56:40 +0000  359 bytes for ./Payload/Runner.app/GoogleMapsResources.bundle/GoogleMaps.bundle/GMSCoreResources.bundle/Info.plist
2025-06-24 07:56:40 +0000  copying file ./Payload/Runner.app/GoogleMapsResources.bundle/GoogleMaps.bundle/GMSCoreResources.bundle/GMSSprites-0-2x.png ... 
2025-06-24 07:56:40 +0000  40485 bytes for ./Payload/Runner.app/GoogleMapsResources.bundle/GoogleMaps.bundle/GMSCoreResources.bundle/GMSSprites-0-2x.png
2025-06-24 07:56:40 +0000  copying file ./Payload/Runner.app/GoogleMapsResources.bundle/GoogleMaps.bundle/GMSCoreResources.bundle/ic_covid_medical_waypoint_alert_night_32pt.png ... 
2025-06-24 07:56:40 +0000  382 bytes for ./Payload/Runner.app/GoogleMapsResources.bundle/GoogleMaps.bundle/GMSCoreResources.bundle/ic_covid_medical_waypoint_alert_night_32pt.png
2025-06-24 07:56:40 +0000  copying file ./Payload/Runner.app/GoogleMapsResources.bundle/GoogleMaps.bundle/GMSCoreResources.bundle/ic_covid_checkpoint_waypoint_alert_32pt.png ... 
2025-06-24 07:56:40 +0000  601 bytes for ./Payload/Runner.app/GoogleMapsResources.bundle/GoogleMaps.bundle/GMSCoreResources.bundle/ic_covid_checkpoint_waypoint_alert_32pt.png
2025-06-24 07:56:40 +0000  copying file ./Payload/Runner.app/GoogleMapsResources.bundle/GoogleMaps.bundle/GMSCoreResources.bundle/ic_covid_medical_waypoint_alert_night_32pt@2x.png ... 
2025-06-24 07:56:40 +0000  825 bytes for ./Payload/Runner.app/GoogleMapsResources.bundle/GoogleMaps.bundle/GMSCoreResources.bundle/ic_covid_medical_waypoint_alert_night_32pt@2x.png
2025-06-24 07:56:40 +0000  copying file ./Payload/Runner.app/GoogleMapsResources.bundle/GoogleMaps.bundle/GMSCoreResources.bundle/button_compass_night@2x.png ... 
2025-06-24 07:56:40 +0000  2221 bytes for ./Payload/Runner.app/GoogleMapsResources.bundle/GoogleMaps.bundle/GMSCoreResources.bundle/button_compass_night@2x.png
2025-06-24 07:56:40 +0000  copying file ./Payload/Runner.app/GoogleMapsResources.bundle/GoogleMaps.bundle/GMSCoreResources.bundle/button_compass@2x.png ... 
2025-06-24 07:56:40 +0000  2560 bytes for ./Payload/Runner.app/GoogleMapsResources.bundle/GoogleMaps.bundle/GMSCoreResources.bundle/button_compass@2x.png
2025-06-24 07:56:40 +0000  copying file ./Payload/Runner.app/GoogleMapsResources.bundle/GoogleMaps.bundle/GMSCoreResources.bundle/hr.lproj/GMSCore.strings ... 
2025-06-24 07:56:40 +0000  4264 bytes for ./Payload/Runner.app/GoogleMapsResources.bundle/GoogleMaps.bundle/GMSCoreResources.bundle/hr.lproj/GMSCore.strings
2025-06-24 07:56:40 +0000  copying file ./Payload/Runner.app/GoogleMapsResources.bundle/GoogleMaps.bundle/GMSCoreResources.bundle/hi.lproj/GMSCore.strings ... 
2025-06-24 07:56:40 +0000  4242 bytes for ./Payload/Runner.app/GoogleMapsResources.bundle/GoogleMaps.bundle/GMSCoreResources.bundle/hi.lproj/GMSCore.strings
2025-06-24 07:56:40 +0000  copying file ./Payload/Runner.app/GoogleMapsResources.bundle/GoogleMaps.bundle/GMSCoreResources.bundle/ca.lproj/GMSCore.strings ... 
2025-06-24 07:56:40 +0000  4274 bytes for ./Payload/Runner.app/GoogleMapsResources.bundle/GoogleMaps.bundle/GMSCoreResources.bundle/ca.lproj/GMSCore.strings
2025-06-24 07:56:40 +0000  copying file ./Payload/Runner.app/GoogleMapsResources.bundle/GoogleMaps.bundle/GMSCoreResources.bundle/ic_compass_needle_32pt@3x.png ... 
2025-06-24 07:56:40 +0000  1962 bytes for ./Payload/Runner.app/GoogleMapsResources.bundle/GoogleMaps.bundle/GMSCoreResources.bundle/ic_compass_needle_32pt@3x.png
2025-06-24 07:56:40 +0000  copying file ./Payload/Runner.app/GoogleMapsResources.bundle/GoogleMaps.bundle/GMSCoreResources.bundle/ic_covid_checkpoint_waypoint_alert_night_32pt@2x.png ... 
2025-06-24 07:56:40 +0000  1380 bytes for ./Payload/Runner.app/GoogleMapsResources.bundle/GoogleMaps.bundle/GMSCoreResources.bundle/ic_covid_checkpoint_waypoint_alert_night_32pt@2x.png
2025-06-24 07:56:40 +0000  copying file ./Payload/Runner.app/GoogleMapsResources.bundle/GoogleMaps.bundle/ic_error@3x.png ... 
2025-06-24 07:56:40 +0000  743 bytes for ./Payload/Runner.app/GoogleMapsResources.bundle/GoogleMaps.bundle/ic_error@3x.png
2025-06-24 07:56:40 +0000  copying file ./Payload/Runner.app/GoogleMapsResources.bundle/GoogleMaps.bundle/oss_licenses_maps.txt.gz ... 
2025-06-24 07:56:40 +0000  173531 bytes for ./Payload/Runner.app/GoogleMapsResources.bundle/GoogleMaps.bundle/oss_licenses_maps.txt.gz
2025-06-24 07:56:40 +0000  copying file ./Payload/Runner.app/GoogleMapsResources.bundle/GoogleMaps.bundle/Assets.car ... 
2025-06-24 07:56:40 +0000  43967 bytes for ./Payload/Runner.app/GoogleMapsResources.bundle/GoogleMaps.bundle/Assets.car
2025-06-24 07:56:40 +0000  copying file ./Payload/Runner.app/GoogleMapsResources.bundle/GoogleMaps.bundle/bubble_right.png ... 
2025-06-24 07:56:40 +0000  455 bytes for ./Payload/Runner.app/GoogleMapsResources.bundle/GoogleMaps.bundle/bubble_right.png
2025-06-24 07:56:40 +0000  copying file ./Payload/Runner.app/GoogleMapsResources.bundle/GoogleMaps.bundle/ic_error@2x.png ... 
2025-06-24 07:56:40 +0000  454 bytes for ./Payload/Runner.app/GoogleMapsResources.bundle/GoogleMaps.bundle/ic_error@2x.png
2025-06-24 07:56:40 +0000  copying file ./Payload/Runner.app/GoogleMapsResources.bundle/GoogleMaps.bundle/GMSCacheStorage.momd/Storage.mom ... 
2025-06-24 07:56:40 +0000  4696 bytes for ./Payload/Runner.app/GoogleMapsResources.bundle/GoogleMaps.bundle/GMSCacheStorage.momd/Storage.mom
2025-06-24 07:56:40 +0000  copying file ./Payload/Runner.app/GoogleMapsResources.bundle/GoogleMaps.bundle/GMSCacheStorage.momd/VersionInfo.plist ... 
2025-06-24 07:56:40 +0000  1197 bytes for ./Payload/Runner.app/GoogleMapsResources.bundle/GoogleMaps.bundle/GMSCacheStorage.momd/VersionInfo.plist
2025-06-24 07:56:40 +0000  copying file ./Payload/Runner.app/GoogleMapsResources.bundle/GoogleMaps.bundle/GMSCacheStorage.momd/StorageWithTileProto.mom ... 
2025-06-24 07:56:40 +0000  5292 bytes for ./Payload/Runner.app/GoogleMapsResources.bundle/GoogleMaps.bundle/GMSCacheStorage.momd/StorageWithTileProto.mom
2025-06-24 07:56:40 +0000  copying file ./Payload/Runner.app/GoogleMapsResources.bundle/GoogleMaps.bundle/GMSCacheStorage.momd/StorageWithTileVersionID.mom ... 
2025-06-24 07:56:40 +0000  4802 bytes for ./Payload/Runner.app/GoogleMapsResources.bundle/GoogleMaps.bundle/GMSCacheStorage.momd/StorageWithTileVersionID.mom
2025-06-24 07:56:40 +0000  copying file ./Payload/Runner.app/GoogleMapsResources.bundle/GoogleMaps.bundle/Info.plist ... 
2025-06-24 07:56:40 +0000  363 bytes for ./Payload/Runner.app/GoogleMapsResources.bundle/GoogleMaps.bundle/Info.plist
2025-06-24 07:56:40 +0000  copying file ./Payload/Runner.app/GoogleMapsResources.bundle/Info.plist ... 
2025-06-24 07:56:40 +0000  788 bytes for ./Payload/Runner.app/GoogleMapsResources.bundle/Info.plist
2025-06-24 07:56:40 +0000  copying file ./Payload/Runner.app/Info.plist ... 
2025-06-24 07:56:40 +0000  2067 bytes for ./Payload/Runner.app/Info.plist
2025-06-24 07:56:40 +0000  copying file ./Payload/Runner.app/PkgInfo ... 
2025-06-24 07:56:40 +0000  8 bytes for ./Payload/Runner.app/PkgInfo
2025-06-24 07:56:40 +0000  /usr/bin/ditto exited with 0
2025-06-24 07:56:40 +0000  Processing step: IDEDistributionAppStoreInformationStep
2025-06-24 07:56:40 +0000  Skipping step: IDEDistributionAppStoreInformationStep because it said so
2025-06-24 07:56:40 +0000  Processing step: IDEDistributionGenerateProcessedDistributionItems
2025-06-24 07:56:40 +0000  IDEDistributionItem init <DVTFilePath:0x600023421b20:'/var/folders/fs/jyprtvb12cv490g4bbpmssyh0000gn/T/XcodeDistPipeline.~~~Eh3jHy/Root/Payload/Runner.app/Frameworks/libswiftAVFoundation.dylib'>
2025-06-24 07:56:40 +0000  [OPTIONAL] Can't have a profile, not a bundle at <DVTFilePath:0x600023421b20:'/var/folders/fs/jyprtvb12cv490g4bbpmssyh0000gn/T/XcodeDistPipeline.~~~Eh3jHy/Root/Payload/Runner.app/Frameworks/libswiftAVFoundation.dylib'>
2025-06-24 07:56:40 +0000  IDEDistributionItem init <DVTFilePath:0x60002342a920:'/var/folders/fs/jyprtvb12cv490g4bbpmssyh0000gn/T/XcodeDistPipeline.~~~Eh3jHy/Root/Payload/Runner.app/Frameworks/workmanager.framework'>
2025-06-24 07:56:40 +0000  IDEDistributionItem init <DVTFilePath:0x6000172c8b80:'/var/folders/fs/jyprtvb12cv490g4bbpmssyh0000gn/T/XcodeDistPipeline.~~~Eh3jHy/Root/Payload/Runner.app/Frameworks/flutter_background_service_ios.framework'>
2025-06-24 07:56:40 +0000  IDEDistributionItem init <DVTFilePath:0x60002342a4c0:'/var/folders/fs/jyprtvb12cv490g4bbpmssyh0000gn/T/XcodeDistPipeline.~~~Eh3jHy/Root/Payload/Runner.app/Frameworks/libswiftDispatch.dylib'>
2025-06-24 07:56:40 +0000  [OPTIONAL] Can't have a profile, not a bundle at <DVTFilePath:0x60002342a4c0:'/var/folders/fs/jyprtvb12cv490g4bbpmssyh0000gn/T/XcodeDistPipeline.~~~Eh3jHy/Root/Payload/Runner.app/Frameworks/libswiftDispatch.dylib'>
2025-06-24 07:56:40 +0000  IDEDistributionItem init <DVTFilePath:0x60002342a990:'/var/folders/fs/jyprtvb12cv490g4bbpmssyh0000gn/T/XcodeDistPipeline.~~~Eh3jHy/Root/Payload/Runner.app/Frameworks/libswiftos.dylib'>
2025-06-24 07:56:40 +0000  [OPTIONAL] Can't have a profile, not a bundle at <DVTFilePath:0x60002342a990:'/var/folders/fs/jyprtvb12cv490g4bbpmssyh0000gn/T/XcodeDistPipeline.~~~Eh3jHy/Root/Payload/Runner.app/Frameworks/libswiftos.dylib'>
2025-06-24 07:56:40 +0000  IDEDistributionItem init <DVTFilePath:0x60002342a530:'/var/folders/fs/jyprtvb12cv490g4bbpmssyh0000gn/T/XcodeDistPipeline.~~~Eh3jHy/Root/Payload/Runner.app/Frameworks/fluttertoast.framework'>
2025-06-24 07:56:40 +0000  IDEDistributionItem init <DVTFilePath:0x6000172c9500:'/var/folders/fs/jyprtvb12cv490g4bbpmssyh0000gn/T/XcodeDistPipeline.~~~Eh3jHy/Root/Payload/Runner.app/Frameworks/shared_preferences_foundation.framework'>
2025-06-24 07:56:40 +0000  IDEDistributionItem init <DVTFilePath:0x60002342a5a0:'/var/folders/fs/jyprtvb12cv490g4bbpmssyh0000gn/T/XcodeDistPipeline.~~~Eh3jHy/Root/Payload/Runner.app/Frameworks/flutter_native_splash.framework'>
2025-06-24 07:56:40 +0000  IDEDistributionItem init <DVTFilePath:0x600023425a40:'/var/folders/fs/jyprtvb12cv490g4bbpmssyh0000gn/T/XcodeDistPipeline.~~~Eh3jHy/Root/Payload/Runner.app/Frameworks/libswiftCoreGraphics.dylib'>
2025-06-24 07:56:40 +0000  [OPTIONAL] Can't have a profile, not a bundle at <DVTFilePath:0x600023425a40:'/var/folders/fs/jyprtvb12cv490g4bbpmssyh0000gn/T/XcodeDistPipeline.~~~Eh3jHy/Root/Payload/Runner.app/Frameworks/libswiftCoreGraphics.dylib'>
2025-06-24 07:56:40 +0000  IDEDistributionItem init <DVTFilePath:0x600023425180:'/var/folders/fs/jyprtvb12cv490g4bbpmssyh0000gn/T/XcodeDistPipeline.~~~Eh3jHy/Root/Payload/Runner.app/Frameworks/libswiftObjectiveC.dylib'>
2025-06-24 07:56:40 +0000  [OPTIONAL] Can't have a profile, not a bundle at <DVTFilePath:0x600023425180:'/var/folders/fs/jyprtvb12cv490g4bbpmssyh0000gn/T/XcodeDistPipeline.~~~Eh3jHy/Root/Payload/Runner.app/Frameworks/libswiftObjectiveC.dylib'>
2025-06-24 07:56:40 +0000  IDEDistributionItem init <DVTFilePath:0x600023425f10:'/var/folders/fs/jyprtvb12cv490g4bbpmssyh0000gn/T/XcodeDistPipeline.~~~Eh3jHy/Root/Payload/Runner.app/Frameworks/libswiftsimd.dylib'>
2025-06-24 07:56:40 +0000  [OPTIONAL] Can't have a profile, not a bundle at <DVTFilePath:0x600023425f10:'/var/folders/fs/jyprtvb12cv490g4bbpmssyh0000gn/T/XcodeDistPipeline.~~~Eh3jHy/Root/Payload/Runner.app/Frameworks/libswiftsimd.dylib'>
2025-06-24 07:56:40 +0000  IDEDistributionItem init <DVTFilePath:0x600023425ab0:'/var/folders/fs/jyprtvb12cv490g4bbpmssyh0000gn/T/XcodeDistPipeline.~~~Eh3jHy/Root/Payload/Runner.app/Frameworks/SDWebImage.framework'>
2025-06-24 07:56:40 +0000  IDEDistributionItem init <DVTFilePath:0x60002342a680:'/var/folders/fs/jyprtvb12cv490g4bbpmssyh0000gn/T/XcodeDistPipeline.~~~Eh3jHy/Root/Payload/Runner.app/Frameworks/libswiftCore.dylib'>
2025-06-24 07:56:40 +0000  [OPTIONAL] Can't have a profile, not a bundle at <DVTFilePath:0x60002342a680:'/var/folders/fs/jyprtvb12cv490g4bbpmssyh0000gn/T/XcodeDistPipeline.~~~Eh3jHy/Root/Payload/Runner.app/Frameworks/libswiftCore.dylib'>
2025-06-24 07:56:40 +0000  IDEDistributionItem init <DVTFilePath:0x600023425f80:'/var/folders/fs/jyprtvb12cv490g4bbpmssyh0000gn/T/XcodeDistPipeline.~~~Eh3jHy/Root/Payload/Runner.app/Frameworks/url_launcher_ios.framework'>
2025-06-24 07:56:40 +0000  IDEDistributionItem init <DVTFilePath:0x6000234c99d0:'/var/folders/fs/jyprtvb12cv490g4bbpmssyh0000gn/T/XcodeDistPipeline.~~~Eh3jHy/Root/Payload/Runner.app/Frameworks/image_picker_ios.framework'>
2025-06-24 07:56:40 +0000  IDEDistributionItem init <DVTFilePath:0x600023425ff0:'/var/folders/fs/jyprtvb12cv490g4bbpmssyh0000gn/T/XcodeDistPipeline.~~~Eh3jHy/Root/Payload/Runner.app/Frameworks/libswiftFoundation.dylib'>
2025-06-24 07:56:40 +0000  [OPTIONAL] Can't have a profile, not a bundle at <DVTFilePath:0x600023425ff0:'/var/folders/fs/jyprtvb12cv490g4bbpmssyh0000gn/T/XcodeDistPipeline.~~~Eh3jHy/Root/Payload/Runner.app/Frameworks/libswiftFoundation.dylib'>
2025-06-24 07:56:40 +0000  IDEDistributionItem init <DVTFilePath:0x6000234ca300:'/var/folders/fs/jyprtvb12cv490g4bbpmssyh0000gn/T/XcodeDistPipeline.~~~Eh3jHy/Root/Payload/Runner.app/Frameworks/libswiftCoreFoundation.dylib'>
2025-06-24 07:56:40 +0000  [OPTIONAL] Can't have a profile, not a bundle at <DVTFilePath:0x6000234ca300:'/var/folders/fs/jyprtvb12cv490g4bbpmssyh0000gn/T/XcodeDistPipeline.~~~Eh3jHy/Root/Payload/Runner.app/Frameworks/libswiftCoreFoundation.dylib'>
2025-06-24 07:56:40 +0000  IDEDistributionItem init <DVTFilePath:0x6000234287e0:'/var/folders/fs/jyprtvb12cv490g4bbpmssyh0000gn/T/XcodeDistPipeline.~~~Eh3jHy/Root/Payload/Runner.app/Frameworks/DKPhotoGallery.framework'>
2025-06-24 07:56:40 +0000  IDEDistributionItem init <DVTFilePath:0x60002342a6f0:'/var/folders/fs/jyprtvb12cv490g4bbpmssyh0000gn/T/XcodeDistPipeline.~~~Eh3jHy/Root/Payload/Runner.app/Frameworks/libswiftCoreData.dylib'>
2025-06-24 07:56:40 +0000  [OPTIONAL] Can't have a profile, not a bundle at <DVTFilePath:0x60002342a6f0:'/var/folders/fs/jyprtvb12cv490g4bbpmssyh0000gn/T/XcodeDistPipeline.~~~Eh3jHy/Root/Payload/Runner.app/Frameworks/libswiftCoreData.dylib'>
2025-06-24 07:56:40 +0000  IDEDistributionItem init <DVTFilePath:0x600023420770:'/var/folders/fs/jyprtvb12cv490g4bbpmssyh0000gn/T/XcodeDistPipeline.~~~Eh3jHy/Root/Payload/Runner.app/Frameworks/geocoding_ios.framework'>
2025-06-24 07:56:40 +0000  IDEDistributionItem init <DVTFilePath:0x600023429110:'/var/folders/fs/jyprtvb12cv490g4bbpmssyh0000gn/T/XcodeDistPipeline.~~~Eh3jHy/Root/Payload/Runner.app/Frameworks/file_picker.framework'>
2025-06-24 07:56:40 +0000  IDEDistributionItem init <DVTFilePath:0x60002342abc0:'/var/folders/fs/jyprtvb12cv490g4bbpmssyh0000gn/T/XcodeDistPipeline.~~~Eh3jHy/Root/Payload/Runner.app/Frameworks/libswiftUIKit.dylib'>
2025-06-24 07:56:40 +0000  [OPTIONAL] Can't have a profile, not a bundle at <DVTFilePath:0x60002342abc0:'/var/folders/fs/jyprtvb12cv490g4bbpmssyh0000gn/T/XcodeDistPipeline.~~~Eh3jHy/Root/Payload/Runner.app/Frameworks/libswiftUIKit.dylib'>
2025-06-24 07:56:40 +0000  IDEDistributionItem init <DVTFilePath:0x60002342a760:'/var/folders/fs/jyprtvb12cv490g4bbpmssyh0000gn/T/XcodeDistPipeline.~~~Eh3jHy/Root/Payload/Runner.app/Frameworks/libswiftPhotos.dylib'>
2025-06-24 07:56:40 +0000  [OPTIONAL] Can't have a profile, not a bundle at <DVTFilePath:0x60002342a760:'/var/folders/fs/jyprtvb12cv490g4bbpmssyh0000gn/T/XcodeDistPipeline.~~~Eh3jHy/Root/Payload/Runner.app/Frameworks/libswiftPhotos.dylib'>
2025-06-24 07:56:40 +0000  IDEDistributionItem init <DVTFilePath:0x6000234c88c0:'/var/folders/fs/jyprtvb12cv490g4bbpmssyh0000gn/T/XcodeDistPipeline.~~~Eh3jHy/Root/Payload/Runner.app/Frameworks/device_info_plus.framework'>
2025-06-24 07:56:40 +0000  IDEDistributionItem init <DVTFilePath:0x600023420c40:'/var/folders/fs/jyprtvb12cv490g4bbpmssyh0000gn/T/XcodeDistPipeline.~~~Eh3jHy/Root/Payload/Runner.app/Frameworks/libswiftCoreImage.dylib'>
2025-06-24 07:56:40 +0000  [OPTIONAL] Can't have a profile, not a bundle at <DVTFilePath:0x600023420c40:'/var/folders/fs/jyprtvb12cv490g4bbpmssyh0000gn/T/XcodeDistPipeline.~~~Eh3jHy/Root/Payload/Runner.app/Frameworks/libswiftCoreImage.dylib'>
2025-06-24 07:56:40 +0000  IDEDistributionItem init <DVTFilePath:0x6000234260d0:'/var/folders/fs/jyprtvb12cv490g4bbpmssyh0000gn/T/XcodeDistPipeline.~~~Eh3jHy/Root/Payload/Runner.app/Frameworks/sqflite_darwin.framework'>
2025-06-24 07:56:40 +0000  IDEDistributionItem init <DVTFilePath:0x600023425c70:'/var/folders/fs/jyprtvb12cv490g4bbpmssyh0000gn/T/XcodeDistPipeline.~~~Eh3jHy/Root/Payload/Runner.app/Frameworks/libswiftCoreAudio.dylib'>
2025-06-24 07:56:40 +0000  [OPTIONAL] Can't have a profile, not a bundle at <DVTFilePath:0x600023425c70:'/var/folders/fs/jyprtvb12cv490g4bbpmssyh0000gn/T/XcodeDistPipeline.~~~Eh3jHy/Root/Payload/Runner.app/Frameworks/libswiftCoreAudio.dylib'>
2025-06-24 07:56:40 +0000  IDEDistributionItem init <DVTFilePath:0x6000234c9b20:'/var/folders/fs/jyprtvb12cv490g4bbpmssyh0000gn/T/XcodeDistPipeline.~~~Eh3jHy/Root/Payload/Runner.app/Frameworks/geolocator_apple.framework'>
2025-06-24 07:56:40 +0000  IDEDistributionItem init <DVTFilePath:0x600023424af0:'/var/folders/fs/jyprtvb12cv490g4bbpmssyh0000gn/T/XcodeDistPipeline.~~~Eh3jHy/Root/Payload/Runner.app/Frameworks/libswiftDarwin.dylib'>
2025-06-24 07:56:40 +0000  [OPTIONAL] Can't have a profile, not a bundle at <DVTFilePath:0x600023424af0:'/var/folders/fs/jyprtvb12cv490g4bbpmssyh0000gn/T/XcodeDistPipeline.~~~Eh3jHy/Root/Payload/Runner.app/Frameworks/libswiftDarwin.dylib'>
2025-06-24 07:56:40 +0000  IDEDistributionItem init <DVTFilePath:0x60001723c980:'/var/folders/fs/jyprtvb12cv490g4bbpmssyh0000gn/T/XcodeDistPipeline.~~~Eh3jHy/Root/Payload/Runner.app/Frameworks/path_provider_foundation.framework'>
2025-06-24 07:56:40 +0000  IDEDistributionItem init <DVTFilePath:0x600023421a40:'/var/folders/fs/jyprtvb12cv490g4bbpmssyh0000gn/T/XcodeDistPipeline.~~~Eh3jHy/Root/Payload/Runner.app/Frameworks/Flutter.framework'>
2025-06-24 07:56:40 +0000  IDEDistributionItem init <DVTFilePath:0x600023425ce0:'/var/folders/fs/jyprtvb12cv490g4bbpmssyh0000gn/T/XcodeDistPipeline.~~~Eh3jHy/Root/Payload/Runner.app/Frameworks/libswiftCoreMedia.dylib'>
2025-06-24 07:56:40 +0000  [OPTIONAL] Can't have a profile, not a bundle at <DVTFilePath:0x600023425ce0:'/var/folders/fs/jyprtvb12cv490g4bbpmssyh0000gn/T/XcodeDistPipeline.~~~Eh3jHy/Root/Payload/Runner.app/Frameworks/libswiftCoreMedia.dylib'>
2025-06-24 07:56:40 +0000  IDEDistributionItem init <DVTFilePath:0x60002342a840:'/var/folders/fs/jyprtvb12cv490g4bbpmssyh0000gn/T/XcodeDistPipeline.~~~Eh3jHy/Root/Payload/Runner.app/Frameworks/libswiftCoreLocation.dylib'>
2025-06-24 07:56:40 +0000  [OPTIONAL] Can't have a profile, not a bundle at <DVTFilePath:0x60002342a840:'/var/folders/fs/jyprtvb12cv490g4bbpmssyh0000gn/T/XcodeDistPipeline.~~~Eh3jHy/Root/Payload/Runner.app/Frameworks/libswiftCoreLocation.dylib'>
2025-06-24 07:56:40 +0000  IDEDistributionItem init <DVTFilePath:0x60002342a3e0:'/var/folders/fs/jyprtvb12cv490g4bbpmssyh0000gn/T/XcodeDistPipeline.~~~Eh3jHy/Root/Payload/Runner.app/Frameworks/SwiftyGif.framework'>
2025-06-24 07:56:40 +0000  IDEDistributionItem init <DVTFilePath:0x6000070c6280:'/var/folders/fs/jyprtvb12cv490g4bbpmssyh0000gn/T/XcodeDistPipeline.~~~Eh3jHy/Root/Payload/Runner.app/Frameworks/DKImagePickerController.framework'>
2025-06-24 07:56:40 +0000  IDEDistributionItem init <DVTFilePath:0x6000438bd500:'/var/folders/fs/jyprtvb12cv490g4bbpmssyh0000gn/T/XcodeDistPipeline.~~~Eh3jHy/Root/Payload/Runner.app/Frameworks/App.framework'>
2025-06-24 07:56:41 +0000  IDEDistributionItem init <DVTFilePath:0x60002342a8b0:'/var/folders/fs/jyprtvb12cv490g4bbpmssyh0000gn/T/XcodeDistPipeline.~~~Eh3jHy/Root/Payload/Runner.app/Frameworks/libswiftQuartzCore.dylib'>
2025-06-24 07:56:41 +0000  [OPTIONAL] Can't have a profile, not a bundle at <DVTFilePath:0x60002342a8b0:'/var/folders/fs/jyprtvb12cv490g4bbpmssyh0000gn/T/XcodeDistPipeline.~~~Eh3jHy/Root/Payload/Runner.app/Frameworks/libswiftQuartzCore.dylib'>
2025-06-24 07:56:41 +0000  IDEDistributionItem init <DVTFilePath:0x600023425d50:'/var/folders/fs/jyprtvb12cv490g4bbpmssyh0000gn/T/XcodeDistPipeline.~~~Eh3jHy/Root/Payload/Runner.app/Frameworks/libswiftMetal.dylib'>
2025-06-24 07:56:41 +0000  [OPTIONAL] Can't have a profile, not a bundle at <DVTFilePath:0x600023425d50:'/var/folders/fs/jyprtvb12cv490g4bbpmssyh0000gn/T/XcodeDistPipeline.~~~Eh3jHy/Root/Payload/Runner.app/Frameworks/libswiftMetal.dylib'>
2025-06-24 07:56:41 +0000  IDEDistributionItem init <DVTFilePath:0x6000172c8b00:'/var/folders/fs/jyprtvb12cv490g4bbpmssyh0000gn/T/XcodeDistPipeline.~~~Eh3jHy/Root/Payload/Runner.app/Frameworks/flutter_local_notifications.framework'>
2025-06-24 07:56:41 +0000  IDEDistributionItem init <DVTFilePath:0x6000438809c0:'/var/folders/fs/jyprtvb12cv490g4bbpmssyh0000gn/T/XcodeDistPipeline.~~~Eh3jHy/Root/Payload/Runner.app'>
2025-06-24 07:56:41 +0000  Processing step: IDEDistributionCreateManifestStep
